貼文與串文編號,文字內容
貼文1_第1串,"為什麼固收交易員比經濟學家更快察覺市場變化？
我之前還在投行的時候，
碰上過一位頂著數學 PhD 光環的主管
他對數字的敏感度驚人、反應又快￼
套一句他講過的話：「市場的 Credit Spread 變化，
就像地震前的前兆，不是每個人都聽得見。」
這位前輩很快得到了老闆的青睞，
因為他建模的數學模型對固定收益市場的解讀相當精準
每次市場有風吹草動，他都能提前做好對沖
讓整個 Desk 的 PnL 穩如泰山
當時市場正在傳央行準備調整短期利率
而我們 Desk 正在處理一筆巨額 Duration Swap
大部分研究員都在關注短端利率
而這位前輩卻敏銳地發現
Swap Spread 和 Credit Spread 的擴大現象
早已悄悄出現，果然經驗是交易出來的
我當時問他一個蠢問題：「你為什麼要花這麼多時間看 Swap Spread？不是說yield curve短端利率還沒動嗎？」
他只丟下一句話：「債券市場永遠比經濟學家快一步。」
（續
/"
貼文1_第2串,"於是，他決定提早進行對沖操作
利用 IRS來對沖短端風險
再針對長端利率曲線的變化進行再佈局
這個動作看似保守
但幫整個 Desk 撐過了那次利率倒掛期間的市場震盪
那筆單子下來，他們 Desk 的 PnL 基本沒受損
反而在短端利率持續上行時
賺了一大筆 Carry Trade 的利差收益
幾個月後，這位前輩帶我去喝酒
他說：「你知道嗎？市場上的hedge fund
最怕的不是長端利率波動，而是短端利率突然反轉。」
短端利率為什麼那麼可怕？
因為短端利率直接影響流動性溢價
長端利率還有時間調整
但短端是市場資金鏈條的最後一道防線…
我那時遲鈍的腦門直接被掰開⋯⋯
我根本沒想過這些東西…
很多人以為宏觀經濟學家對市場走勢的預測最準
但實際上，真正站在交易前線的人
往往是那些盯著Swap Spread、和 Repo Rate 的固收交易員
而不是去看yield curve說故事的經濟學家
其實從他們判斷宏觀環境是用forward 、swap還是yield curve
一聽大概就能知道他的水平在哪裡
（續
/
View 2 more"
貼文1_第3串,"最近的一些看法
因為最近身體因素比較少發文
剛好這陣子在休養
偶爾回個私訊跟陌生人哈拉了幾句
結果發現一個很有趣的問題
想說拿出來跟大家閒聊一下～
1）
很多人做海外債券配置
邏輯其實很簡單：
就是借利息低的錢去買利息稍微高一點的外國國債
想說穩穩賺那個利息差價
畢竟是國家發行的債券嘛
總不可能像路邊阿貓阿狗的公司一樣隨便倒閉吧～
但大家可以仔細思考一下：
市場憑什麼白白給你這筆額外的利息
這真的是天上掉下來的免費午餐嗎？
還是市場其實早就幫未來的災難標好價格了？
提示：壓路機前面撿十塊錢
平常撿得很開心
但只要被輾過一次就什麼都沒了
2）
聰明如你，可能會想:
那我不要只買單一國家的國債不就好了
我分散買好幾個國家的債券
這樣總安全了吧～
東邊不亮西邊亮嘛！
那你不妨想像一下
當全球性的金融危機爆發時
全世界的大金主跟大投資機構都會同時面臨缺錢的窘境
這時候大家的第一反應是什麼？
會不會不計代價的把手上所有能換錢的資產全部倒出來變現？
Ps.各位如果有印象
當年歐洲發生債務危機的時候
一堆當地的銀行跑去借了超便宜的短期資金
（續
/"
貼文1_第4串,"然後大舉買進當時大家覺得絕對安全的歐洲邊陲國家長天期主權債券
像是希臘義大利這些
他們打的算盤有兩個
第一是賭經濟會越來越好
想無本套取這些國家跟好國家公債之間的巨大利差
第二是當時的法規認定這些主權債券風險是零
銀行就可以無限開大槓桿
完全不用留準備金~
大家都堅信國家絕對不會倒
就算出事背後的大咖央行也一定會出來擦屁股
這就導致很多投資者認為
既然是國債
只要死抱到期把本金拿回來不就好了?!
但現實是
後來希臘被爆出做假帳隱藏龐大債務
這些國家的國債殖利率瞬間飆上天
債券價格直接崩盤
雖然當時國家確實還沒宣佈違約
但銀行的帳面上已經出現了幾百億的虧損
清償能力直接拉警報
這立刻引發了流動性踩踏
原本借錢給歐洲的大金主一覺得不對勁
立刻切斷了短期融資
銀行根本借不到新錢來還舊債
你以為可以抱到債券到期
但你根本熬不到那一天
為了應付急用錢
這些銀行被迫在市場上賤價跳樓大拍賣
結果引發更嚴重的踩踏效應
當時危機一爆發
資金全躲進最安全的德國公債避險
導致好國家的公債大漲
結果這些想穩賺利差的銀行
手上的邊陲國債暴跌
要借錢的成本又瘋狂飆漲
直接被兩頭雙殺
（續
/
View 3 more"
貼文1_第5串,"（近期的避險成本）
大家看現在股市天天創歷史新高，市場上每個人的預期都在單向上修，所以目前的IV已經跌到歷史極低的水位，先不論你是否認為AI 可以拯救全宇宙，但按照賠率來說，因為 VIX 很低，代表現在去買Puts很便宜
舉個例子好了～你現在大概只要花不到 20 塊美金的成本，就能買到標普 500 大跌時價值 80 塊的下行保護
那你說這樣跟看多AI持股是否矛盾？
不矛盾，不管是看美國長天期公債、資本支出結構，就資金層面來說市場都在走鋼索，
那你說AI是否泡沫？我常說股市要跟應用分開看，應用歸應用、股市歸股市，況且股市參雜複雜的人性結構，實在不可不慎～
一件事情可以同時容下兩種看法，不然投資就沒辦法做了，因為觀點會到處打架"
貼文2_第1串,"在分享這篇文章的核心概念前，我想先揭一下自己的短…
我以前在人際關係上，一直有一個很要命的壞習慣：只要遇到覺得「這人不錯、值得交心」的對象，我就會忍不住把自己的底牌跟秘密全盤托出，話匣子一開就滔滔不絕（當時詐騙如果像現在一樣猖獗，我上當的機會很大XD)
我總以為自己滿機警的，一開始的確會先丟出幾個問題去試探對方
但只要對方通過了那些初步的測試，讓我覺得「嗯，這人有一點可信度了」，我就會不自覺地直接 All in，我會把所有的信任籌碼一次押上，毫無保留
結果可想而知，我當然狠狠跌過幾次跤，也吃了不小的悶虧，在那段期間，我常常感到挫折，總覺得不管自己怎麼真誠待人，最後好像都會是吃虧、受傷的那一方
我很認同Vincent 把信任當成部位管理來看，反觀很多受過傷的人（如同我），是將信任當成yes or no
回想起來，我們常感嘆「曾經傷自己最深的人，往往是身邊最親密的人」，以前覺得這是人性的悲哀，但現在用「部位」的角度來看，其實完全符合邏輯…因為你給了他們最大的信任部位，他們自然擁有了能對你造成最大損害的影響力
(續
/
vincentyucw
05/06/26
信任的部位學《上》：信任不是非黑即白的判斷題
​
多數人在處理信任問題時，問的都是同一個問題：這個人可不可信？
​
這個問題很古老。從面相、識人術、到 FBI 教的微表情判讀，每一代都有自己的工具。大家都想從某個眼神、某句話、某個細節裡，看出對方到底是什麼人。
​
這種努力不能說沒用。但它把信任過度簡化成一道是非題：可信，或不可信。
​
我後來發現，真正讓人付出高代價的信任錯誤，通常不是你完全看錯一個人。更常見的情況是，你讓這個人、這家公司、這段關係，或這個機會，影響了太多你的資源：錢、時間、名聲、情感、職涯選擇、機會成本。你交出去的越多，信任部位就越大。
​
我投資生涯裡最糟糕的一次決策，就發生在我對一個產業最有信心的時候。
​
在職涯前期，我花了很多時間研究中國教育產業，包括課後教育、職業教育、外語教育。我做了扎實的primary research，像是實地調查、訪談、建立產業人脈。這些功課曾讓我在幾檔教育股上替公司賺到錢，也讓我開始相信，自己越來越看懂這個產業的邏輯和關鍵成功因子。
​
後來，有一家做一對一線下教育的公司準備到美國 IPO。透過券商介紹，我跟這家公司的管理層越來越熟。我們會交換對產業趨勢的看法，討論公司策略，也會聊一些營運數字該怎麼解讀，對方也非常願意聽我的建議。那種「我雖然是外部投資人，但已經非常接近內部視角」的感覺，讓我覺得自己擁有極大的資訊優勢。
​
所以IPO 時，我推薦基金經理人下了大注。
​
IPO 後，這家公司連續兩季交出不錯的成績單。這也在我的預期之中。因為教育業的費用預收模式，業績可見度通常至少有三到六個月。但很快，競爭開始反映在營運指標上，財務數據也跟著下滑，尤其是在現金收入上。
​
事後回頭看，一對一線下教育的競爭結構，遠比我當時想像得脆弱：差異化有限、營運槓桿低，價格戰一來就很難防守。這些問題我本來應該更早看出來，但當時我沒有。
​
我被之前在教育股上的成功困住了。我把過去幾次做對的經驗，拿來替這一次背書。更糟的是管理層的真誠讓我降低了懷疑。
​
有時候這才是最麻煩的地方。騙子講的故事通常有破綻，真心相信自己故事的人，講起來反而更有感染力。當你也很想相信那個故事時，它聽起來就不再只是願景，而像是已經被驗證過的事實。
​
後來我一直想，這到底算我看錯人，還是研究做得不夠？
​
但那家公司的管理層談不上誠信有問題。他們努力、投入，也真的在做自己相信的事情。我的研究深度，以當時市場標準來看也應該算是前段班。真正的錯，應該是出在部位。
​
而那次損失不只是資金損失。我推薦基金經理人買進時，押上去的不只是錢，還有我的判斷、產業理解、以及公司內部對我的信任。基金虧損是可以慢慢補回來的，但押在我身上的信任，要重建就困難得多。
​
我後來花了幾年，才比較清楚地看懂這件事。
​
這其實不是一個單純看錯人，或研究不夠充分的故事。那是我把一個本來只值得中低部位測試的標的，誤判成可以重倉下注的機會。從我認識這家公司管理層到 IPO 推薦下大注，前後不過幾個月。我用一段太短、樣本太少的關係，替一個需要長期觀察才能驗證的部位決策做了背書。
​
▉ 識人術解不了部位問題
​
如果你去書店翻翻，關於如何判斷一個人可不可信的書，至少有幾十本。我第一份工作的避險基金，甚至花了幾萬美金，請前 FBI 專家來幫我們上一整天 workshop。目的只有一個：讓我們在跟管理層互動時，能從蛛絲馬跡中取得資訊優勢。那是一堂非常有趣的課。
​
最精緻的識人術，其實已經不再天真地假設「人格是穩定不變的東西」。它承認人在不同情境、不同壓力、不同誘因下，會展現出不同面貌。但即使到了這個層次，我們努力追問的還是同一組問題：他是什麼樣的人、他在什麼情境下會怎麼反應、他的訊號透露了什麼。
​
而真正的盲點就在這裡。
​
將焦點全都放在對方身上，本身就是一個偏誤。你拚命想多了解一個只能間接觀察的人，卻忘了自己這一側有很多結構可以設計。
​
一個人可不可信，並不單純來自他身上的某種穩定屬性。同一個人在不同壓力、誘惑和處境裡，可能會表現出完全不同的樣子。你看到的那個誠懇體面的朋友，也可能在特定財務壓力下，做出你認不得的事。更麻煩的是，就算你對一個人的判斷八成是對的，你仍然可能在合作裡虧掉一大筆錢。
​
我當年投資那家教育公司，就是這個道理的活教材。管理層是真誠的，團隊是努力的，公司也確實在運作。我對人的判斷沒有出現重大錯誤，但這些判斷仍然沒能幫我避開損失。
​
原因很簡單：問題不只在他們是什麼樣的人，也在我願意把多少資源押在他們身上。換句話說，這不該是一個零與一的決策（完全不信任 vs. 完全信任）。
​
看人再準，也不會自動告訴你該押多少資源。這就是識人術解不了的部位問題。
​
▉ 信任其實是一個部位決策
​
做投資的人都知道，一個決策的結果，不只取決於標的本身有多好，也取決於你押了多少。同一檔股票，佔你總資產的 2%，和佔你總資產的 50%，是完全不同的兩個東西。再好的標的放在錯誤的部位上，都可能變成災難。
​
這個道理也完全可以應用在信任問題上：信任不是一個判斷題，信任是一個部位決策。
​
而且這裡說的信任，不只是相信某個人會不會騙你。更廣一點看，信任是你願意讓一個人、一家公司、一段關係、一個機會，影響你多少資源。
​
所以真正要問的問題是「在這件事上、這個時間尺度內，我願意把多少資源投入進去？」。當你把問題從「是否信任」，轉成「信任到什麼程度」，整個決策結構就變了。
​
想通這一層，就能解釋很多第一眼看起來不合理的事。
​
有些人看起來對誰都有戒心，事業卻越做越大。原因可能不是他們真的不信任人，而是他們很懂得控制初始部位。他們可以跟很多人合作，但一開始都放很小。小案子、小金額、短週期。對方做得好，再慢慢加碼。信任對他們來說是一個可以調整的刻度。
​
相反地，親人之間的借貸最容易出事，正是因為大家很容易跳過部位管理。「他是我的家人，怎麼能不借！」，只要這句話一出現，信任就已經被推進一個很難拒絕的道德劇本。
​
把信任看成部位決策，是比較成熟的做法。它允許你同時相信一個人，也保護自己。這兩件事不矛盾，只是大多數人沒學會怎麼同時做到。
​
▉ 兩種錯誤的拉扯
​
把信任理解成部位決策後，下一個問題就來了：我們的部位要設多大？門檻該設多高？
​
這件事沒有標準答案。每個人的處境、資源、年紀、責任都不一樣。但 type 1 和 type 2 error 的概念，確實可以拿來幫助思考。
​
每一個信任決策，其實都卡在兩種錯誤之間。第一種錯誤是「信錯了」。你相信了一個不該相信的人，部位也放太大，最後受到傷害。第二種錯誤是「錯過了」。你過度謹慎，把一個本來可以合作的人、一個本來可以抓住的機會，擋在門外。
​
這兩種錯誤的代價方向相反，而且不可能同時最小化。你把門檻拉高，第一種錯誤會減少，但第二種錯誤會增加。任何人在任何時點，都只能選擇自己要在哪種錯誤上冒更大的風險。
​
多數人在這個取捨上都會失衡，而且失衡方向往往來自過往經驗。被傷害過的人，容易把門檻拉得太高；在機會裡嚐過甜頭的人，容易把門檻放得太低。
​
第一種錯誤的痛比較具體，可以寫成故事講給別人聽。第二種錯誤的痛比較抽象，通常只存在於「如果當初」的平行宇宙裡。
​
一個人可能以為自己很理性地防範風險，但其實只是在單邊優化一種錯誤，同時對另一種錯誤視而不見。他擋掉了幾次可能被騙的機會，也擋掉了許多本來值得低成本試探的真機會。
​
這也是為什麼有些人在逐漸累積資源後，會變得越來越封閉。他們會告訴你這是成熟與不再天真的象徵。但用部位的概念看，其中一部分其實只是未被明說的損失厭惡效應，被重新包裝成了人生智慧。
​
當然，我們也要承認部位思維本身偏防守。
​
某些合作關係，確實需要你先給出較高的初始信任，再靠關係累積反過來解決資訊不對稱。如果把每個合作都切成小部位，機械式地分割試探，你會進不去某些合作網路。人不是實驗室裡的樣本，關係也不是每次都能被拆成標準化測試。
​
所以這套框架不是要你把所有信任都切碎。它主要處理的是另一種問題：部位錯配造成的毀滅性錯誤。這類錯誤一次就足以結束遊戲，所以它值得你用更多「錯過」去換。
​
▉ 三個該動的變量
​
如果信任是一個部位決策，那我們至少要分清楚「可以試試看」和「可以押很大」不是同一件事。
​
很多信任錯配正是發生在這裡。對方在小事上表現不錯，你就把重要資源交出去。一次合作順利，就開始替對方的人格、能力和長期可靠性背書。這樣就跳太快了。
​
所以信任的門檻不能只設一個。它比較像一組旋鈕：什麼人可以進來試？什麼事可以開始做？什麼情況下才值得加碼？
​
在這個前提下，我自己會看三個變量。
​
第一個是「機會密度」。
​
如果你在一個機會很多的圈子，產業正在上升，人脈開始滾出新的可能，初始試探門檻可以不用太高。因為你有足夠多的樣本可以觀察，也承受得起一些小失誤。但這時加碼門檻反而要更高。因為既然好機會不少，你就不需要急著把資源押在第一個看起來不錯的人身上。
​
反過來如果你在一個機會稀缺的環境，產業成熟、圈子固化、好案子一年看不到幾個，試探門檻可能要放低一點。不然你會長期空手。可是與此同時因為選項少，錯一次的傷害可能更重，加碼門檻不能一起放低。
​
這裡最容易出現一個陷阱：你以為的機會密度，常常被過去的成功扭曲。
​
我當年在教育股上吃到的虧，就來自這個偏誤。我已經在那個產業賺過錢，於是開始相信：「這個產業的好機會很多，而且我比別人更懂這個遊戲」。
​
所以當那家一對一公司的 IPO 機會出現時，我對它所處的機會密度，自動給了更高評價。但事實上，教育產業不是一個均質的東西，不同子領域的競爭結構差異很大。其實我已經進入一個機會密度不同的新環境，只是當時沒有意識到。
​
第二個變量是「可回復性」。
​
如果這次信任錯了，你能不能活下來再試一次？年齡是一個粗略proxy，但不是唯一變量。財務安全墊、家庭責任、職涯位置、健康狀況，都會影響一個人的可回復性。同樣是 30 歲，一個沒有家累的單身工程師和一個剛買房的新手父親，在尾部風險容忍度上是完全不同的兩種人。
​
但很多人在人生配置上剛好是反的。年輕時很怕受傷，門檻設得很高，浪費了最有本錢試錯的年紀。中年後開始焦慮錯過，門檻反而放低，在最該保全的時候，放棄了紀律。這種前半場不敢試、後半場亂加碼的情形，很容易兩頭都輸。
​
第三個變量是「可分割性」。
​
這是三個變量裡最容易被忽略的一個，也是我們最有主動權控制的一個。比較高明的做法，不是在「信」和「不信」之間做選擇，而是把信任切成很多個小部位去試探。就像管理投資組合一樣，第一次合作先給小案子、小金額、短週期。表現好了再加碼，一路累積到可以交付重要的事情。
​
一旦信任可以被分割，初始門檻就可以低一點。因為你不是把自己整個資源交出去，只是在用小部位收集資訊。
​
但這裡有兩個常被忽略的問題。
​
第一個是時間維度。很多人在分割上其實做得不錯：案子切小、金額切小，但週期切太短。三個月的順利合作，不等於對方在壓力下會做出同樣選擇。可分割性需要的不只是把部位切小，還需要足夠長的觀察週期，特別是對方真的承受過壓力的週期。
​
第二個是訊號獨立性。不是所有小成功都有同樣的資訊量——有些小成功是真正的驗證，有些只是對方主動端給你的展示。前者可以累積信任，後者不能直接拿來加碼（這個問題會在後面兩篇處理）。
​
▉ 第一層成熟：把試探和加碼分開
​
把機會密度、可回復性、可分割性放在一起看，我現在對信任的理解，大概是這樣：
​
成熟的信任，不是永遠懷疑，也不是永遠開放，而是知道什麼時候可以試、什麼時候不能加碼；什麼時候可以多給一點空間，什麼時候該把手收回來。
​
門檻和部位必須一起調。門檻低，只能配小部位。門檻高，才配得起大部位。輕易相信又重倉押注，幾乎保證早晚出大事。
​
更精準地說，是要能把「試探」和「加碼」分開管理。可以先讓一個人進來做小事，不代表可以立刻把關鍵資源交給他。可以低成本合作一次，不代表你已經完成長期信任的驗證。可以欣賞一個人，不代表你要替他的所有決策背書。
​
但這套部位語言，還只能算第一層。因為剛才講的三個變量，看起來像是你手上的工具，實際上也都受你的過去經驗影響。
​
你怎麼估計眼前這個場域的機會密度？靠你過去看過的場域。你怎麼判斷可回復性？靠你過去吃過的虧。你怎麼設計可分割的試驗？靠你過去學過哪些試驗有用，哪些只是演戲。
​
也就是說，你用來評估信任的這組變量，本身就是過去信任經驗累積出來的成果。你在用信任去評估信任。
​
下一篇要處理的，就是這套工具會在哪些地方失靈，以及你能怎麼應對。"
貼文2_第2串,"這也讓我聯想到，觀察一些龐大的家族企業，你會發現掌門人爸爸跟底下的幾個小孩之間，關係似乎都沒有到「非常親密」，總是保持著一種微妙的距離與平衡
這或許不是因為親情淡薄，經過交談才發現是一種刻意為之的分散風險效應，不把所有的資源與信任單押在一個人身上，關係才不至於因為一次失誤而全盤崩潰
Btw這是一篇含金量極高的好文章，把複雜的人性與風險管理結合得非常透徹，強烈推薦給各位，尤其是那些跟我一樣，曾經在信任裡跌過跤，但依然願意真誠待人的朋友們
/"
貼文3_第1串,"近期牛市出現很多IPO，這讓我想到2000年科技泡沫的現象，不管各位是專注基本面還是技術面或是其他分析方法，股價漲跌的核心本質，其實就是供需之間的博弈～
當市場需求旺盛的時候，股票的供給也會上升，只要市場願意買單，公司透過IPO、增發新股或是發行可轉換公司債來募集資金，供應上漲幾乎是沒有上限的
回顧2000年那時候，只要A公司挾帶熱門題材上市，釋出少少的股權就能募到天價資金，創辦人身價瞬間暴漲，這種財富效應一出來，B公司、C公司就算只有一份漂亮的營運計畫書，也會前仆後繼地排隊上市
甚至，連那些老牌大企業為了不落人後，也會開始印自己的股票，去溢價併購這些熱門的初創公司
這本質就是不斷在向市場倒出新的籌碼，結果就是公司的實質獲利總額沒有改變，但流通在外的股數卻大幅膨脹，造成了嚴重的價值稀釋
很多人把當時的暴跌歸咎於公司沒有實際營收+都在畫大餅，但其實現在也有很多公司是靠著未來的敘事空間在漲，那為什麼2000年會造成泡沫？現在卻不會？
（續
/"
貼文3_第2串,"歸根究底還是供需之間失衡造成的，基本面或是公司產業，影響的是市場對於股票的需求，但供應端大量擴張，也未必是好事，所以你說公司基本面以及產業前景看好，股價就一定會長期無限的漲下去嗎？那你可能低估了供應端造成的影響…甚至是低估人性的貪婪
當然啦，這完全不是要唱衰現在的股市，別扭曲我的意思～畢竟目前的需求端猛的很，不過各位倒是可以留意這個平衡現象什麼時候會打破
/"
貼文4_第1串,"早期台灣 PTT 上幾位神級人物以及近幾年的新生代交易人，他們願意把自己的交易邏輯寫成書出版，我讀完心裡只有一個震撼：「難怪他們會成功！！」而且我是打從心裡相信他們可以一直用自己的方法持續盈利下去
結過我跑去看看網路書評，有人在下面留一顆星說什麼「內容太水」、「很空泛」、「有講跟沒講一樣」、「沒有給出明確的進出場訊號」～
這讓我想到…你眼裡的無價之寶，在看不懂的人眼裡跟垃圾沒兩樣
其實，很多人進市場，腦袋裡裝的都是想要尋找一個「聖杯」…
他們翻開這些大神的書，眼睛死死盯著想要找「KD 黃金交叉參數要設定多少」、「均線要看幾日線」、「有沒有什麼內線籌碼的獨家看盤秘訣」或是什麼「追高殺低秘訣」
結果發現書裡根本沒教這些花拳繡腿，反而通篇在跟你探討部位控管、市場微結構，還有最重要的四個字「理解規則」（這四個字，真的是所有能在市場上長期活下來、甚至大賺特賺的高手，絕對會提到的共通語言，不管是老一輩、新生代，他們都會提到這四個字）
什麼叫理解規則？然後什麼又叫做規則漏洞？
（續
/"
貼文4_第2串,"不管是 ETF 的被動買盤調整、選擇權結算日的造市商避險機制、還是除權息的稅務套利，這都是市場制度下必然會產生的無效率，在資本市場裡，無效率就幾乎等於alpha
大神們靠著抓出這些規則漏洞，用極低的風險去薅市場的羊毛，只要你掌握這四個字，剩下就是靠自己去翻法規，靠自己去理解，靠自己去實戰，靠自己去獲利，一切都是要靠自己，但這四個字卻是無價珍寶～
結果他們把這套最核心的「道」寫出來，散戶卻嫌說沒有教「術」，這真的超吃個人領悟力的，只能說機缘未到強求不來啊哈哈
這讓我想到金庸武俠小說裡，那些絕世武功的傳承片段，套用在投資交易市場裡也非常實用
《笑傲江湖》裡，風清揚在思過崖教令狐沖獨孤九劍的時候是怎麼說的？風清揚說，五嶽劍派的那些人死守著劍招，這招打完接下一招，只要被人看穿了套路，死期就到了，獨孤九劍根本沒有固定的招式，它的核心心法就只有三個字：「找破綻」
對手的劍法再精妙，只要是死規則，就一定會有破綻
你只要看穿了那個破綻（規則漏洞），隨便一劍刺過去，
對手就只能乖乖棄劍投降
（續
/
View 1 more"
貼文4_第3串,"我這個人就是烏鴉嘴XD
make_investment_easy
04/21/26
（聊聊AVIS)
最近聽到很多身邊朋友在討論Avis，然後就引發我的興趣，想說無聊就去看一下這間公司的狀況
不看還好一看真的滿驚人的，Avis這檔股票近期的股價出現那種垂直九十度的直線狂飆，直接衝到大概608美元左右，但各位如果仔細去看這家公司，你會發現從財報跟基本面來看，實際上早就處於資不抵債的狀態了～淨值是負的30億美元啊，背後還扛著超巨額的債務
那為什麼漲得跟鬼一樣？？背後有兩大機構在玩大亂鬥的籌碼戰，一邊是SRS Investments握有大概49%的股份，另一邊是Pentwater Capital透過總報酬交換協議還有選擇權，掌握了超過22%的經濟曝險，結構如一潭死水～
這用商業邏輯想一下就可以推敲，Avis的管理層身上揹著信託責任，他們現在絕對必須趁股價在高檔的時候發行新股來拯救公司現金流，而SRS那邊的團隊也有責任要幫他們的投資人獲利了結，所以只要有任何一方先按捺不住開始拋售，或是動作太大引發美國SEC去查市場操縱，這檔股票最後的下場大概會很可怕
（續
/"
貼文4_第4串,"（聊聊AVIS)
最近聽到很多身邊朋友在討論Avis，然後就引發我的興趣，想說無聊就去看一下這間公司的狀況
不看還好一看真的滿驚人的，Avis這檔股票近期的股價出現那種垂直九十度的直線狂飆，直接衝到大概608美元左右，但各位如果仔細去看這家公司，你會發現從財報跟基本面來看，實際上早就處於資不抵債的狀態了～淨值是負的30億美元啊，背後還扛著超巨額的債務
那為什麼漲得跟鬼一樣？？背後有兩大機構在玩大亂鬥的籌碼戰，一邊是SRS Investments握有大概49%的股份，另一邊是Pentwater Capital透過總報酬交換協議還有選擇權，掌握了超過22%的經濟曝險，結構如一潭死水～
這用商業邏輯想一下就可以推敲，Avis的管理層身上揹著信託責任，他們現在絕對必須趁股價在高檔的時候發行新股來拯救公司現金流，而SRS那邊的團隊也有責任要幫他們的投資人獲利了結，所以只要有任何一方先按捺不住開始拋售，或是動作太大引發美國SEC去查市場操縱，這檔股票最後的下場大概會很可怕
（續
/"
貼文4_第5串,"這波比特幣彈得有夠黏，跟擠牙膏一樣
看著盤在那邊慢慢磨真的是挺煎熬的= =
我有什麼「抄底」神技？沒有，就是賽到而已XD
/
make_investment_easy
02/06/26
有時候朋友在問一些很搞笑的問題，就是說我現在買比特幣會不會馬上發動？因為跌這麼深了應該到底了吧？
我這個人平常就是賤賤的，然後喜歡報憂不報喜
所以答案是：有可能機率是不會馬上發動的～
然後，你現在買進去，心裡要有個底，它可能就像死魚一樣趴在那邊半年、一年，甚至兩年，
這期間你會越買越低，看著別人的股票、AI 概念股噴得遠遠的，你會覺得自己很孤單，甚至覺得自己像個傻 B，如果是這樣你還會想買嗎？XD
說了這麼多，如果你曾經抱過那種漲好幾倍的資產標的，你會發現在「方向維度」確定的資產上面，討論何時發動其實是最不值錢的東西
何以？
我們要找那種虛實結合的標的（找不到更好的形容詞，暫且用這個來說明）
「實」是什麼？是落腳點，是確定性，是這東西跌到沒人要的時候，它依然存在的價值底氣
「虛」是什麼？是展望，是想像力，是未來那個能讓你賺大錢的夢想
比特幣現在跌下來，就是在幫你把「實」的地方夯得更實
為什麼？因為價格便宜了，風險釋放了，那些因為恐懼、因為槓桿爆掉的人都滾蛋了
這時候你去買，你是站在強者的邏輯上，因為你是在負面思考最極致的時候進場
可以參考股市，並且粗淺把比特幣的下跌分成三種：殺估值、殺業績（雖然幣圈沒業績，但有鏈上數據的活躍度）、殺邏輯
如果今天比特幣的去中心化邏輯沒死、總量恆定的邏輯沒死，那現在的下跌就只是在殺估值和殺情緒
殺估值是最好的，因為跌下來，導致下跌的因素就解除了
很多人不敢買，是因為他們想預測明天會漲
但不管是誰，我們都很難看清短期，我們賺的是角度和變化的錢，而不是去糾正市場的錢。
市場現在看空比特幣，市場是對的，因為現在情緒就是爛，但你要在市場「正確被反覆證明」之後，去逆向而行
另外，大家可以參考Robert Shiller的觀點，比特幣本質上就是一個超級完美的經濟敘事，它就像病毒一樣，有潛伏期，也有爆發期
你看現在幣圈冷清清，這其實就是敘事的突變與復發間隙，比特幣的故事（關於無政府主義、關於抗通膨、關於中本聰的神祕感）這些故事並沒有消失，只是現在傳播率下降了。
大家現在不談，是因為沒有財富效應這個傳染媒介，但是，這種強大的敘事一旦遇到下一個觸發點（比如減半、比如法幣體系又不穩了），它又會喚醒人們的記憶，重新病毒式爆發。
所以，我們現在買入並持有，其實是在等待下一個敘事病毒的變異和傳播。
至於持有的過程，真的很痛苦。
各位可以參考一些抱過百倍飆股或者是資產大佬的心路歷程，持倉過程最難的是「守」
很多人買了比特幣，漲一點就想跑，跌一點就嚇尿。那是因為你把它當成一個代碼在炒，而不是當成一個資產在擁有
如果你相信它未來是這世界經濟的一張會員證，那你現在承受的波動，其實都只是雜訊（真正的優質資產，持有過程往往是無聊的）
因為懂的人在這種時候，是在享受價格的保護，在低關注度的時候慢慢收集籌碼
所以，別問我會不會馬上發動…如果明天就發動，那輪得到你現在從容的買嗎？你就把這筆錢當作是穿越週期的門票
在別人恐慌、嘲笑比特幣是騙局的時候，你心裡要清楚：我們不是在賭博，我們是在利用市場的情緒，在賠率最好的時候，做時間的朋友
嗯…持倉這條路很孤單，但賺大錢的路，通常都不擁擠，這也是為什麼我最近一直集中在少數幾個資產標的要大家靜下心來，而不是一直Po新的標的區分大家的心，目的就在此"
貼文5_第1串,"有時候朋友在問一些很搞笑的問題，就是說我現在買比特幣會不會馬上發動？因為跌這麼深了應該到底了吧？
我這個人平常就是賤賤的，然後喜歡報憂不報喜
所以答案是：有可能機率是不會馬上發動的～
然後，你現在買進去，心裡要有個底，它可能就像死魚一樣趴在那邊半年、一年，甚至兩年，
這期間你會越買越低，看著別人的股票、AI 概念股噴得遠遠的，你會覺得自己很孤單，甚至覺得自己像個傻 B，如果是這樣你還會想買嗎？XD
說了這麼多，如果你曾經抱過那種漲好幾倍的資產標的，你會發現在「方向維度」確定的資產上面，討論何時發動其實是最不值錢的東西
何以？
我們要找那種虛實結合的標的（找不到更好的形容詞，暫且用這個來說明）
「實」是什麼？是落腳點，是確定性，是這東西跌到沒人要的時候，它依然存在的價值底氣
「虛」是什麼？是展望，是想像力，是未來那個能讓你賺大錢的夢想
比特幣現在跌下來，就是在幫你把「實」的地方夯得更實
為什麼？因為價格便宜了，風險釋放了，那些因為恐懼、因為槓桿爆掉的人都滾蛋了
這時候你去買，你是站在強者的邏輯上，因為你是在負面思考最極致的時候進場
可以參考股市，並且粗淺把比特幣的下跌分成三種：殺估值、殺業績（雖然幣圈沒業績，但有鏈上數據的活躍度）、殺邏輯
如果今天比特幣的去中心化邏輯沒死、總量恆定的邏輯沒死，那現在的下跌就只是在殺估值和殺情緒
殺估值是最好的，因為跌下來，導致下跌的因素就解除了
很多人不敢買，是因為他們想預測明天會漲
但不管是誰，我們都很難看清短期，我們賺的是角度和變化的錢，而不是去糾正市場的錢。
市場現在看空比特幣，市場是對的，因為現在情緒就是爛，但你要在市場「正確被反覆證明」之後，去逆向而行
另外，大家可以參考Robert Shiller的觀點，比特幣本質上就是一個超級完美的經濟敘事，它就像病毒一樣，有潛伏期，也有爆發期
你看現在幣圈冷清清，這其實就是敘事的突變與復發間隙，比特幣的故事（關於無政府主義、關於抗通膨、關於中本聰的神祕感）這些故事並沒有消失，只是現在傳播率下降了。
大家現在不談，是因為沒有財富效應這個傳染媒介，但是，這種強大的敘事一旦遇到下一個觸發點（比如減半、比如法幣體系又不穩了），它又會喚醒人們的記憶，重新病毒式爆發。
所以，我們現在買入並持有，其實是在等待下一個敘事病毒的變異和傳播。
至於持有的過程，真的很痛苦。
各位可以參考一些抱過百倍飆股或者是資產大佬的心路歷程，持倉過程最難的是「守」
很多人買了比特幣，漲一點就想跑，跌一點就嚇尿。那是因為你把它當成一個代碼在炒，而不是當成一個資產在擁有
如果你相信它未來是這世界經濟的一張會員證，那你現在承受的波動，其實都只是雜訊（真正的優質資產，持有過程往往是無聊的）
因為懂的人在這種時候，是在享受價格的保護，在低關注度的時候慢慢收集籌碼
所以，別問我會不會馬上發動…如果明天就發動，那輪得到你現在從容的買嗎？你就把這筆錢當作是穿越週期的門票
在別人恐慌、嘲笑比特幣是騙局的時候，你心裡要清楚：我們不是在賭博，我們是在利用市場的情緒，在賠率最好的時候，做時間的朋友
嗯…持倉這條路很孤單，但賺大錢的路，通常都不擁擠，這也是為什麼我最近一直集中在少數幾個資產標的要大家靜下心來，而不是一直Po新的標的區分大家的心，目的就在此"
貼文6_第1串,"現在問我可不可以買比特幣…我還是一樣答案
/
make_investment_easy
02/18/26
今年過年面對親戚的靈魂拷問，我這次做了一點調整，不報什麼定存股安全牌了，直接跟他們說：「聽我的，房子車子拿去典當，All in 比特幣就對了！幹！」
嚇得他們在那邊問說現在不是看空嗎？阿那個量子電腦出來不是會歸零？
我就回一句：「管那麼多，買就對了！」(儘管我親戚還有人認為比特幣是詐騙…XD)
開玩笑歸開玩笑（拜託別真的去賣房，投資有風險，傾家蕩產別來找我捏），
但我看多還是有我的 Fundamental 在啦
投資就是這樣，買在無人問津處，賣在人聲鼎沸時
對於長遠看多的東西，浮動籌碼出場不是更應該樂觀嗎，短期噪音太大我們又沒辦法把握，您說是吧XD"
貼文7_第1串,"今年過年面對親戚的靈魂拷問，我這次做了一點調整，不報什麼定存股安全牌了，直接跟他們說：「聽我的，房子車子拿去典當，All in 比特幣就對了！幹！」
嚇得他們在那邊問說現在不是看空嗎？阿那個量子電腦出來不是會歸零？
我就回一句：「管那麼多，買就對了！」(儘管我親戚還有人認為比特幣是詐騙…XD)
開玩笑歸開玩笑（拜託別真的去賣房，投資有風險，傾家蕩產別來找我捏），
但我看多還是有我的 Fundamental 在啦
投資就是這樣，買在無人問津處，賣在人聲鼎沸時
對於長遠看多的東西，浮動籌碼出場不是更應該樂觀嗎，短期噪音太大我們又沒辦法把握，您說是吧XD"
貼文8_第1串,"最近一直在跟一些身邊的朋友或網友溝通觀念，聊著聊著我發現我講到最多、也最核心的一個觀念就是時間的弔詭性
當你如果在心態上，決定用十年以上的長期主義去看待一件事情的時候，你會發現，你最後嚐到成功果實的時間，可能會比你想的還要早非常多，可能一兩年就大爆發了
但反過來說，如果你是用那種極度短視近利的短期主義去看待一件事情，比方說你只想快速速成、馬上看到成效，你會發現過了十年，你還在原地踏步，甚至還倒退嚕
這個看似矛盾但卻無比真實的底層邏輯，其實你完全可以無縫應用在金融市場的投資，或者是你去學習一項新技能，甚至任何需要時間去澆灌的專業領域上面～
我先用大家最熟悉的投資來做說明好了
假設你今天拿一筆錢去投了一間公司，你一開始的心態就是想蹭個熱點、看風口在哪就往哪裡衝，你滿腦子只想要等下一個傻瓜來接棒，純粹就是想去賺那個價格動能延續的短線走勢
當然啦，這不是不行，但這種動能交易極度考驗你的進出場點位，還有考驗你怎麼去判斷市場籌碼是不是已經消化完漲勢，只要你手腳慢一點或是看錯一個訊號，馬上就是套牢，所以它的容錯空間非常小，需要極高的盤感跟交易技能
（續
/"
貼文8_第2串,"可是如果今天換個思維，有些人他買進一間公司，他本身就是打算把這間公司從頭抱到尾，因為他花了大把時間研究，他是打從心底相信這家公司的管理層格局，相信它在行業裡是有著難以跨越的競爭優勢與寬廣護城河的
那麼你會發現一件在股市裡很常見卻很有趣的現象！
就是他明明是用很長期的眼光在看待這筆投資，甚至做好抱個五到十年的準備，但是中間只要遇到一次市場的資金輪動或是財報爆發，你會發現短期內股價就會瘋狂反應出來，甚至才短短一兩年，就提早到達你原先設定的十年合理價或是目標市值了
這就是長期主義帶來的超額驚喜，因為市場終究會提前反映未來的價值，當你眼光放遠，你根本不用每天盯盤在那邊提心吊膽，結果反而賺得最快最飽XD
同樣的概念，我們拿學習一項運動技能來舉例也是完全說得通
不管學什麼技能都需要扎實的基本功，就像我平常在打高爾夫球為例子好了，高爾夫絕對不是你拿著桿子用蠻力去瞎揮就會飛得遠的運動
它極度要求你的身體素質跟非常細膩的發力機制，比方說你的核心肌群穩不穩定、你的胸椎活動度夠不夠開、骨盆髖關節的旋轉啟動順不順暢，還有最重要的上下半身分離能力，也就是所謂的動力鍊傳導
（續
/
View 2 more"
貼文8_第3串,"（台灣錢淹腳目2.0？）
最近遇到一個20多歲的年輕老兄，這陣子台股大多頭行情他有吃到一波，賺了點錢就跑來跟我說他打算把資金抽出來去買房
聽到的當下我問他做出這個決定背後的考量跟底層邏輯是什麼
他的想法很直觀，覺得房子除了可以自住之外，他看上的地段位置也挺不錯的，放著未來大概率還會漲價賺一波
但我沒有幫他做決定，畢竟錢是他的，我只是稍微引導他自己去思考～
我跟他說，你仔細算一下資金的機會成本跟效率，現在的房市如果要像以前那樣，短短三五年內直接翻倍上漲，你覺得容易嗎，當然是有可能發生啦，但其實有更有效率的做法
相對來說，現在的台灣市場受惠於中美地緣問題，而處於一個科技大爆發的週期，再加上台灣特有的小島型產業鏈密集優勢，我認為台灣未來的爆發力很可怕
如果你能精準看對賽道，參與到一家優秀企業的成長軌跡，三五年內資產翻倍在股市裡根本是家常便飯
當然一定會有人反駁說買房有房貸槓桿可以開啊，但股市如果你懂風控一樣可以開槓桿，而且在現在這個AI跟供應鏈重組的歷史級紅利期，股市槓桿能帶來的超額報酬概率，大概會比你去死死扛著高額房貸還要更暴力更有效率
（續
/"
貼文8_第4串,"最近我也常常跟身邊的朋友耳提面命，現在身上如果手握現金，千萬盡量不要去買什麼名車跑車或是貶值的奢侈品，那些本質上就是不斷在耗損的消費品
你必須要想盡辦法榨出現金去持有優質的資產，去徹底參與這個時代的投資紅利，讓資本幫你生錢
大家應該都有發現現在通膨跟資產膨脹有多可怕，貧富差距的M型化社會已經很嚴重了，未來的兩極化只會更極端
如果你只會死存錢，或是亂花錢，或是把大筆資金死死卡在流動性不高的單一物件上，卻沒有真正參與到這波生產力大爆發的投資大局裡，那就會變成負向複利，而不是正向隨著時間賺錢
我們這代人常常在抱怨，說自己沒出生在好時候，沒參與到三四十年前台灣錢淹腳目的那個黃金時代
但如果你現在的思維還是沒有調整過來，沒看懂目前的資金局勢，那你又要眼睜睜看著自己完美漏掉這一次時代給你的巨大機遇了
/"
貼文9_第1串,"早上那一篇文章發出去之後，被人家指出說我引用的數據是誤用的，這邊我先大方承認，的確是我資料引用錯誤，早上很感謝一位大大幫忙補充糾正
但我要先講清楚一件事，數據誤用是事實，但不代表我最終的結論不成立～
不要以為抓到一個數據錯誤就可以拿這個來打我，你的邏輯論述根本打不到我的核心痛點，因為台灣長期被滲透本來就是不爭的事實，除非你自己提出證據來否定它
這邊也順便呼應一下某一位機器貓大大的留言，不要抓到一條小辮子感覺就像撿到槍一樣XD，如果要論查證能力的話沒關係，我確實引用錯誤，這點我直接承認並補充說明
但我早上的重點可能沒有講清楚，我要表達的核心觀點一直都是：台灣確實長期面臨著嚴重的資訊戰跟滲透問題！
現在網軍跟假訊息早就已經是滲透的最主要管道之一了，不管是利用社群平台的演算法去推播特定的帶風向文章，還是利用大量的假帳號在各大論壇、YouTube跟留言區洗版，甚至是透過資金贊助某些粉專或KOL來散播似是而非的言論，從內容農場到各種封閉式的通訊軟體群組，這些都是真真實實每天在台灣上演的資訊戰跟認知作戰～
（續
/"
貼文9_第2串,"然後最讓我無語的是，我早上那篇文章從頭到尾連扯綠藍白都沒有扯到，就單純在探討滲透現象而已，結果底下機器貓就在那邊高潮，急著扣我帽子、想要證明什麼東西~
會用這種無腦二分法看世界，通常溝通起來也是很浪費體力，我個人觀點就擺在這邊，事實也擺在這邊，不喜歡我的東西不要看就好～
然後大家自己把眼睛放亮一點，不要被牽著鼻子走～
/"
貼文10_第1串,"週末來發個牢騷，有時候看信箱或是私訊，總會收到一些人傳來落落長的一大篇訊息，大概都是在問一些人生抉擇跟職涯規劃的情況
那內容真的是打得非常長，跟寫碩士論文沒兩樣…鉅細靡遺地交代他的背景，然後問我到底該怎麼去安排人生的下一步，比方說猶豫要不要花時間重考啦，或是剛出社會要怎麼拓展人脈、到底怎麼開始存錢理財之類的
想說既然對方這麼認真發問，我大概也看懂了你的難處，雖然熟悉我的人都知道我平時最討厭雞婆，但看在你這麼用心的份上，我還是花了點時間，很認真幫你梳理底層邏輯，劈哩啪啦打了一大段心血結晶回覆過去
結果勒？老兄直接給我一個已讀不回…
連一句最基本的謝謝、哪怕是隨便發個感恩的免費貼圖都沒有
我想說如果你在忙那就算了，但等了一個禮拜，對，整整一個禮拜，還是完全沒有下文，直接人間蒸發欸
你可能會想說，為什麼我要這麼在意這種小事？
原因其實很簡單
第一個，時間成本的問題，我的時間非常寶貴，願意花時間回你真的是看在你認真的份上
第二個，做人做事要有反饋，如果我花時間打的這篇回覆沒有回答到你的痛點上，或是你覺得我講得不對，你也應該讓我知道，這叫做交流
（續
/"
貼文10_第2串,"第三個，這是最基本的家教跟做人道理吧，你哪怕只花兩秒鐘打謝謝兩個字，我都覺得你至少還配當一個有基本禮貌的人類XD
連最基本的尊重跟感恩都不懂，真的不要怪為什麼出社會或是做投資一直碰壁，因為沒有人有義務要無條件當你的免費顧問，真的是阿彌陀佛～
/"
貼文11_第1串,"（淺談港股期權）
最近這幾天在跟幾個香港的老朋友喝茶聊天，聊了一下他們最近手上的投資部位還有一些盤勢的看法，其實聽他們這樣侃侃而談下來，一般人會粗淺的認為整個金融市場底層的運作邏輯（不管是跟我們台灣還是跟華爾街）是大同小異的 ，但大家不知道的是，大同小異裡面的那個「小異」…很可能會決定你績效的生死（按照80/20法則來看）
我就舉個例子說明這個差異性好了，如果你要用總體經濟這種宏觀大局的視角來做資金的對沖，到底該怎麼操作才漂亮？
像在我們台灣，很多剛進市場的散戶或是老手交易員要做對沖或是短線交易，都很習慣在台指期或是台股的個股選擇權裡面瘋狂做日內當沖，每天盯著即時報價殺進殺出，一天交易個十幾二十趟，如果你今天把資金部位移轉到香港市場去做選擇權，那整個盤面的玩法跟資金的格局就完全是另外一個世界了
港股選擇權最核心的賺錢邏輯，絕對不是像很多韭菜想的那樣整天盯著線圖看，重點你要看的是離岸市場的流動性跟隱含波動率，我們簡稱IV，這跟我們在做台股或美股甚至是對岸A股那一種，整天緊盯單一個股的財報業績好不好、每個月營收有沒有成長，或是看著標的物當下的即時股價在那邊猜頭摸底，有著非常非常巨大且根本上的不一樣～
為了讓大家更好理解，我打個比方好了，像對岸A股市場的選擇權定價，它最底層的錨基本上就是標的價格加上境內散戶跟機構的市場情緒，因為它本質上就是一個受到嚴格資本管制的封閉市場，池子裡的錢就這麼多，肉爛在鍋裡，今天政策一個利多情緒一來，大家一窩蜂衝進去，波動率就跟著無腦往上飆，但港股市場的生態就完全不一樣了，它是一個徹底用美元來定價的離岸市場，而且大家要知道，港幣是死死盯住美元的聯繫匯率制度，這意味著香港金管局基本上是沒有自己獨立的貨幣政策的，所以只要美國聯準會FED的利率一動，不管是升息還是降息，港股最底層的資金根基就跟著被牽動了，這種宏觀資金面的波動就會像海嘯一樣直接傳遞出來～
因此，如果你有在長期觀察港股選擇權的報價，你會發現一個有趣的現象，那就是港股期權的隱含波動率，通常會比標的的實際股價還要更早反映出全球大環境資金面的變化，那聰明如你，是不是腦袋裡已經開始有畫面了？我們是否可以利用這樣特殊的定價特性，來衍生出一些極具爆發力且勝率極高的交易構想？？
首先讓我聯想到的是，在聯準會升息循環走到末期，市場資金枯竭到極點的時候，港股那些大型權值股的標的股價可能還趴在地上，每天在底部死魚盤震盪摸底，散戶早就停損刪APP不看了，但這個時候你打開報價軟體一看，選擇權的隱含波動率通常早就已經跌到歷史級別的超級低點了，因為市場沒有人預期會有大波動，大家都覺得這盤已經死透了
這個時候如果你去買進Call（也就是買權），那個權利金的成本根本是低到離譜，低到你會覺得造市商是不是標錯價，然後你就只需要耐心等，等到FED一釋放出一丁點可能要降息的鴿派訊號，全球那些對息差極度敏感的熱錢開始重新往港股這種低基期市場狂流的時候，你要特別注意了，這時候盤面上最先被瘋狂推高的絕對不是股價本身，絕對是選擇權的隱含波動率，這跟港股期權市場本身的流動性結構有很大的關係，當大資金想要快速建倉，期權市場的波動率就會被瞬間買爆
這時候會發生什麼奇妙的事情？
哪怕你買的標的股價可能只稍微往上漲了個5%，但因為隱含波動率IV出現了報復性的暴力擴張，你手上的Call可能已經翻了50%甚至直接噴了3倍以上了，這時候你要搞清楚，你賺的其實不是股價單純上漲那一點點微薄的Delta的錢，你真正在收割的是波動率抬升所帶來的Vega的錢，這種靠宏觀維度降維打擊的獲利方式，這比起你單純在現貨市場賺股價上漲的錢，要來得暴利太多了
所以說，要在這種離岸市場吃大肉，你要抓對的是全球流動性的拐點，善用選擇權天生的非線性槓桿，把估值修復加上波動率提升的雙重紅利一次狠狠槓桿起來，這比你單純在那邊畫線賭股價明天會漲還是會跌，賺得要快得多，當然啦，這非常考驗你對全球總體經濟的見解，還有你對利率傳導機制、波動率模型這些東西也要有一些比較專業且通透的認識，不然你也是只能看著別人數鈔票
說到這裡，我先做兩個小結論，再來繼續往下延伸，避免大家看長文看得暈頭轉向：
1）港股選擇權的核心策略，絕對不會像是台灣很多財經網紅教的那種什麼Day trade當沖、看技術指標追漲殺跌，或是每天頻繁進出沖來沖去，那大概都是在白忙一場，重點要放在耐心+嚴格擇時
2）你要在全球貨幣政策準備轉向的那個關鍵拐點，用小部位去悄悄佈局遠月的價外選擇權，因為你必須很清楚知道，你本質上賺的是波動率抬升加上估值Beta擴張的錢，所以你建倉的成本跟合約時間價值的損耗，都必須在你的嚴格把控之中，不容許有太大的誤差～
為什麼這邊我會特別強調一定要選遠月合約？
因為有在市場上摔過跤的交易人都知道，選擇權近月到期的時間價值也就是Theta耗損得非常非常快，港股更是如此，如果你為了貪圖便宜或是想要追求更高的短期爆發力去買了近月合約，甚至週選擇權，那就算你大方向的總經預測完全看對了，短期股價只要隨便來個上下洗盤震盪，或是行情拖個幾天不發動，時間價值折損就能把你的本金全部吃光光，最後可能結算前幾天股價真的如你預期大漲了，但打開帳戶一看，你的選擇權照樣是虧損的，這種看對方向卻賠錢的感覺會讓人吐血
但如果你今天買的是遠月選擇權那情況就完全不同了，遠月合約的時間價值耗損在初期是非常緩慢的，它能幫你扛住短期市場那些毫無意義的雜訊跟洗盤波動，讓你能夠心情安穩的熬到流動性拐點真正落地的那一天，舒舒服服的熬到估值修復和波動率迎來雙飛的暴利時刻（拿時間換取空間）
那這時候一定有人會問，為什麼一定要選價外OTM的合約？
這個邏輯其實也很好懂，因為在流動性拐點真正出現之前，市場通常是一片死寂，標的股價大概率都還在深不見底的底部趴著裝死，這時候如果你去買價內ITM合約，雖然看起來好像比較安全勝率比較高，但實際上你要付出的權利金成本實在太高了，這會導致你的真實資金槓桿變得太低，完全失去了選擇權以小博大的精髓，反觀價外合約，因為沒人看好，權利金成本極度低廉，槓桿倍數極高，只要宏觀行情一發動，Gamma值開始發威，那個報酬率都是放大十幾倍甚至幾十倍在跳的，很多市場上的傳奇暴富故事，都是靠這種極度便宜的價外選擇權咬中一次大波段做出來的，這種盈虧比這麼做都非常暴力的
再來我們聊聊實務操作上最重要的一點，至於為什麼我前面要不斷強調，做這種交易一定要嚴格控制在小部位操作？
很多新手不信邪，覺得自己看準了總經趨勢就想重壓，但港股選擇權的槓桿是「玩真的」！那是會讓你瞬間畢業的真金白銀，而且港股市場是沒有漲跌停限制的，這代表哪怕你大方向判斷完全正確，也篤定FED一定會降息，但只要短期盤中突然爆出一個地緣政治的重大利空，像是中美關係突然又緊張了起來，川普又出來放話，或是海外突然飛來一隻巨大的黑天鵝，都能讓你的標的股價在十分鐘內瞬間暴跌個20%甚至30%，然後整個市場的波動率狂飆到天際，如果你是重倉或是滿倉凹單，這種瞬間的保證金壓力或是權利金歸零風險會直接把你抬出場（按：如果你是賣方，會有保證金問題），連補保證金的機會都不給你，所以只有把部位放小，嚴格控制單筆虧損上限，你才能安然扛住這種難以預測的突發風險…千萬千萬別整天看著網路上那些P圖的對帳單，就想著自己也要一把梭哈財富自由，那是賭博XD
如果我們按照上面這整套宏觀邏輯跟市場特性推論下來，你就會發現那些拿著港股選擇權想要去做日內當沖的人，真的有點像是把錢綁在石頭上往海裡丟，完全是在給造市商跟市場送錢
因為港股的流動性斷層問題是非常嚴重的，除了少數幾檔超級熱門股之外，很多中型股根本沒有深度，這點在選擇權市場上更是明顯，如果你看對岸A股或是我們台股的選擇權，可能因為散戶基數大，買賣價差非常小，甚至只有一兩個Tick，手續費也低，你手腳快一點做當沖可能還有一點點微薄的利潤可以蹭，但你跑去港股選擇權看看，除了騰訊、阿里巴巴、美團或是恆生科技指數這幾個核心大權值股的期權還能玩之外，其他標的的買賣價差真的都非常誇張的巨大！
舉個血淋淋的例子，有時候你看到買價是0.1，賣價是0.12，你可能以為這差距還好，但這中間差了整整20%！！這代表你才剛敲進去成交，帳面上就直接現虧20%的滑價，加上港股的交易成本再扣掉手續費，我跟你說，哪怕你今天神明附體日內方向完全看對了，標的也漲了，但那點微薄的內含價值利潤根本不夠填補你進出場的滑價跟手續費這個大坑
更別提港股本身帶有極強的離岸屬性，它非常容易受到外圍市場的干擾，半夜美股如果因為什麼CPI數據大跌，或是聯準會哪個分行主席出來講了兩句鷹派的話，隔天早上港股一開盤就是直接跳空伺候，選擇權的價格更是會瞬間發生毀滅性的跳空重定價…在這種充滿巨大跳空風險跟流動性陷阱的環境裡，你做日內交易根本來不及反應，停損也砍不在你要的位置，最後只會淪為造市商的提款機而已XD
所以囉，聽完這些眉角，希望能夠稍微打開大家對於跨市場操作的一些視野，做投資交易不要老是困在自己熟悉的舒適圈裡，也不要用「我以為」這三個字來認識市場，殊不知這三個字是讓很多人在市場畢業的罪魁禍首
不同市場的資金結構跟遊戲規則都不一樣，你要去賺人家的錢，就得先把人家的底層邏輯摸得清清楚楚，不要用戰術上的勤奮去掩蓋你戰略上的懶惰，週末隨便聊聊，希望對大家有點啟發～"
貼文12_第1串,"借Vincent的觀點，來分享一些我遇過的趣事XD
此生聽過的馬後炮不勝枚舉，但我聽過最瞎的是某位長輩吹噓自己眼光多長遠，NVIDIA從早期上市就一路抱到現在，中間完全沒下車，這在我看來真的是說謊不打草稿，哈哈！除非你是黃仁勳本人或早期創投派的，不然一般散戶講這種話真的聽聽就好
早期NVIDIA就是個做GPU吃遊戲跟挖礦紅利的公司，後來才正好站上了AI的超級風口，中間這家公司經歷過多少次暴跌？多少次被激進投資人質疑？股東早就不知道換血過幾十輪了～後面抱著AI夢想上車的人，跟前面那一批絕對是不一樣的
這在行為經濟學上叫做結果偏誤、事後諸葛亮
就像當年轟動一時的女版賈伯斯 Theranos 生技詐騙案一樣，當市場先給了她「最年輕億萬富翁」的結果標籤時，大家就會瘋狂的「事後倒推」，去幫她腦補各種聰明、偉大的理由
現在NVDA稱王了，市場的馬後炮們就看著飆漲的股價，事後回填自己的英明神武，這就是最經典的股價決定論：如果你的股票一直漲，大家就說你是天才，完全忽略了當時抱著這檔股票要承擔多大被腰斬的風險（在過去的 1 次崩盤中，這些馬後炮們成功預測了 10 次XDD)
（續
/
vincentyucw
04/14/26
最近實在看到太多在Threads上的唬爛帳號。我自己有個簡單通用的checklist，分辨一個人比較像真有實戰經驗，還是只是很會包裝甚至是詐騙：
1. 沒有能力圈，什麼都敢講，而且每個題目都講得像自己早就看透、自己是先知。真正做過投資的人通常更知道自己哪裡懂、哪裡不懂。
2. 很愛強調自己預測很準，卻很少完整攤開前提、風險與錯誤紀錄。被市場鞭笞過的人，通常更重視框架、機率與修正能力。特別是修正能力。
2. 喜歡不經意提到自己認識哪些專業人士，借頭銜替自己背書（有可能是真的認識，也有可能從頭到尾都是編的）。但認識誰和有沒有判斷力，完全是兩回事。
4. 只談機會，不談風險；只講故事，不講怎麼下注、怎麼停損。"
貼文12_第2串,"再來說說我們的神山台積電
現在大家都知道台積電有著無敵的護城河，但老實講，早期晶圓代工市場可是非常卷的！
台積電也是到了很後面幾年，資本支出跟技術壁壘的基石疊加起來後，才真正具備了壓倒性的競爭優勢
你說有沒有人從頭到尾重押台積電都不動搖的？
嗯，可能有吧，那真的是人中之龍
但我們回過頭來看，不要用事後諸葛的眼光去低估當年決策的難度，就像大家現在看股神巴菲特當年買鐵路公司，「事後看來」簡直神操作，但在當時充滿不確定性的時空背景下，誰能打包票？
所以，不用太迷信網路上那些宣稱自己「早就看透一切」的神人，投資一定是充滿不確定性的，對機率還是要一些敬畏
然後再來說說一些邏輯飄移的問題吧～
其實，很多做價值投資的人（包含我自己），心裡都明白一個矛盾點：真正的投資，多少都帶有一點「僥倖」跟「運氣」的成分，我絕對不敢說什麼「我早就看到了」
舉個最簡單的例子：如果你早期因為本益比低、價值被低估買進了微軟，那後來微軟轉型雲端、AI，本益比飆上天的時候，按照純粹的價值投資邏輯，你是不是早就該獲利了結賣出了？
如果你沒賣，還一路抱著賺大錢，那其實你已經犯了投資界的大忌（雖然這次是好的結果）
（續
/
View 1 more"
貼文12_第3串,"（地緣政治風險不是風險…甚至可能是台灣的超級紅利）
現在很多人整天在杞人憂天，覺得台灣地緣政治風險飆高，我的看法很簡單，而且剛好相反：我認為台灣是「得益於」這個地緣風險，我們甚至極有可能重回當年「臺灣錢淹腳目」的黃金時代
為什麼這麼說？
1）
現在美國全力推動非紅供應鏈，中美科技戰打下去，所有跟 AI 題材相關的供應體系，台灣完全受惠於這種排擠效應
AI 的發展極度缺算力、缺硬體、缺基礎建設，而這些苦活、累活、高難度的活，全世界現在都需要台灣來完成
放眼望去，中國大陸因為非紅供應鏈被排除在外，韓國大概就只能玩玩記憶體，其他的，基本上全部都要靠台灣
所以，現在這個時代，就是要緊緊抓住地緣政治的時代紅利，踩著這個浪頭往上爬，看不懂局勢的或是還在那邊兩岸一家親的，那就去一家親吧，我不想跟錢過意不去
現階段在股票市場有賺到大錢的，大家都是這波大局勢的「既得利益者」，我們要看清楚局勢，搞懂你是賺誰的錢、是因為什麼才獲得這些估值溢價，在商言商，誰是朋友、誰是敵人，心裡要很清楚
最傻的視角就是，你明明賺著時代紅利（美國老大哥）的錢，結果心裡還想著投靠敵方陣營，這不是精神分裂嗎？
（續
/"
貼文12_第4串,"2）從近期的鄭習會看清現實的荒謬
所謂的對岸友台政策，聽聽無妨，看看他們能端出什麼牛肉，但我倒是有個邏輯盲點，一直沒聽到有人點破：
現在執政黨極力跟美國爭取軍備武器，為的是防衛台海爆發戰爭的風險，那如果今天是在野黨的路線，覺得要投靠對岸、認為兩岸他媽的就是一家親，那你們去見習大大的時候，怎麼沒聽到你們順便爭取一下中國的軍備，讓我們拿來防禦美國的侵略？？
邏輯根本講不通嘛～現在還在那邊瞎挺某些路線的人，基本上代表你的思維已經準備被這個時代給淘汰了
回到第一點，大家口袋裡賺的是什麼樣的錢、是哪個陣營給的底氣，真的要搞清楚
3）不用太把自己當回事，但在這時代，台灣還真是一回事
俗話說得好：「做人不要太把自己當回事。」但是到了這個 AI 爆發的時代裡，台灣好像不把自己看得很重要都不行了...
事實就擺在眼前，很多時候根本不需要你刻意去主觀表態，全世界的資本跟科技巨頭都知道台灣的實力底牌在哪裡，你不需要去逢迎拍馬，實力就是我們最大的護城河
4）投資台灣、重押台灣，你沒有其他選擇
這是一條長坡厚雪的賽道，也歡迎海外的朋友們看懂局勢，一起加入這個大時代的紅利圈，一起做多台灣
/"
貼文13_第1串,"這幾天陸陸續續有不少朋友私訊來問我問題，其中幾個問題包含像是「停損」、「如何持有十倍股」、「如何看待券商目標價」這件事…
由於我發現大家對於技術分析或是價格停損有一種近乎變態的執著XD，然後大多數朋友對於「飆股」又有一種近乎腦殘的誤解….
所以今天這篇長文，我想好好結合自身經驗來跟大家聊聊這個話題，大概分三個主軸撰寫，各位不嫌棄的話配個下午茶慢慢看
(Ps.文章不會太難，本文表面上看起來是在教大家如何看待停損，但其實本質上，我是想跟大家分享到底該怎麼去思考投資這件事，怎麼去抱住一個大波段，以及最重要的，怎麼去持有一個優質的資產，嗯….希望大家看完不要睡著，然後能幫大家熬過今年的行情）
/
（一）（「爛停損」比「不停損」還可怕」）
在講這個觀念之前，我要先稍微論述一下為什麼我會對大家常用的停損方式有這麼大的意見…我發現市場上高達90%以上的散戶，你們的停損幾乎都是看技術面或是價格來決定的（比如說，跌破了月線、季線就砍，或是跌破了某個你自己畫的支撐壓力線就停損）
聽起來很有紀律，但你有沒有想過一個很有趣的問題：市場根本不知道你的成本價在哪裡，市場也根本不在乎你畫的那條線在哪裡……你設定的停損線，跟這家公司的真實價值、跟市場的客觀運作，可以說是毫無關係
所以會發生什麼事？
市場只要稍微有一個震盪洗盤的波動，你的停損單就會被掃掉，你等於是在市場還沒有真正驗證你的投資邏輯是對是錯之前，就被你自己設定的主動停損給震出局了～這中間還有一個超級可怕，但是大家都視而不見的東西，叫做稅務摩擦成本或是滑價，你可能會說「這不就一般交易成本嗎？做交易付出成本不是天經地義嗎？」
別忘了，這個東西是會隨著你的交易次數和時間，產生「負向複利增長」的
我們來算一筆很簡單的帳就好，這也是很多在市場裡瞎忙的人算不清楚的，我們以台灣股市為例，你的交易手續費買進賣出大概是千分之二點八五（加上券商折扣我們就算千分之二好了），然後賣出還要繳千分之三的證交稅，也就是說，你一進一出，什麼事都沒做，大概就是千分之五（0.5%）的成本不見了
你以為0.5%很少嗎？
如果你是一個喜歡頻繁進出場、看線圖做波段的人，你一年交易個二、三十次絕對跑不掉～你一來一往搞個十次，你的總資金就先被吃掉5%了～
如果交易個二十次，一年就是10%的績效直接蒸發（等於是你每年在起跑點上，就已經先輸給大盤10%了，這還不包含你因為滑價沒買到或沒賣到的隱形成本）
遇到這種情況，有些聰明的人就會想說：「喔，那我懂了，我去打個股期貨總可以了吧？個股期的交易稅才十萬分之二，手續費也便宜，這樣摩擦成本就低啦！」
這話只對了一半，沒錯，個股期貨的稅費的確非常低，可以幫你省下大量的摩擦成本，但問題來了，個股期貨自帶極高的槓桿，隨之而來的就是「保證金追繳」的問題，當你用個股期貨在做所謂的價格停損時，市場一個隨機的上下插針，你的保證金可能就不夠了，券商的奪命連環call一來，你原本設定好的完美計畫瞬間變成一場恐慌砍倉的災難
況且很多使用期貨槓桿的人並非著重「資金效率」這件事上…很多人想的是「萬一行情OOXX，那我不就一夕暴富了嗎？XD」
所以，不論是現貨還是期貨，只要你是用「價格」去作為停損的唯一依歸，你都必須面對這種非戰之罪的損耗，這東西最終還是要靠你自己的心魔去克服
所以回到一個最根本的點上，我個人真的非常不喜歡利用價格作為停損標準⋯⋯
第一個原因就是我剛說的，它毫無意義且徒增成本～
第二個原因在於，你這種斷尾求生的動作，在市場真正去驗證你的投資邏輯之前，根本不重要，你只是在滿足自己「我有照紀律操作」的心理安慰而已（然後有些人還會自我洗腦，沒去反思這個問題的嚴重性）
當然，我講到這邊，一定會有人跳出來靠北我，甚至反駁我說：「你這樣教人家不停損，不就是在教人家『凹單攤平』嗎？這不是違反投資的第一個首要規則嗎？所有書上都說要嚴格停損啊！」
大家先冷靜一下，聽我澄清，我並沒有說「不停損」，我要強調的是，我的停損從來不是用「價格」去停損，我的停損是用「邏輯」去停損
（講到邏輯停損，我就必須稍微去聊聊台灣市場一個很有趣的現象）
現在台灣網路上的投顧老師非常氾濫，隨便滑個YouTube或臉書都是，我們先不管這些老師到底有沒有真材實料、有沒有讓你賺到錢，但我發現一個很核心的問題：這些投顧老師面對的受眾，基本上都是小資金的散戶
而散戶的資金成本、時間成本，跟真正在市場裡呼風喚雨的大戶、法人的資金成本，完全是兩個不同維度的世界（大戶可以用非常便宜的資金成本拿到錢去投資，因為人家有信譽、有聲望、有抵押品作為背書，甚至他們有龐大的人際交友圈、有政商關係、有人脈，隨便互相「意思意思」一下融通進來的資金，那個利率都是低到散戶無法想像的）
因為資金成本極低，所以他們有本錢去「等」行情的醞釀，他們可以在自己的投資邏輯被市場驗證之前，好整以暇的持有很長一段時間（所以「有錢人都很有耐心？」，不對，這是倒果為因，是「有錢造就了耐心」）
而且，大戶的情報網跟消息面絕對比你廣太多了，這真的是沒辦法的事，這就是資本市場的殘酷現實，就像人家開玩笑說的，李嘉誠的司機隨便在車上聽到老闆講個兩句話，可能都比你研究財報半年還有用，這在那個圈子裡是很常見的事～
但問題來了，你散戶就不是這樣啊！
散戶的錢可能都是辛辛苦苦存下來的薪水，甚至是需要還利息的信貸，所以你的容錯率極低，只要股價一跌，你就只能停損、停損、再停損
所以很多人就會靠北說，某某投顧老師教的東西很爛，只會一直叫人家停損，技術真的很差
但他們真的很爛嗎？其實平心而論，我自己也是做研究分析出身的，我有時候也會去稍微看一下這些老師的邏輯跟影片，老實說，除了某些真的是在胡扯瞎掰的詐騙集團之外，很多正規出身的分析師，如果你用產業供需的公式去檢視他們，他們基本上該回答的問題都有回答，邏輯推演也是說得通的
但為什麼散戶跟著做就是賠錢？
因為他面對的受眾是你，而且這中間存在著一個巨大的時間差～
他講的產業趨勢跟邏輯可能是對的，但這個基本面的發酵需要時間，可能要一季、可能要半年…
但散戶根本沒有時間去等，你的資金成本比別人貴，你又不知道怎麼去正確的運用槓桿來控制風險
更慘的是，對人家大戶來說，股市投資賺錢只是錦上添花，但對很多散戶來說，這筆錢可能是你改變命運唯一的生計，那這下就完蛋了，你壓力山大啊！！！
所以事實就是，這根本不是那個投顧老師看對或看錯的問題，問題出在市場證明他看對之前，你已經因為資金壓力跟價格震盪，死在黎明前了
你等於是逼著自己要在容錯空間極小的地方去跟人家下決勝負，你把自己逼到了一個沒有退路的死角….你的容錯空間比大戶小這麼多，但你心裡又貪婪的要求要拿到比大戶更高的回報率（天天想要抓飆股），你等於是一個「什麼都要」的人，在資本市場裡，什麼都要的人通常下場都滿好玩的，就是什麼都得不到
（所以我要講的事情是，並不是說「不停損」這三個字就是錯的，我要講的是很多人在執行的「停損」動作是非常腦殘的，尤其是純粹的價格停損）
我再舉一個更實際的例子給大家聽
人家在券商或投信做研究員的，人家是真的可以做Company Visit的，他們去跑法說會、去拜訪公司的財務長、業務副總，甚至可以直接跟上下游供應鏈的高層喝咖啡套話，當他們發現某家公司的業務副總在吹牛，但上游供應鏈卻說根本沒在拉貨的時候，他們就能立刻做出判斷
問題來了，人家有第一手的深度資訊，所以人家有底氣可以利用「邏輯停損」（發現公司基本面變壞才賣），但你有辦法運用這種邏輯停損嗎？我們都知道邏輯停損才是最正確的投資方式，但是你散戶真的有辦法執行嗎？
很難，真的非常難
因為你的消息都是「蹭」來的，不是你自己實地研究出來的，你不是去第一線跑出來的情報，你看到的都是二手、三手，甚至是有心人士故意倒給媒體放出來的利多新聞
因為你的訊息一定比別人慢，所以當你聽消息進場之後，就算運氣好一開始有賺到一點錢，但只要股價稍微一回調，你馬上就會開始慌了，你會開始瘋狂去猜：「到底這個回調是『主力在洗盤』，還是基本面真的出問題了？」
因為你沒有親自去實地調研，你這時候只能像無頭蒼蠅一樣去網路上到處看新聞、看論壇找答案。結果你會看到滿天飛的多空消息互相矛盾，嚴重干擾你的決策，這個時候你就會陷入極度的焦慮：到底現在是應該要加碼買進攤平，還是應該要趕快停損賣出？
如果你選擇加碼買進，運氣好可能大賺，運氣不好就是大賠，甚至連本帶利的賠回去～
但老實說，就算真的讓你矇對了、大賺了，你也絕對不敢「重押」，因為那個標的不是你自己深入研究出來的心血，你對它沒有信仰，所以你一定會慌，對吧？
這就是最無奈的地方，這東西不是你自己的東西，你沒有做過深度的盡職調查，就算你聽到的那個老師再厲害、拿到的研究報告寫得再精美，只要是二手訊息，人類的心理機制就是一定會對它抱有存疑…..既然你心裡有疑慮，你就不可能把你身家財產重押下去，這是一定的，我還沒有看過例外
既然你沒有辦法重押，然後股價回調的時候你又不知道該在哪邊出場，最後的結果就是：你運氣好可能吃到了一小段波段的漲幅，但是你出場的位置通常都很差，要嘛太早被洗掉，要嘛抱上抱下變成一場空⋯⋯
你這樣一來一往，了不起就是把你整體大資金裡的某一個小部位稍微翻倍而已，比如說，你拿了總資金的20%去投資某檔聽來的股票，然後這檔股票短期內真的翻倍了，聽起來很爽對不對？
但其實對你整體資金的貢獻度，了不起就是增加20%而已，而且別忘了你還要扣掉我們前面算過的那一堆交易成本跟滑價損耗
更可怕的是，當你嚐到這種短線投機的甜頭後，你肯定不會只做這一檔，否則對不起自己進股市廝殺的決心對吧XD
你可能會把資金分散成好幾份，去追逐各種不同老師報的明牌,運氣極好的情況下，可能你五等份的資金買的五檔股票全部都翻倍了（這機率極低），通常能重壓五個資產已經是散戶的極限了
(我們都知道，資金太過分散是不太可能獲得超額報酬的，這在金融學上早就被驗證過了)
所以這種玩法的上限大概就在那裡，頂多就是讓你整體資金翻個一倍就封頂了；但是下限呢？
下限就是極度悲慘的績效，因為你只要一次凹單失敗，或是遇到一次系統性風險，你之前用運氣賺來的錢，全部都會靠實力賠回去，就這樣子，非常殘酷～
你千萬不要跟我說你聽明牌都會把全部身家重壓在某一檔股票上，如果你真的是聽別人的消息，或是單純看別人的報告就敢all in身家，那我只能說這完全違反了正常人的理智與常識XD⋯⋯除非，你自己具備了做深度研究的能力，能夠拿到、並解讀第一手訊息，你才會有那種底氣
在這種充滿不確定性、整天提心吊膽的情況下，我們換一個思路來想：
如果你從頭到尾就只死心塌地去持有一檔絕對優質的股票，我們不要講太複雜的，就講台積電就好（這裡沒有薦股，我只是舉例）…
如果你把那些雜七雜八的股票全部賣掉，你的股票庫存裡就只剩下台積電一檔，在這種情況下，你的資金有沒有辦法翻倍？
答案是絕對可以的，而且賺得更安穩
你不要看台積電這幾年好像體量很大、漲幅有時候慢吞吞的，如果你真的懂這家公司的護城河，重點在於你「敢重壓」，而且你敢在市場恐慌、股價下跌的時候「重壓」
為什麼你敢？因為這種頂級資產基本上不太可能會倒閉，它的背後有多少千張大戶、有多少抱了二三十年成本極低的阿公阿嬤在裡面死都不會賣，這些人無形中都在幫你撐腰、鎖籌碼…更別說它還是全台灣的護國神山，真的出大事還有國安基金幫你撐盤，這是一個全體台灣人甚至全球科技業的共識，全世界幾千萬雙眼睛都在盯著它的基本面，有幾百個頂尖外資分析師在幫你算它的EPS。既然如此，你還怕什麼呢？對吧？
你面對像台積電這種等級的優質資產，你跑來跟我說你要設一個「跌破季線就停損」的策略？這在我看來真的是不可思議…除非它本身的商業邏輯被徹底顛覆（例如半導體物理極限無法突破且有完美替代品出現，這叫邏輯停損），否則這種公司就像是一棵已經扎根極深的神木大樹
一棵大樹今天如果受到颱風吹拂、日曬雨淋，甚至被雷劈斷了幾根樹枝（遇到景氣循環低谷或是大盤系統性崩盤），只要它的根基還在，我根本不可能會把它連根砍了（停損出清）
正常的邏輯應該是，你應該在它逆風的時候、受傷的時候，給它更多的營養，趁它便宜的時候多買一點（但市場上很多人就喜歡在它遇到颱風的時候把它給停損砍掉，然後去追那些長得很快但其實是雜草的飆股，我就真的不知道為什麼大家會喜歡做這種事）
如果你能改變思維，在它遇到無差別暴跌的時候、在市場極度恐慌、那些開高槓桿的韭菜正在被追繳保證金、被迫斷頭抬出場的時候，你反而帶著現金進場，甚至你這時候去動用適度的槓桿買進…比方說，假設台積電回調個25%或30%（這對這種權值股來說已經是很深的回調了，你不用等到金融海嘯或是疫情那種40%以上的跌幅，萬一沒等到，那就會非常飲恨了），你本身如果會用個股期貨或是融資，這時候進場去接，大概不會讓你虧多少
但記住，我說的槓桿絕對不是叫你把保證金壓滿去開個七倍槓桿，那是賭徒行為，你如果真要碰，頂多大概抓個1.5倍到2倍的實際槓桿就好…
拜託，你這可是重壓在全世界最賺錢的晶圓代工廠身上耶！你覺得你這樣做，你會輸給那些整天在市場裡殺進殺出、瘋狂追逐熱門題材的人嗎？
而且因為你交易頻率極低，你的摩擦成本、稅金損耗都比別人小太多了（用這種大戶的格局跟心態在做投資，你覺得你會輸嗎？…）
所以問題的癥結點就在這裡，因為你散戶沒有第一手資訊，你沒有辦法做到真正的邏輯停損，你逼不得已只能去用那種很傻逼的、毫無根據的價格停損，然後你就會有一種錯覺，覺得主力大戶好像每天都在螢幕後面針對你，只要你一停損，股價就反轉噴出
但其實根本沒有人針對你，你的問題只在於你沒有足夠的認知去忍受那段必經的波動，而且你的停損機制本身就有著極為嚴重的邏輯瑕疵…所以基本上，在我的所有投資部位裡，我現在是絕對不可能去使用單純的價格或是技術分析來做停損的，這就是我對於停損這件事最真實的想法
（二）十倍股是「持有出來」的，不是「交易出來」的！！！
講完了停損的迷思，接著我想稍微聊聊我自己在投資哲學上的一些轉變，以及我是怎麼去看待那些所謂能漲十倍以上的十倍股或是大飆股
這一段也算是一種反思，畢竟前面講了這麼多，一定也有人會用一種似是而非的言論反駁：「你怎麼就知道台積電就會這樣長長久久活下去呢？台積電如果沒有ai這場大戲，會有現在的營收跟股價？….blabla 的」
「現在一堆載板、pcb 、矽光子，護城河又有多高？說到底就是供需之間的關係….假設AI大戲沒了，台灣的科技電子業大部分都是非死即傷…即便是美光、三星、海力士，在不景氣的時候，一樣是要死不活」
（嗯…前幾天就在留言區看到上面的留言，我懶得回覆反駁，畢竟一看就沒啥深度，單純為了反而反，要跟他講產業競爭優勢又浪費我時間，本來想回覆一個小丑貼圖的，但算了…）
這說明了…有些人註定種不了大樹
雖然本人年紀不如老巴，沒有那一種持有超過60年的股票，但好歹也當過2011～2021長達10年的「蘋果股東」，稍微可以說嘴一下
如果你去回測過去幾十年全球股市的數據，你會發現一個鐵錚錚的事實：那些真正能創造驚人財富的飆股，或是我們常說的十倍股，通常都是靠著無比的耐心「持有」出來的，絕對不是靠你每天看技術線型「交易」出來的
這要怎麼去理解呢？
我們來拆解一下這些超級成長股的底層邏輯，一家公司之所以能成為十倍股，它絕對不可能是因為某個虛無飄渺的題材炒作而偶然誕生的…
你去看那些後來大放異彩的公司，他們在起步階段，通常都已經具備了非常穩定的盈利能力
他們不是在賭博，他們是在一個已經驗證過可以賺錢的商業模式上，順勢抓住了時代的風口
（簡單來說就是，你可以把這些公司當成是一個個體的投資人，他們的盈利能力就是現金流，有現金流，就有辦法做增長突破，這些優勢在公司非常早期階段是可以辨別出來的～）
更深一層次去看，你會發現這些公司有一個共通性，就是他們所處的產業，往往正處於滲透率從5%要飆升到30%的這個黃金爆發期，然後進入一個極度陡峭的S型成長曲線，只要你站在這個時代趨勢的風口上，公司具備了幾個難以被同行複製的核心護城河（比如專利技術、或是極強的客戶轉換成本），它就能吃滿整個行業擴張的紅利
相反的，如果你去追逐那些滲透率早就超過50%、競爭已經白熱化、大家只能殺價競爭的產業，你還妄想它能出現指數級的翻倍成長，那真的就有難度，除非第二增長曲線又出現，但那又是另外一個故事了
另外，這些能抱出十倍利潤的公司，很多時候你去看他們的管理層，通常都是創辦人自己身兼CEO，而且內部團隊的持股比例遠遠高於市場平均，這代表他們是把這家公司當作自己的親骨肉在養，管理層跟股東的利益是高度綁定的，他們追求的是公司十年、二十年後的長遠發展，而不是為了迎合華爾街或是分析師，去粉飾短期的財務報表
如果你看懂了這層邏輯，你就會知道為什麼這種股票需要時間去發酵…
因為
護城河的建立需要時間
商業模式的擴張需要時間
滲透率的提升更需要時間
你在它成長的過程中，它一定會經歷過好幾次超過30%甚至50%的劇烈回調，如果你是用價格在停損，你早就被洗出去了，你根本吃不到它後面那80%的主升段獲利
你每天去研究市場上現在缺什麼材料、缺什麼產能，去追逐那種短線供需失衡的受惠題材，這種短期交易確實可以賺到快錢沒錯，但問題又回到了我前面講的死胡同：
既然是短線題材，你的出場點到底要怎麼出？
你怎麼知道供需什麼時候反轉？
只要你一猶豫，利潤就回吐了
所以只能把研究的重心，從「短線題材」轉移到「競爭優勢」與「商業模式」上，然後默默地用種樹思維種下一顆樹
老實說，各位現在市面上看得到、聽得到的所有交易方法，我全部都親身用過、甚至沉迷過，畢竟我以前也是幹這行出身的
剛入行做研究員、做分析師的時候，通常都會對自己的研究能力充滿著莫名其妙的自信，覺得自己比市場聰明，所以一開始一定是去做波段、做價差，覺得只要我看得夠準、跑得夠快，我就能把利潤最大化
那個時候，根本沒有人會有那個耐心去等一家公司慢慢成長，大家都想要今天買、明天就拉漲停，況且海外有些國家沒有漲停板限制，更刺激，更令人FOMO
我是後來從新加坡回到台灣，隨著年紀增長，資金量體也變大之後，經歷了無數次的市場毒打與思想上的淬鍊，才慢慢從一個做極短線、做套利、做波段交易的人，一步一步昇華到去做長線投資、做價值投資，最後變成一個徹底的買進並持有~
這個轉變的過程其實非常痛苦但也非常深刻，你的思維會有以下轉變：
從一開始每天只盯著產業受惠題材，慢慢進階到去研究這家公司的「商業模式」到底合不合理
→
然後再深入去探討它真實的「盈利能力」和自由現金流
→
接著你會開始去觀察這家公司的「管理層」品格與誠信
→
最後，你的眼中只會剩下這家公司整體的「核心競爭優勢」
當你走到這一步的時候，你就會領悟一個很重要的道理：你會知道什麼時候應該果斷放棄那些你根本「看不懂」的暴利機會，然後你會知道什麼時候應該死命的堅持住那些你「唯一看得懂」的優質資產
這就像是股神巴菲特最喜歡講的那個棒球的擊打區理論⋯⋯作為一個投資人，你不需要對每一個飛過來的球都揮棒，你可以一直站在打擊區裡，耐心的看著那些你看不懂的變化球、曲球飛過去，你完全不需要有FOMO的心態
你就TMD一直等、一直等，等到那顆你研究得最透徹、你最熟悉、軌跡最清晰的直球飛進你的絕對好球帶時，你再毫不猶豫的用盡全力去重擊它，因為你知道這顆球不會背叛你，你敢對它下重注
但是如果是那些你一知半解、只是聽別人說很厲害的球飛過來，你揮棒的時候心裡一定是虛的，你根本不知道打不打得到，就算打到了你也不知道會飛去哪裡
所以我自己一路走來，所有交易類型我都碰過，最後為什麼我會選擇價值投資跟長期持有？
因為我發現，你不要跟我吹噓你把短線籌碼或是技術線型研究得多透徹，那真的都還好…在絕對的商業邏輯與長期趨勢面前，那些短線的波動都只是雜音而已
（三）（到底該怎麼去看待券商發布的「目標價」？）
這部分我剛好可以切換一下視角，Sell-side目標價這種東西，肯定不是研究員昨晚做夢夢到的，它其實背後有一個非常僵化的動態方程式在運作
這裡就簡單來說，這個公式就是：「預估未來的EPS」乘上「市場願意給予的本益比」
你有發現兩個都很主觀嗎？但裡面大有文章
當一家公司因為產品熱賣或是缺貨，導致它擁有了定價權，它的毛利率就會跳升，這時候研究員就會去上修未來的EPS，只要基本面是真的好，EPS的上修就是非常扎實的～
那麼目標價什麼時候該相信、什麼時候絕對不能信呢？
寫報告的人其實沒有要騙人，畢竟市場是一個複雜適應系統，很多時候目標價沒有達標是非常正常的，但目標價就完全沒有價值？也不是，我教大家一個最簡單的判別法
如果你看到一篇報告，外資是第一次或是第二次調升目標價，而且你在報告裡看到他是「同時」上修了EPS跟本益比，那這個目標價的可信度極高，因為這代表公司的基本面出現了實質的突破，市場也願意給予它更高的估值（我們通常叫戴維斯雙擊），這種時候股價的爆發力是最可怕的，勝率也非常大
但是，如果你發現這家公司的股價已經在底部翻倍了，外資已經連續調升過好幾次目標價了，然後最新出的這篇報告裡面，你仔細一看，它的預估EPS其實只調高了一點點，甚至沒調，但是它卻把本益比從原本的15倍硬生生拉高到了25倍、30倍，這時候你就要警鈴大作了！這可能代表基本面已經榨不出新的驚喜了，研究員為了配合市場熱度（或是….有人會說「為了讓某些大戶好出貨」），只能透過玩弄本益比的數字遊戲，硬擠出一個更高的目標價…..這種報告通常就是短線見頂的前兆
如果你這時候還衝進去，很容易就會遇到獲利不如預期、本益比又被下修的戴維斯雙殺，那股價跌起來是會死人的
所以，我們在看目標價的時候，要知道他怎麼去產生的，以及產生的流程是怎麼樣，這裡大概要有一個基本的認知，所以我們在使用上通常都會有一個打折的習慣
如果一個業內最懂這家公司的王牌研究員喊出了300元的目標價，他在報告裡寫得再天花亂墜，你在心裡都必須先給它打個七折或八折
比方目標價給300塊打八折是240，打七折是210，你把這個打折後的數字當作是一個安全預期的天花板
有了這個打折後的目標價，你接下來要做的，就是去計算賺賠比，假設現在股價150元，你預期下檔如果跌破某個關鍵支撐（比如135元）你就認錯，那你的潛在虧損大約是10% （雖然我不喜歡價格停損，但為了方便解說，就暫且用這個例子說明），但如果往上能走到打折後的目標價210元，你的潛在獲利是40%，用10%的風險去換40%的利潤，這個賺賠比高達1比4，這就是一個非常值得嘗試的交易機會，當然，這個止損的實際就很考驗，你對於公司的邏輯理解，還有實際的掌握了，所以從錯空間又會少一些，你實際得到的賺賠結果可能就不會是一比四，可能會更少一些～
當你已經徹底了解一家公司的商業模式和長期護城河之後，外資喊的目標價對你來說，就只是一個用來觀察市場情緒的溫度計而已
比方當你看到外資開始用荒謬的本益比在推算目標價時，你就要知道市場快要陷入瘋狂了；而當好公司遇到倒霉事，外資落井下石瘋狂下修目標價到離譜的低位時，你就要知道那是天上掉下來的禮物…..至於，如果你是一個長線投資者，這種短期目標價真的看看就好，不用太走心～
（四）囉嗦個幾句
如果你本身不是像我們這種有產業背景、做研究出身的人，你沒有那些人脈跟第一手的資訊來源，你真的不要妄想在市場上做波段交易能贏過別人，我這十幾年來看過太多太多散戶了，我還真的從來沒看過哪個單純靠看看新聞、畫畫線做波段的散戶，能夠長保富貴的，嗯…一個都沒有，可能我真的「見識淺薄」吧
做投資，最重要的底氣其實是你的「現金流」，就連巴菲特這麼有錢的大亨都要保險浮存金來當成便宜的資金來源，窮到脫褲的散戶卻毫無現金流卻妄想在股市榨取財富？？這不是很荒謬嗎？？這已經是基本財商知識出了問題了，並非你消息面比別人慢
這個世界上，能夠在資本市場裡賺大錢的人大概分為三種：
第一種是眼光極度敏銳、運氣極好，永遠能追在風口浪尖上的人；
第二種是擁有頂尖設備和數學模型，做高頻交易或量化套利的人；
第三種，就是願意傻傻的種下一棵樹，然後用無比的耐心，澆水施肥，看著它慢慢長成參天神木的人
（續…我發現長文功能也是有上限的"
貼文13_第2串,"（接上文
…嗯 長文有上限是真的XD
/
這三條路都能成功，但是對我們絕大多數的普通人來說，第三種方法所需要的逆風條件是最少的，也是最容易達成的，當然…我不是說「這很容易」，因為要克服心魔非常困難，但是相對於前兩者那種需要天賦和龐大資源的玩法，第三種絕對是「相對容易且勝率最高的」
可是台灣市場有一個非常要命的特色，大家都喜歡賺錢，這當然是廢話，沒有人不愛錢，但台灣人「特別」渴望賺快錢…我這幾年觀察過幾個國家的投資文化，我發現台灣人骨子裡的賭性，大概跟香港人差不多重
加上現在資訊太發達，台灣市場的FOMO（錯失恐懼）情緒特別嚴重，看別人買AI賺錢、買航運賺錢，自己沒買到就焦慮得半死，然後就在最高點的時候忍不住衝進去當最後一隻老鼠，這可能跟我們華人圈那種不喜歡輸給別人的個性有很大的關係…
也正是因為這種急躁、愛賭、又害怕錯過的心理，導致了絕大多數的散戶對「停損」這件事根本沒有正確的概念
就像我文章一開始說的，你以為你在做價格停損？你以為你在做邏輯停損？
都不是，當你因為股價連續跌了幾天，帳面數字紅通通一片，你晚上睡不著覺、吃不下飯，最後受不了那種心理折磨，在鍵盤上按下賣出的那一刻……你做的其實叫做「情緒停損」
你只是因為你的身體和心理已經受不了那個壓力了，所以你花錢買一個痛快而已…而這種基於情緒的停損，注定了有些朋友永遠只能是一個在市場裡追高殺低的散戶
希望這篇長文，能讓大家重新去思考一下自己手上的部位，以及你對待每一筆交易的心態，投資是一場馬拉松，不是百米衝刺，找一個你看得懂的優質資產，控制好槓桿，然後，讓時間去證明你的眼光吧！大概就是這樣子啦，大家投資順利XD！"
貼文14_第1串,"《聊聊「為自己的勞力估值」這檔事，文長慎入》
各位剛踏出校園的年輕讀者，或是已經在社會這口大鍋裡熬了幾年的社畜們，各位是否曾經問過自己一個問題：
你現在這份工作，真的值得你賣命嗎？
你這個人，到底值多少錢？
文章一開始，我們先來談談那個幾乎所有台灣年輕人都會遇到的緊箍咒：父母的期待
很多人剛從大學畢業，甚至還沒畢業，腦子裡想的第一個職涯規劃，往往不是「我想做什麼」，畢竟剛畢業哪來那麼多的人生思考？很多人的規劃往往建立在「我爸媽希望我做什麼」
我接觸過太多二三十歲的年輕人，他們找第一份工作的權重裡，父母的面子佔了極大一部份
聽過最多的不外乎就是：「我媽叫我去考公務員啦，鐵飯碗穩定」、「我爸希望我去台積電或聯發科，說說出去好聽」，確實，去個知名大企業、當個醫生、考個司法官，除了薪水穩定之外，重點是過年過節親戚聚餐時，你爸媽可以把下巴抬得高高的，跟隔壁三姑六婆炫耀：
「哎呀，我們家那個誰誰誰，現在在某某大廠當工程師啦，在某某金控當高管啦」
這東西講出去，簡直比買名牌包還要有風
但問題來了，建立在這種「父母面子期望值」上的職涯，真的對你有實質幫助嗎？
我們把事情剝開來看，舉個最簡單的例子
假設不管你做什麼，你進了一家聽起來還不錯的公司，一個月拿個五萬塊的薪水，五萬塊，聽起來比上不足比下有餘，但各位，你有好好沉靜下來，認真去拆解這五萬塊背後的成本嗎？
這五萬塊，真的是你付出的勞力，一比一用現金換來的等值回報嗎？
還是說，這個資本主義市場其實偷偷做了一個極大的 discount，把你的實際產值打了骨折才發給你？
更殘酷的是，這五萬塊有沒有所謂的時間價值損耗？
對你來說，這份工作是時間越久你越有力，還是時間越久你越無力？
各位讀者有好好去算過這筆帳嗎？
我們都知道，在金融市場裡，當我們要去評估一檔股票或一家公司的價值時，我們會去折算它未來的自由現金流
在財務工程裡，我們最常用的就是現金流折現模型，我們會把未來的每一筆錢，用一個折現率 r 給算回現在的現值，我們也會把公司的生產設備、廠房算上折舊，最後才決定願意掏多少錢去買這家公司
但奇怪的是，當你把自己當成一個「產品」、一個「生產工具」賣給老闆的時候，你各位有好好去折算過自己的真正產值嗎？
你的老闆，或是那個發薪水給你的政府機關，他們買斷你一天八到十小時的時間，到底是虧待了你，還是其實是佛心來著付了你溢價？
讓我們用一些時間價值跟金融衍伸品的概念來拆解一下
各位應該不難發現一個現象，剛畢業初入職場的年輕人，工作個一兩年內，通常像打了雞血一樣，你對公司未來的升遷、對這份產業的發展，還有對個人技能的建立，都抱持著極大的熱情
就像我當年剛進金融業的時候一樣，每天幻想自己也能飛黃騰達，為什麼這時候你會這麼拼？因為這時候你的動力是建立在「未來的想像」上
如果我們用金融估值的Gordon Growth Model來看，一家公司的價值 P = D(1+g)/(r-g)
這個公式裡的 g 就是未來的成長率
年輕的時候，你大腦裡主觀認定的 g 是無限大的，你覺得自己前途無量，所以你願意無怨無悔的加班、被主管狗幹也吞下去，因為你覺得這是為了未來龐大的現金流在鋪路
但是，時間這個東西是很無情的物理量
熱力學第二定律告訴我們，孤立系統的熵總是會不斷增加，如果不持續注入新的能量，事物就會走向混亂跟衰亡
當你在公司待了三年、五年，你發現時間價值慢慢流逝，你的青春肉體不再像以前一樣熬夜隔天還能生龍活虎，你發現你技能增長的速度雖然有，但遠遠低於你當初的想像，那個 g 值開始急速萎縮，甚至變成負的
這時候，你失望透頂，你覺得自己只是個高階的免洗筷，每天在為公司打工，然後你得出一個結論：「公司給的價格太低估我了，老闆是個慣老闆」
這時候的你，要嘛開始萌生退意，準備更新履歷跳槽到願意用高薪挖角你的地方；要嘛就是想辦法離職，跟幾個朋友合夥去創業
在這種狀態下，你主觀的意識一定百分之百認為：你付出的產值，絕對大於公司發給你的那點臭錢
但，這真的是事實嗎？這到底是你主觀的巨嬰式幻想，還是客觀的財務真相？
要解答這個問題，我們必須借用一下買賣選擇權跟保險的原理來把這件事情講透
大家一開始為了追求穩定，進到一家大公司或是公家機關，領著每個月固定的薪水，這在金融工程的本質上是什麼？這本質上就是一個「你完全不會有財務損失」的交易，你的損失底線被鎖死了，是零
甚至講難聽一點，你今天去上班偷懶、擺爛、去廁所拉屎滑手機半小時，只要你沒搞出大鍋被公司開除，你這個月領到的底薪依然是一毛不少的
等於是說，有人（老闆或政府）不斷的為你付出一定的價金，但各位要知道，金融市場是講求效率的，這個金額絕對不可能是溢價
在這個局裡面，你其實扮演的是一個賣出選擇權的賣方角色，或者說你在賣保險給公司，你把你的勞動力打包賣給公司，換取固定的權利金（薪水）
經過市場效率的精密計算，這筆權利金絕對是已經扣除了各種營運成本與風險後的「折價」，你不可能在沒有承擔商業風險的情況下，得到超額的溢價
更可怕的是，做過選擇權賣方的人都知道，賣方最怕的就是尾部風險，你以為你在這家公司穩穩領薪水沒有風險嗎？
錯了，你其實承擔著極端龐大的隱性尾部風險
第一，公司如果遇到黑天鵝事件垮了，你的收入瞬間歸零，而你可能已經中年了
第二，你可能會被公司冷凍、被調去一個屎缺
你可能會說：「這算什麼風險？反正我薪水照領，大不了我在位子上躺平」
這就是很多人最大的盲點，因為你腦子裡只有「錢」這個維度，其實你損失的是「時間」，是選擇權裡面的 Theta 值
在衍生性商品中，時間價值流失的速度是負的，當你每天坐在一個你不喜歡的屎缺上，做著狗屁倒灶的事情，你以為你沒虧錢，但你正在虧損你人生最寶貴的不可逆資產：你的精力和青春
這種尾部風險，並非以金錢的形式從你的銀行帳戶裡扣款，它會用你的時間、你的市場競爭力、你個人經驗的停滯來強行扣款
你在一個溫水煮青蛙的環境裡，技能樹停止生長，這才是最致命的破產
那要怎麼克服這個聽起來讓人絕望的惡性循環？
其實思維轉個彎就解開了，那就是：把「打工」跟「創業」的思維融合在一起
你可能會罵我：「靠北喔，老子上班已經夠累了，你還叫我打第二份工？」
不不不，我不是叫你下班去跑外送或經營什麼微商
我要說的是，你必須把現在這份工作，當成是你自己的「實境商業模擬遊戲」
老闆雖然每個月只付你那點低估的薪水，但你可以把它當成是，你正在「帶薪創業」，你在用別人的錢，培育自己抵禦未來風險的能力
比如說，你遇到一個超難搞的奧客，或是遇到一個天天找你碴的跨部門主管，一般社畜的心態就是上 PTT 或 Facebook發文狂罵
但如果你是創業家心態，這就是在免費練習「極端職場溝通」、「危機處理」跟「情緒控管」啊！
你可以在這裡學到銷售技能、控制風險技能、論述邏輯技能，甚至是講搞笑一點的….跟人家優雅吵架還能吵贏的技能
這些人際合作的眉角，對你未來不管是真的去創業，還是去談龐大的商業合作，幫助都是核彈級別的
而且，這種在職場上累積人脈和技能的行為，在統計學和選擇權裡，這叫做買入一個極具凸性的看漲選擇權
它的特徵是：下檔風險極度有限，反正最差就是繼續領那五萬塊底薪；但是潛在獲利卻是無限的爆發點！
你可能因為在某次專案中，不卑不亢的跟某個潛在合作方的老闆達成共識，對方非常賞識你，幾年後直接挖你去當新創團隊的核心合夥人，這種事情在業界屢見不鮮
當你這樣想的時候，你會發現一件超級有趣的事情，你的心態瞬間就昇華了，你不再自認為是一個「被迫賣命、還被老闆低估的可憐勞工」，你會轉念成「老闆這個傻B，竟然花錢請我來學東西、建立我自己的人脈」
你不用自己拿幾百萬出來繳創業的學費，還有人每個月定時匯錢讓你去經歷這一切商業運作的真實戰場，哇靠，這根本賺爛了好嗎！？
所以，職場就是一個社會大學，但是，沒有人會一輩子待在學校裡，當你在這個「帶薪學校」裡累積了足夠的超額報酬能力後，你一定會產生一種待價而沽的衝動
你會清晰的意識到，自己現在真實的價值，已經遠遠超過這家公司支付給你的時薪
這時候的你，處在一個極端被低估、擁有超高安全邊際的狀態這就像是物理學裡面的彈性勢能，你把自己像一條橡皮筋一樣，深深的壓縮在一個低估值的位置，不斷蓄積能量 當你決定放手一搏，離開這個體制去創業或跳槽時，你釋放出來的動能將會是毀滅性、暴力等級的巨大，你的價值創造，會呈現指數型的噴發～
講到這邊，我們再回頭看看文章一開頭的問題：
各位父母一開始叫你去做那些鐵飯碗的穩定工作，這件事到底是對還是錯？
其實，人生這場投資遊戲，從來就不是簡單的 YES 或 NO，它比較像是一個關於時間週期的函數
一個穩定的工作環境，其實是給你一個非常好的「低波動率底座」，問題在於，很多人把這寶貴的時間價值，全部拿去抱怨慣老闆、滑 IG、團購下午茶，完全沒有用來精進自己或轉化思維
這種人，等於是白白浪費了別人讓你處在「看似低估」的蓄積期….而且最諷刺的是，你自以為你是被低估的千里馬，但實際上你的真實價值根本就是個笑話
時間日積月累下來，如果那些真正有在蓄積能量的人出去闖，爆發力會強到讓人看不懂；
但如果你在職場上，只是在累積怨氣、當個薪水小偷，那你大概率出去社會也是死路一條
講難聽一點，為什麼說當薪水小偷的人人生最可悲？
因為當你在偷懶、摸魚的時候，你以為你佔了公司的便宜，但用財務工程的眼光來看，這時候老闆付給你的薪水，其實是極度嚴重的「溢價」（你創造的產值根本配不上你領的錢，你是一個被高估的不良資產…）
市場機制是非常冷酷無情的，當你帶著這種虛胖的估值跟廢物般的技能離開舒適圈，你很快就會遇到金融界最鐵的定律….就是均值回歸
你的身價會迅速崩盤，回歸到你應有的真實價值（通常趨近於零或是最低基本工資），這是宇宙鐵律，沒有任何人可以扭轉
所以，投資這件事情，其實跟你的人生 Online 遊戲怎麼玩，是有著絕對正相關的，這不單單只是你懂不懂看K線、懂不懂財報的問題，更多的是跟你大腦底層的運作邏輯有關
一個在職場上混吃等死、搞不清楚「價值」與「價格」脫鉤關係的人，出來創業絕對是被當韭菜割，做投資也一定只會追高殺低
因為他們不懂得評估資產的隱含波動，遇到逆風的時候不知道怎麼做風險控管，更不懂什麼叫做臥薪嘗膽、什麼叫做在低谷中韜光養晦來壓低成本建倉
人生是一條很長的複利曲線，你一開始如果能把自己的勞力估值這套底層邏輯想透徹，不被表面的薪水數字迷惑，懂得在無風險的環境裡狂買自己未來的看漲選擇權，那你後面的職涯跟投資之路，大概都會走得比任何人都還要通透且輕盈～"
貼文15_第1串,"(人要麼孤獨，要麼庸俗)
每個經營自媒體或是個人日記的人，心中幾乎都住著一個假想觀眾，總覺得所有人都在看我，然後為了迎合大眾的口味，就會跑去做一些平常根本不會做的瞎事，比方說刻意去搞笑啊、去做一些譁眾取寵的行為，基本上完全是為了滿足別人，而不是專注在自己的東西上
這種事如果在娛樂圈或網紅圈，那叫敬業；但如果你把這套心態搬到投資市場上，哇塞，那問題可就大了～
我們都知道，人類是群居動物，從遠古時代開始，我們大腦的內建程式就是尋求社會認同跟尋求群體認可，因為在原始社會，被群體排擠就等於準備被老虎吃掉
嗯，但是在投資這件事情上，你真的需要共識嗎？
你真的需要別人的認同嗎？
你仔細去想一下投資的本質，如果你買的東西大家都覺得好，那價格早就飛到天上去了，你哪來的獲利空間？
這就要提到Howard Marks曾經在他的投資哲學裡一直強調第二層思考，大意是說：如果你跟市場上大多數人的共識一樣，你的績效最多就是個平均值，反之你要想獲得超額報酬，你的觀點就必須跟共識「不一樣」，而且還要「是對的」（….所以你在交易時到處去尋求認同，基本上就是在尋求平庸）
/"
貼文16_第1串,"像我平常就會遇到一種人，跑來問我對某個標的或大盤的看法，嘴巴上說是希望我來challenge他的觀點，這種願意接受反向思考的當然還好，但更多的時候，他們其實只是來求認同的～因為他心裡早就有答案了，他只希望從我嘴裡聽到那句「YES，你說得對」，想藉由我的肯定來安撫他自己內心的焦慮
但我覺得這種情況在投資上是一件非常有害的事情，為什麼？
因為市場是殘酷的，它不講人情啊！
如果你身邊都圍繞著一群對你說YES、只會幫你拍手叫好的人，而不是那種會在你上頭時幫你踩煞車的人，那你等於是把自己關在一個超級巨大的同溫層裡面，在同溫層裡，錯誤的邏輯會被不斷放大，最後大家一起手牽手跳下懸崖
我以前常常反思，投資這條路，你有百分之九十的時間都在忍受孤獨…這是一場非常私人的修行，你根本不需要、也不應該到處去跟別人講你的部位，然後讓別人給你掌聲
你賺錢了，跑去跟別人分享你的喜悅，人家表面上說恭喜，心裡可能酸得要死，覺得你在炫耀，更壞心的是想看你從神壇摔下來；反之，你賠錢了跑去討拍，別人其實也就是來看戲的，對你的帳戶餘額一點幫助都沒有…
(續
/
View 1 more"
貼文16_第2串,"（市場上有很多公司的「護城河」，說白了根本毫無價值，完全不值得你為了它去開槓桿…）
有些公司的所謂護城河，完完全全建立在其他的外部因素上，本身根本缺乏扎實的公司基礎與核心競爭力
所以這種公司，可能你個人主觀認定它有護城河，或者看新聞別人也覺得它充滿利多，散戶都在放送
但只要把外在的條件與因果關係抽離，你試著去用一些What if（如果發生什麼事會怎樣）的條件去對它做個壓力測試，你馬上就會發現這家公司其實潛藏著超級多不確定性，而且你可能一個問題都回答不出來（這攸關你在回調或是崩盤有沒有底氣抱得住～）
舉個例子，最近市場上某些很熱門的記憶體大廠，大家都在看多，覺得有大型私募入股、產能被包下就好棒棒，但它的利多基礎到底在哪？？
有沒有可能就是剛好撿人家不要的剩飯啊？
國際三大廠把產能全部轉去做高階的HBM，把成熟製程的空間讓出來，訂單才外溢到它身上，而這種外溢是否有不可逆轉性？？
別忘了資本主義就像鯊魚vs血腥味一樣，哪裡有利潤（血），哪裡就有人殺進去（鯊魚）
這題也許各位心中早已有答案，但重要的不是答案，重點是如何問對問題進行極端壓力測試
（續
/"
貼文16_第3串,"再來就是地緣政治的紅利，因為制裁的關係，大家不敢隨便用對岸的晶片，好，現在「What if」來了：中國大陸的長鑫存儲現在正瘋狂擴產，準備把低階市場捲成白菜價，那如果長鑫存儲的良率跟產能大爆發，低價傾銷到全球呢？如果哪天國際大廠稍微回頭搶一下市佔呢？如果地緣政治的制裁條件逆風了呢？
這些逆風條件一旦發生，它還值得你買進加碼嗎？
記憶體並非我的研究專業，所以「以一個門外漢來說」，我會第一時間想要知道這些問題，並把它研究明白
說真的，如果都回答不上來，我可能就會把它歸納成底層邏輯不穩的公司，根本抓不到好的進（出）場位置，盲目跟進去的幾乎都是賺動能財，未必出得到好位置
如果你連這家公司面臨變數時該怎麼辦都無法回答，那只要市場風向一變、遇到逆風，你心裡肯定會開始發慌～
到時候你絕對抱不住手上的持股，跌下去你也不敢在低檔重倉加碼，接著保證金你也交不出來……最後的結局就是，你前面靠運氣賺來的錢，全部都要連本帶利賠回去給市場，真的就是這麼殘酷
說句實在話，放眼整個台灣市場，除了台積電之外，其他公司我基本上連想都不會想去了解～
（續
/
View 1 more"
貼文16_第4串,"我以為葉劉見面會是香港網友惡作劇
原來是真的XD
說真的很突兀…
bunbunbun13"
貼文17_第1串,"複習舊文，應景一下
（嗯，寫來寫去都是差不多的東西）
make_investment_easy
09/27/25
原油這個框架我在 Threads 舊文分享過好幾次了
老實講，為什麼一直講？
因為油跟利率這兩個要素，幾乎把市場所有投資決策都串在一起
利率就是錢的價格
原油就是生產跟運輸的底層成本
這兩個一動，股票、債券、匯率，甚至傳導到你家的電費、物流成本，通通會跟著動
多數人習慣盯個股、K 線、財報，這沒錯
但如果你是做資產配置、看週期節奏的人，油價常常比 CPI 這種月度統計更快給你訊號
很簡單，油是每天成交、即時反映供需
CPI 是月底才結算、還要季調，本來就有延遲
很多時候，油的期現貨價格變化，甚至煉油的利差，會比新聞還早透露景氣方向
But 我現在卡住的點，是要怎麼把這套東西透過簡單的語言講到小白也聽得懂XD
所以接下來我會先講結論,再把邏輯拆散，講到各位聽懂
首先，你先記三件事就好：
第一，現在的油價是在反映需求還是供給？需求就是大家用油用多少，供給就是全世界每天能拿出多少
我們都知道供需會決定價格，至於供給跟需求哪一個影響的權重比較大？這要根據你手邊現有的資訊做判斷（文中會討論）
多數戰爭和衝突只會讓油價短線跳個幾下，真正把油價中間那條水平線往上或往下挪移，還是全球景氣和供需重新平衡的結果
各位可以回頭看幾個經典時間點你就會有感，像70年代兩次油危機、1990海灣戰爭、2007–2008那一波，都符合這個邏輯，短線靠事件，長線看基本面，尤其是需求端的力道～
第二，期貨是近月比較貴？還是遠月比較貴？（近月貴≈現在比較緊缺）
第三，油價跟利率是同方向共振還是互相拉扯？
把這三個問題先想清楚，基本上可以過濾八成以上的市場噪音，然後專注在自己投資
很多人卡在新聞標題（今天減產、明天制裁、後天戰爭…），讓雜訊影響到你的投資決定
但你把這三件主線邏輯弄清楚，你就不會被新聞標題牽著鼻子走
鑒於有一些看文章的朋友是完全新手小白，所以這邊容我稍微囉唆一下，把幾個東西解釋清楚
第一個叫期貨vs現貨
現貨就是現在要的油(付錢提貨那種)
期貨就是先講好未來某個月份要交割的價格
第二個叫逆價差(backwardation）：近月比較貴、遠月比較便宜，表示市場現在比較缺，大家願意多付一點錢趕快拿到
第三個叫正價差（contango）：遠月比較貴、近月比較便宜，代表現在油不缺，反而是未來比較貴，這樣就會有倉儲商去買現貨、賣遠月，靠價差賺錢
第四個叫月間價差（timespread），最常看的就是近月減次近月的差，這個數字在教你：短期到底在緊縮還是在寬鬆？
第五個叫裂解價差（crack spread）
簡單說就是，把一桶原油拿去煉，煉出來的汽油、柴油、航煤的加總價值扣掉原油成本，剩下就是煉廠能賺的毛利（如果柴油裂解價差在走強，通常是工業和物流的力量在撐；如果汽油很強、柴油很弱，常見畫面就是旅遊旺、工業轉弱。當然啦，這只是經驗上籠統的觀察，實際情況要個案分析判斷）
第六個叫基準油vs升貼水
世界有幾個主要基準油：Brent（布倫特）、WTI（美國）、Dubai（杜拜／中東），很多長期合約會用基準價＋升貼水來結算，升貼水反映品質、地點、航程、供需緊不緊
（這套制度是在2000年代後慢慢定型的，簡單說：期貨變成定價的底，現貨圍著期貨跑，再用升貼水把每個地區的差別補進去）
有了名詞，我們來講判斷順序
我自己看油，一定先看價格曲線，因為曲線是市場大資金交易出來的結果，騙不了人
你打開期貨報價，先瞄一下近月跟次近月的差：如果近月堅挺、遠月軟趴趴，就是逆價差，代表現在真的有人在搶油
如果整條曲線是正價差，代表油一堆，現貨沒啥人要
這個資訊，常常比新聞快半步，你可以當成前瞻觀察重點
比如OPEC+在那裡講要不要延長減產，你會發現，有時候曲線早就先動了，因為交易桌的人已經嗅到庫存、出港、運價的變化
這是制度化的必然結果，因為現在大部分交易都是基準油＋升貼水，期貨的方向本來就會帶著現貨走
曲線看完之後，接下來才是觀察需求
我之前講過，原油需求端可以拆分很細很細
你不像英國BP那樣砸錢養這麼多研究員，所以研究需求其實不用把自己搞得那麼複雜，你只要做到模糊正確即可
你先把油的用途拆成三段：汽油（通勤跟休閒）、柴油（工業、卡車、航運）、航煤（航空與跨境旅遊）
把這三段和景氣疊在一起看就好
你會發現，多數時候是柴油在領風向（工廠和物流的動作一放慢，柴油裂解價差就會疲軟）
但疫情後的復甦，航煤有時候會變成主角，航班回來，航煤需求一拉，曲線也會跟著緊一些
再說一個判斷訣竅：不要只看一個國家的用油數字，要看「哪一塊在擠哪一塊」，什麼意思呢？
就以2007–2008年那波往上衝為例，供給端沒什麼增長、但新興市場需求暴衝，結果是歐美先被擠掉一段需求，油價才衝到天花板，最後景氣轉弱才整體回落，典型的需求把油價推到破壞點，反饋到通膨上，經濟踩刹車後再下來
供給要拆成三個層次看，這樣才不會被單一消息沖昏頭
第一層是OPEC+，這是王牌…，人家手上有可動用產能、也有配額與話術，可以調節波動、改變市場預期
像過去幾年你常看到他們先宣布延長自願減產，過幾個月再看狀況續不續，這種走一步觀察一步的節奏，就是在守一個對他們國家財政比較舒服的價格區間，不會只求短線最高價，因為油價太高，需求會被殺、又會讓美國頁岩油搶走市場份額
你只要記得，要看他們的動作，不要只聽他們的話，因為有些時候嘴巴說減產，實際出口又彈回來，其實就是走一步觀察一步的結果
第二層是美國頁岩油
頁岩的特色就是供應彈性快、但成本重
以前油價一上去，頁岩公司就猛開鑽機，拼利潤
現在不一樣了，股東要現金流、要回購、要股利，所以公司不會盲目增產，而且地層裡最好開採的甜蜜點已經用了十幾年，效率的進步也不像剛開始那麼猛
所以講到這邊，你就會知道，觀察美國頁岩油兩個很有用的數字：
①活躍鑽機數（Baker Hughes每週公佈）
②DUC（已鑽未完井的井）
這兩個是判斷短期彈性的重要線索，近幾年DUC被用得差不多了，代表想快速增量的能力變少，頁岩的增產速度自然不會像過去那麼快
第三層是長週期的大案子，像巴西遠海、圭亞那新盆地、加拿大油砂、挪威北海
這些專案一從投資到出油，5–7年跑不掉，所以它們決定的是下一輪中期中樞，不是下個月的價差
你要看的重點反而是：
這幾年全球上游資本開支到底給不給力？
如果大家都只肯投維持生產那種最低限度，那就等於把未來幾年的供給天花板拉低一點點
這解釋了為什麼很多人會說「中樞在中高位震盪」，廢話，因為供給端沒有在大幅加碼，需求只要沒大衰退，油價就不容易回到上個十年的那種低檔啊
好，核心三件事情講完，穿插幾個經典案例作說明
第一個，1973年第一次石油危機
很多人以為是戰爭讓油價翻倍，但其實關鍵是制度改變所致，何以？
產油國把定價權從跨國石油公司手上搶回來，而且美元體系在那幾年也在震動，石油這個以美元計價的大宗品就被一起推上來
你如果把油價去通膨後來看，會更清楚：那一波不只是尖峰，而是整個中樞往上挪
第二個，1979年伊朗革命那次，供給少掉是一回事，真正推波的是「全球需求旺＋貨幣寬鬆」，等主要經濟體降溫、效率投資起來，油價才慢慢回落
第三個，1990海灣戰爭，短線也確實噴了那一下，因為其他中東產油國配合增產，油價很快就回到戰前附近，證明「短期事件」如果沒帶動全球供需變動的基柱，通常只能影響幾個月
第四個，2007–2008年那一波，供給卡住、需求衝很快，最後景氣一轉彎，油價就摔下來了
這四個故事串起來，就是我前面講的總結：長線看增速，短線看稀缺
至於大家平常喜歡關注的「各國價格戰會不會真的影響油價？」這件事，我也來論述幾個我自己的看法：
首先你應該先問自己，價格戰到底在戰什麼？
肯定不只是戰價格，其實核心在搶份額＋話語權
誰能用更低的邊際現金成本撐久一點，誰就能逼對手先縮手，份額跑到你這邊來
份額穩住了，以後你調價、開會放話，市場才會理你
就像夜市兩家賣雞排，一家成本低又現金多，他可以短期降價去搶排隊人潮，等隔壁那家現金撐不住縮攤子，他再把價格調回來
那為什麼會挑這個時間點開打？
通常有三種因素：需求轉弱、庫存偏高，想靠降價拉量
對手成本高或資金緊，趁他喘不過氣往下壓
或是有政策、地緣壓力，必須把現金流先衝出來
要引發價格戰有幾個條件：成本夠低、現金流耐受度高、融資與物流順暢（船隊、保險、信用期談得動）缺一兩項，打沒幾回合自己就先搞死自己
價格戰有幾種檯面上的形式：下調官方售價、給折價、把信用期拉長、補運費或改航線、先放話測市場反應
這些會直接反映在價格上
短線你會先看到期貨曲線變形，近月跟次近月的差（M1–M2）往contango靠近，代表貨變多、囤貨有利可圖
中期看現貨與庫存，庫存墊高，現貨價格被壓，煉廠毛利（裂解價差）被擠壓
長一點的時間，如果對手被擠出場或縮產，市占重分配完，價格中樞才會慢慢彈回去
怎麼判斷是真的在打，不是新聞熱鬧而已？
很簡單，三件事同時成立就八九不離十：
曲線連續幾天往正價差走+出口與官方售價同時動（出港量放大、對特定市場的 OSP 下調、折價擴大）+運價走弱但煉廠趁便宜拉貨、庫存連續上升
如果只動一個點，很可能是打嘴砲
那什麼時候價格戰會收手？
一樣看三種情況是否成立：
打的人金流吃不消+戰略目標達成（對手退讓或投資被嚇退）+外部環境翻多（需求回溫或政策改口改配額）
通常桌下先喬，才看到公開的協調或聯合減產
所以不要看新聞說誰先看誰讓出份額
因為份額是打完才會清楚的結果，中間充滿季節、維修、航線調度的雜訊
現在回到怎麼去判斷原油的邏輯
如果今天你只有五分鐘，我的流程是這樣：
第一，看期貨曲線的近月對次近月（M1–M2）
如果三天內從正數縮到快零，市場很可能在預期庫存回補或政策要動
如果三天內突然拉很陡，代表現貨稀缺感很強，別幻想用慢慢攤的方式撿便宜，因為carry成本（持有成本）會吃你
第二，看裂解價差：柴油＞汽油→工業與物流在撐，汽油＞柴油→旅遊旺季
航煤在拉→跨境動能回來
第三，看運價，尤其是中東到亞洲、大西洋航線的VLCC（超大型油輪）
運價先動、曲線跟著動、庫存最後動，這是很常見的順序
第四，每週看一次組合型庫存：原油＋汽油＋餾分油（柴油）＋煉廠開工率＋出口，單看原油庫存很容易被誤導
像美國這塊，最近幾年你會看到成品油庫存很常在低檔徘徊，而SPR（戰略油儲）長時間在回補與暫停之間調節，這些都會影響市場情緒跟基差
再來我們聊能源戰略，這很重要，各位一定要去了解每個國家的戰略底牌（如果可以的話稍微留意一下國際政治的跨領域知識），你要去知道哪些東西是不能被違背的，你就可以據此去推敲出一些每個國家可能應對的戰略，從2014年我就把這個框架用到現在，只是中間會有一些要素的修正，但整體的大框架是不變的
先說說美國吧，美國的打法說穿了就是用頁岩的彈性、用SPR、用制裁工具、用美元結算的影響力，去管理國內汽油價（跟民生直接綁在一起）以及對特定國家的壓力
頁岩這幾年比較慢的原因並不是技術退步，是資本市場口味變了，資本要自由現金流、要股東回饋，所以鑽機不像以前那樣一喊衝就衝
你從DUC一路下降、活躍鑽機數不像油價那樣同步飆的畫面，就知道短期彈性被收斂
這代表什麼？代表政策（包含SPR）的節奏在美國油市裡更重要
沙烏地阿拉伯帶著OPEC+要的是「波動可控＋中期可預算」，這是他們的底牌（因為他們的財政赤字問題嚴重）
他們不會追求永遠最高價，因為太高需求會被打掉，也會把對手的頁岩養胖
守一個他們財政舒服、但不會扼殺需求的區間平衡，才是他們care的
這也是為什麼你常看到他們「先放訊息→觀察曲線與庫存→再決定延長或退場」
這裡你要學的是看官方售價（OSP）的細節調整，這常常是下一季流向的先行訊號
如果對亞洲上調、對歐洲下調，你大概就能推得出來成品油出口與運價會怎麼變
俄羅斯就比較直接，他們現金流要求穩，地緣話語權也要留著
制裁之後他們會用折價、改航線、找替代保險、用影子船隊這些方法把出口撐住
這樣就會出現你常看到的畫面：口頭說要減，實際出口又回來
遇到這種時候，最簡單的做法就是把他們的出口節奏跟航線運價一起看
如果俄羅斯對外放話聽起來很硬、但運價與曲線沒跟，那多半就是打嘴炮，不會有實際作為
中國的底牌就是能源安全＋能源效率
安全就是來源分散、長約鎖量
效率就是大煉化一體化、配額節奏、把原油變成高附加價值的成品和化工品
這幾年你看得到的畫面就是：原油加工量與進口量的節拍調整很細，配額鬆緊也會因為內需與外銷的拿捏而改變
當航煤復甦，整條裂解價差也會被帶動
這種用制度把波動拆小塊的做法，對全球基差、對亞洲運價都有影響
歐盟比較辛苦，短中期還是高度依賴柴油，煉廠關停之後要恢復很慢，
加上天然氣價格的影響，每到冬天政策就要在安全+轉型+競爭力三角裡取捨
你跟著柴油裂解價差看，大概就能知道政策的調節窗，裂解價差一拉，放鬆的工具就會出來
裂解價差掉、工業轉弱，政策空間就比較大
印度這邊的特色是低價買、煉成高價賣
把折價油煉成柴油航煤再賣到全球，等於是亞洲成品油的樞紐，這會直接影響亞洲的裂解價差和VLCC航線
日本、韓國這種高度依賴進口的國家，配法是長約＋IEA義務庫存＋煉化一體化
他們靠效率吃價差，裂解價差好的時候，成品出口會飆上去
曲線進入大contango的時候，庫存策略本身就能變成一個收益來源（俗稱存油賺carry）
伊朗、委內瑞拉這些受制裁的供給，市場通常用先反應、後觀察
消息說放寬，曲線先軟，實際增量常常要幾週甚至更久才看得到
反過來，消息說收緊，先動的也往往是折價和運價
所以，你不要急著相信新聞，建議搭配數據看
講到這裡，我們來做幾個推演
假設今天新聞跳出來：「某國口頭宣布再減產30萬桶/日」
你先不要急，先按下暫停
第一步，打開曲線看近月–次近月有沒有同步拉開
第二步，看看VLCC那幾條主航線有沒有一起往上衝
第三步，兩三天後看一次EIA（或其他）庫存組合
如果曲線沒動、運價也沒跟，八成是打嘴炮
相反的，如果曲線立刻拉開、航線運價往上衝，代表市場覺得現貨要變緊，這時候你就要警覺是不是有庫存回補的壓力？或其他供應一起收縮？
再做一個推演
美國公布活躍鑽機數又掉，但產量還在高位
很多人會問「這不是矛盾嗎？」不矛盾，因為DUC之前用了很多、而且把過去的效率改善吃出來了
可是這種紅利不是無限，DUC掉到低位之後，短期要再加量就需要新鑽、完井，節奏會變慢，這就是為什麼近年頁岩的短期彈性看起來比以前鈍化
你看到DUC一路往下、完井數跟不上，腦中就要自動浮現：「未來的增量可能沒有想像中快」
很多人會說：「那到底未來一年油價會到多少？」
我比較不愛給單一數字，因為那常常變成心理錨
我給你條件組合比較實用，如果全世界增速還不錯、OPEC+偏向延長托市、頁岩維持資本紀律、庫存又在低分位、曲線呈現逆價差，那就是中高位震盪+波動受控的世界
反之，如果全球下行、曲線轉正價差、倉儲交易回來、OPEC+釋出退場暗示，那就是中樞下移、波動變大
這種講法的好處是：你不會被單一價位綁死，你會知道自己在什麼場域做決策
回顧近幾年的供需與上游CAPEX，很多研究也傾向這個結論：油價容易落在一個中高的區間震盪，遇到景氣轉弱才會回到較低中樞
另外講幾個各位容易犯的小毛病，避免你白白繳學費
第一個小毛病：單看原油庫存就下結論
你要把汽油、柴油、煉廠開工、出口一起看，因為很多時候是成品在緊縮，原油在寬鬆（或反過來），單看其中一個很容易判錯
第二個小毛病：把美元指數當油價唯一決定因子
短線確實有時候反向、長線更要看實質利率跟需求組合，這不能偷懶
第三個小毛病：忽略維修季
春秋兩季煉廠會因為維修而讓開工率掉下來、裂解價差會有一陣子失真，所以不要把季節訊號當趨勢
第四個毛病：把新聞的情緒看太重而忽略曲線的事實，這一個就很荒謬了，有時候人家打資金交易出來的結果你不去看，反而隨波逐流？那不就很搞笑？
整個框架大概整理到這這邊，我不敢說這框架以後不會變，尤其是新能源如果佔據主導地位的話，原油的影響權重說不定會下降，這個框架又要修改，但如果原油一樣是市場通膨的核心定價因子，那麼這個框架就會一直存在
我不保證你看完這篇文章就能賺錢
但是我保證只要抓住這些，油價是在80、90、還是100，都不會讓你被新聞事件干擾，你能穩定而且有主見的獨立思考，並且勇敢做出判斷"
貼文18_第1串,"原油這個框架我在 Threads 舊文分享過好幾次了
老實講，為什麼一直講？
因為油跟利率這兩個要素，幾乎把市場所有投資決策都串在一起
利率就是錢的價格
原油就是生產跟運輸的底層成本
這兩個一動，股票、債券、匯率，甚至傳導到你家的電費、物流成本，通通會跟著動
多數人習慣盯個股、K 線、財報，這沒錯
但如果你是做資產配置、看週期節奏的人，油價常常比 CPI 這種月度統計更快給你訊號
很簡單，油是每天成交、即時反映供需
CPI 是月底才結算、還要季調，本來就有延遲
很多時候，油的期現貨價格變化，甚至煉油的利差，會比新聞還早透露景氣方向
But 我現在卡住的點，是要怎麼把這套東西透過簡單的語言講到小白也聽得懂XD
所以接下來我會先講結論,再把邏輯拆散，講到各位聽懂
首先，你先記三件事就好：
第一，現在的油價是在反映需求還是供給？需求就是大家用油用多少，供給就是全世界每天能拿出多少
我們都知道供需會決定價格，至於供給跟需求哪一個影響的權重比較大？這要根據你手邊現有的資訊做判斷（文中會討論）
多數戰爭和衝突只會讓油價短線跳個幾下，真正把油價中間那條水平線往上或往下挪移，還是全球景氣和供需重新平衡的結果
各位可以回頭看幾個經典時間點你就會有感，像70年代兩次油危機、1990海灣戰爭、2007–2008那一波，都符合這個邏輯，短線靠事件，長線看基本面，尤其是需求端的力道～
第二，期貨是近月比較貴？還是遠月比較貴？（近月貴≈現在比較緊缺）
第三，油價跟利率是同方向共振還是互相拉扯？
把這三個問題先想清楚，基本上可以過濾八成以上的市場噪音，然後專注在自己投資
很多人卡在新聞標題（今天減產、明天制裁、後天戰爭…），讓雜訊影響到你的投資決定
但你把這三件主線邏輯弄清楚，你就不會被新聞標題牽著鼻子走
鑒於有一些看文章的朋友是完全新手小白，所以這邊容我稍微囉唆一下，把幾個東西解釋清楚
第一個叫期貨vs現貨
現貨就是現在要的油(付錢提貨那種)
期貨就是先講好未來某個月份要交割的價格
第二個叫逆價差(backwardation）：近月比較貴、遠月比較便宜，表示市場現在比較缺，大家願意多付一點錢趕快拿到
第三個叫正價差（contango）：遠月比較貴、近月比較便宜，代表現在油不缺，反而是未來比較貴，這樣就會有倉儲商去買現貨、賣遠月，靠價差賺錢
第四個叫月間價差（timespread），最常看的就是近月減次近月的差，這個數字在教你：短期到底在緊縮還是在寬鬆？
第五個叫裂解價差（crack spread）
簡單說就是，把一桶原油拿去煉，煉出來的汽油、柴油、航煤的加總價值扣掉原油成本，剩下就是煉廠能賺的毛利（如果柴油裂解價差在走強，通常是工業和物流的力量在撐；如果汽油很強、柴油很弱，常見畫面就是旅遊旺、工業轉弱。當然啦，這只是經驗上籠統的觀察，實際情況要個案分析判斷）
第六個叫基準油vs升貼水
世界有幾個主要基準油：Brent（布倫特）、WTI（美國）、Dubai（杜拜／中東），很多長期合約會用基準價＋升貼水來結算，升貼水反映品質、地點、航程、供需緊不緊
（這套制度是在2000年代後慢慢定型的，簡單說：期貨變成定價的底，現貨圍著期貨跑，再用升貼水把每個地區的差別補進去）
有了名詞，我們來講判斷順序
我自己看油，一定先看價格曲線，因為曲線是市場大資金交易出來的結果，騙不了人
你打開期貨報價，先瞄一下近月跟次近月的差：如果近月堅挺、遠月軟趴趴，就是逆價差，代表現在真的有人在搶油
如果整條曲線是正價差，代表油一堆，現貨沒啥人要
這個資訊，常常比新聞快半步，你可以當成前瞻觀察重點
比如OPEC+在那裡講要不要延長減產，你會發現，有時候曲線早就先動了，因為交易桌的人已經嗅到庫存、出港、運價的變化
這是制度化的必然結果，因為現在大部分交易都是基準油＋升貼水，期貨的方向本來就會帶著現貨走
曲線看完之後，接下來才是觀察需求
我之前講過，原油需求端可以拆分很細很細
你不像英國BP那樣砸錢養這麼多研究員，所以研究需求其實不用把自己搞得那麼複雜，你只要做到模糊正確即可
你先把油的用途拆成三段：汽油（通勤跟休閒）、柴油（工業、卡車、航運）、航煤（航空與跨境旅遊）
把這三段和景氣疊在一起看就好
你會發現，多數時候是柴油在領風向（工廠和物流的動作一放慢，柴油裂解價差就會疲軟）
但疫情後的復甦，航煤有時候會變成主角，航班回來，航煤需求一拉，曲線也會跟著緊一些
再說一個判斷訣竅：不要只看一個國家的用油數字，要看「哪一塊在擠哪一塊」，什麼意思呢？
就以2007–2008年那波往上衝為例，供給端沒什麼增長、但新興市場需求暴衝，結果是歐美先被擠掉一段需求，油價才衝到天花板，最後景氣轉弱才整體回落，典型的需求把油價推到破壞點，反饋到通膨上，經濟踩刹車後再下來
供給要拆成三個層次看，這樣才不會被單一消息沖昏頭
第一層是OPEC+，這是王牌…，人家手上有可動用產能、也有配額與話術，可以調節波動、改變市場預期
像過去幾年你常看到他們先宣布延長自願減產，過幾個月再看狀況續不續，這種走一步觀察一步的節奏，就是在守一個對他們國家財政比較舒服的價格區間，不會只求短線最高價，因為油價太高，需求會被殺、又會讓美國頁岩油搶走市場份額
你只要記得，要看他們的動作，不要只聽他們的話，因為有些時候嘴巴說減產，實際出口又彈回來，其實就是走一步觀察一步的結果
第二層是美國頁岩油
頁岩的特色就是供應彈性快、但成本重
以前油價一上去，頁岩公司就猛開鑽機，拼利潤
現在不一樣了，股東要現金流、要回購、要股利，所以公司不會盲目增產，而且地層裡最好開採的甜蜜點已經用了十幾年，效率的進步也不像剛開始那麼猛
所以講到這邊，你就會知道，觀察美國頁岩油兩個很有用的數字：
①活躍鑽機數（Baker Hughes每週公佈）
②DUC（已鑽未完井的井）
這兩個是判斷短期彈性的重要線索，近幾年DUC被用得差不多了，代表想快速增量的能力變少，頁岩的增產速度自然不會像過去那麼快
第三層是長週期的大案子，像巴西遠海、圭亞那新盆地、加拿大油砂、挪威北海
這些專案一從投資到出油，5–7年跑不掉，所以它們決定的是下一輪中期中樞，不是下個月的價差
你要看的重點反而是：
這幾年全球上游資本開支到底給不給力？
如果大家都只肯投維持生產那種最低限度，那就等於把未來幾年的供給天花板拉低一點點
這解釋了為什麼很多人會說「中樞在中高位震盪」，廢話，因為供給端沒有在大幅加碼，需求只要沒大衰退，油價就不容易回到上個十年的那種低檔啊
好，核心三件事情講完，穿插幾個經典案例作說明
第一個，1973年第一次石油危機
很多人以為是戰爭讓油價翻倍，但其實關鍵是制度改變所致，何以？
產油國把定價權從跨國石油公司手上搶回來，而且美元體系在那幾年也在震動，石油這個以美元計價的大宗品就被一起推上來
你如果把油價去通膨後來看，會更清楚：那一波不只是尖峰，而是整個中樞往上挪
第二個，1979年伊朗革命那次，供給少掉是一回事，真正推波的是「全球需求旺＋貨幣寬鬆」，等主要經濟體降溫、效率投資起來，油價才慢慢回落
第三個，1990海灣戰爭，短線也確實噴了那一下，因為其他中東產油國配合增產，油價很快就回到戰前附近，證明「短期事件」如果沒帶動全球供需變動的基柱，通常只能影響幾個月
第四個，2007–2008年那一波，供給卡住、需求衝很快，最後景氣一轉彎，油價就摔下來了
這四個故事串起來，就是我前面講的總結：長線看增速，短線看稀缺
至於大家平常喜歡關注的「各國價格戰會不會真的影響油價？」這件事，我也來論述幾個我自己的看法：
首先你應該先問自己，價格戰到底在戰什麼？
肯定不只是戰價格，其實核心在搶份額＋話語權
誰能用更低的邊際現金成本撐久一點，誰就能逼對手先縮手，份額跑到你這邊來
份額穩住了，以後你調價、開會放話，市場才會理你
就像夜市兩家賣雞排，一家成本低又現金多，他可以短期降價去搶排隊人潮，等隔壁那家現金撐不住縮攤子，他再把價格調回來
那為什麼會挑這個時間點開打？
通常有三種因素：需求轉弱、庫存偏高，想靠降價拉量
對手成本高或資金緊，趁他喘不過氣往下壓
或是有政策、地緣壓力，必須把現金流先衝出來
要引發價格戰有幾個條件：成本夠低、現金流耐受度高、融資與物流順暢（船隊、保險、信用期談得動）缺一兩項，打沒幾回合自己就先搞死自己
價格戰有幾種檯面上的形式：下調官方售價、給折價、把信用期拉長、補運費或改航線、先放話測市場反應
這些會直接反映在價格上
短線你會先看到期貨曲線變形，近月跟次近月的差（M1–M2）往contango靠近，代表貨變多、囤貨有利可圖
中期看現貨與庫存，庫存墊高，現貨價格被壓，煉廠毛利（裂解價差）被擠壓
長一點的時間，如果對手被擠出場或縮產，市占重分配完，價格中樞才會慢慢彈回去
怎麼判斷是真的在打，不是新聞熱鬧而已？
很簡單，三件事同時成立就八九不離十：
曲線連續幾天往正價差走+出口與官方售價同時動（出港量放大、對特定市場的 OSP 下調、折價擴大）+運價走弱但煉廠趁便宜拉貨、庫存連續上升
如果只動一個點，很可能是打嘴砲
那什麼時候價格戰會收手？
一樣看三種情況是否成立：
打的人金流吃不消+戰略目標達成（對手退讓或投資被嚇退）+外部環境翻多（需求回溫或政策改口改配額）
通常桌下先喬，才看到公開的協調或聯合減產
所以不要看新聞說誰先看誰讓出份額
因為份額是打完才會清楚的結果，中間充滿季節、維修、航線調度的雜訊
現在回到怎麼去判斷原油的邏輯
如果今天你只有五分鐘，我的流程是這樣：
第一，看期貨曲線的近月對次近月（M1–M2）
如果三天內從正數縮到快零，市場很可能在預期庫存回補或政策要動
如果三天內突然拉很陡，代表現貨稀缺感很強，別幻想用慢慢攤的方式撿便宜，因為carry成本（持有成本）會吃你
第二，看裂解價差：柴油＞汽油→工業與物流在撐，汽油＞柴油→旅遊旺季
航煤在拉→跨境動能回來
第三，看運價，尤其是中東到亞洲、大西洋航線的VLCC（超大型油輪）
運價先動、曲線跟著動、庫存最後動，這是很常見的順序
第四，每週看一次組合型庫存：原油＋汽油＋餾分油（柴油）＋煉廠開工率＋出口，單看原油庫存很容易被誤導
像美國這塊，最近幾年你會看到成品油庫存很常在低檔徘徊，而SPR（戰略油儲）長時間在回補與暫停之間調節，這些都會影響市場情緒跟基差
再來我們聊能源戰略，這很重要，各位一定要去了解每個國家的戰略底牌（如果可以的話稍微留意一下國際政治的跨領域知識），你要去知道哪些東西是不能被違背的，你就可以據此去推敲出一些每個國家可能應對的戰略，從2014年我就把這個框架用到現在，只是中間會有一些要素的修正，但整體的大框架是不變的
先說說美國吧，美國的打法說穿了就是用頁岩的彈性、用SPR、用制裁工具、用美元結算的影響力，去管理國內汽油價（跟民生直接綁在一起）以及對特定國家的壓力
頁岩這幾年比較慢的原因並不是技術退步，是資本市場口味變了，資本要自由現金流、要股東回饋，所以鑽機不像以前那樣一喊衝就衝
你從DUC一路下降、活躍鑽機數不像油價那樣同步飆的畫面，就知道短期彈性被收斂
這代表什麼？代表政策（包含SPR）的節奏在美國油市裡更重要
沙烏地阿拉伯帶著OPEC+要的是「波動可控＋中期可預算」，這是他們的底牌（因為他們的財政赤字問題嚴重）
他們不會追求永遠最高價，因為太高需求會被打掉，也會把對手的頁岩養胖
守一個他們財政舒服、但不會扼殺需求的區間平衡，才是他們care的
這也是為什麼你常看到他們「先放訊息→觀察曲線與庫存→再決定延長或退場」
這裡你要學的是看官方售價（OSP）的細節調整，這常常是下一季流向的先行訊號
如果對亞洲上調、對歐洲下調，你大概就能推得出來成品油出口與運價會怎麼變
俄羅斯就比較直接，他們現金流要求穩，地緣話語權也要留著
制裁之後他們會用折價、改航線、找替代保險、用影子船隊這些方法把出口撐住
這樣就會出現你常看到的畫面：口頭說要減，實際出口又回來
遇到這種時候，最簡單的做法就是把他們的出口節奏跟航線運價一起看
如果俄羅斯對外放話聽起來很硬、但運價與曲線沒跟，那多半就是打嘴炮，不會有實際作為
中國的底牌就是能源安全＋能源效率
安全就是來源分散、長約鎖量
效率就是大煉化一體化、配額節奏、把原油變成高附加價值的成品和化工品
這幾年你看得到的畫面就是：原油加工量與進口量的節拍調整很細，配額鬆緊也會因為內需與外銷的拿捏而改變
當航煤復甦，整條裂解價差也會被帶動
這種用制度把波動拆小塊的做法，對全球基差、對亞洲運價都有影響
歐盟比較辛苦，短中期還是高度依賴柴油，煉廠關停之後要恢復很慢，
加上天然氣價格的影響，每到冬天政策就要在安全+轉型+競爭力三角裡取捨
你跟著柴油裂解價差看，大概就能知道政策的調節窗，裂解價差一拉，放鬆的工具就會出來
裂解價差掉、工業轉弱，政策空間就比較大
印度這邊的特色是低價買、煉成高價賣
把折價油煉成柴油航煤再賣到全球，等於是亞洲成品油的樞紐，這會直接影響亞洲的裂解價差和VLCC航線
日本、韓國這種高度依賴進口的國家，配法是長約＋IEA義務庫存＋煉化一體化
他們靠效率吃價差，裂解價差好的時候，成品出口會飆上去
曲線進入大contango的時候，庫存策略本身就能變成一個收益來源（俗稱存油賺carry）
伊朗、委內瑞拉這些受制裁的供給，市場通常用先反應、後觀察
消息說放寬，曲線先軟，實際增量常常要幾週甚至更久才看得到
反過來，消息說收緊，先動的也往往是折價和運價
所以，你不要急著相信新聞，建議搭配數據看
講到這裡，我們來做幾個推演
假設今天新聞跳出來：「某國口頭宣布再減產30萬桶/日」
你先不要急，先按下暫停
第一步，打開曲線看近月–次近月有沒有同步拉開
第二步，看看VLCC那幾條主航線有沒有一起往上衝
第三步，兩三天後看一次EIA（或其他）庫存組合
如果曲線沒動、運價也沒跟，八成是打嘴炮
相反的，如果曲線立刻拉開、航線運價往上衝，代表市場覺得現貨要變緊，這時候你就要警覺是不是有庫存回補的壓力？或其他供應一起收縮？
再做一個推演
美國公布活躍鑽機數又掉，但產量還在高位
很多人會問「這不是矛盾嗎？」不矛盾，因為DUC之前用了很多、而且把過去的效率改善吃出來了
可是這種紅利不是無限，DUC掉到低位之後，短期要再加量就需要新鑽、完井，節奏會變慢，這就是為什麼近年頁岩的短期彈性看起來比以前鈍化
你看到DUC一路往下、完井數跟不上，腦中就要自動浮現：「未來的增量可能沒有想像中快」
很多人會說：「那到底未來一年油價會到多少？」
我比較不愛給單一數字，因為那常常變成心理錨
我給你條件組合比較實用，如果全世界增速還不錯、OPEC+偏向延長托市、頁岩維持資本紀律、庫存又在低分位、曲線呈現逆價差，那就是中高位震盪+波動受控的世界
反之，如果全球下行、曲線轉正價差、倉儲交易回來、OPEC+釋出退場暗示，那就是中樞下移、波動變大
這種講法的好處是：你不會被單一價位綁死，你會知道自己在什麼場域做決策
回顧近幾年的供需與上游CAPEX，很多研究也傾向這個結論：油價容易落在一個中高的區間震盪，遇到景氣轉弱才會回到較低中樞
另外講幾個各位容易犯的小毛病，避免你白白繳學費
第一個小毛病：單看原油庫存就下結論
你要把汽油、柴油、煉廠開工、出口一起看，因為很多時候是成品在緊縮，原油在寬鬆（或反過來），單看其中一個很容易判錯
第二個小毛病：把美元指數當油價唯一決定因子
短線確實有時候反向、長線更要看實質利率跟需求組合，這不能偷懶
第三個小毛病：忽略維修季
春秋兩季煉廠會因為維修而讓開工率掉下來、裂解價差會有一陣子失真，所以不要把季節訊號當趨勢
第四個毛病：把新聞的情緒看太重而忽略曲線的事實，這一個就很荒謬了，有時候人家打資金交易出來的結果你不去看，反而隨波逐流？那不就很搞笑？
整個框架大概整理到這這邊，我不敢說這框架以後不會變，尤其是新能源如果佔據主導地位的話，原油的影響權重說不定會下降，這個框架又要修改，但如果原油一樣是市場通膨的核心定價因子，那麼這個框架就會一直存在
我不保證你看完這篇文章就能賺錢
但是我保證只要抓住這些，油價是在80、90、還是100，都不會讓你被新聞事件干擾，你能穩定而且有主見的獨立思考，並且勇敢做出判斷"
貼文19_第1串,"現金為王！
godfather_of_asian
美伊戰爭
03/21/26
目前看起來美國派出的陸戰隊登陸部隊還要 1-2 週才能集結完畢，同時間還必須持續以邊際效率遞減、國防支出遞增的方式持續打擊伊朗軍事設施
接著等到美軍判斷登陸作戰風險可控，才會正式進攻 Kharg 島和荷莫茲海峽諸島（尤其是 Qeshm 島）
所以感覺市場到下週還是會蠻 Suffer 的
市場都在期盼 Trump 快點 TACO，不過也分享另一個角度，供參考
目前 Poly Market 已定價 7-8 成機率，期中選舉民主黨會拿回眾議院多數，對共和黨來說，保住參議院才是比較務實的目標
而對 Trump 而言，他已經沒有連任總統的壓力（反倒是 Rubio 和 Vance 更需要上緊發條），或許他會把「自身的 Legacy，看得比期中選舉、甚至 2028 大選來得重要」
而更長線來說，再此戰之後，把戰略資源重新轉往集中亞太，也是美國的目標
那戰事短期內要結束，就比較難。甚至這一兩週內，美以都還較難有顯著的軍事推進
現金為王
/"
貼文20_第1串,"（為什麼這次Brent 和 WTI 的價差突然拉至 20 塊？）
今天有人提到Brent 和 WTI 的價差突然拉至 20 塊，我大概簡單解釋一下裡面的邏輯…
其實要搞懂這個現象，要先知道Brent跟WTI這兩支原油天生物理屬性跟定價基礎就不太一樣～
Brent 的產區在北海，主要是靠海運送到全世界交割的，全球有將近三分之二的原油貿易都看它定價，所以它非常容易受到全球海運供需跟地緣政治溢價的直接衝擊
反之WTI 產在美國內陸的德州庫欣一帶，主要靠管線輸送，定價反映的比較偏向美國自家後院的供需狀況跟國內庫存水位
平常這兩個老大哥的價格通常會跟隨彼此，白話一點來講就是市場有自然的套利機制在運作如果兩邊價差太大，貿易商就會覺得有利可圖，把比較便宜的 WTI 裝船運到歐洲或亞洲去賣，這股買盤跟賣盤的力量就會把價差拉回正常的範圍內
那為什麼這次會嚴重脫鉤，價差一口氣被暴力拉大到將近 20 塊呢？
最核心的導火線就是今年二月底開始的美以跟伊朗衝突，然後喝墨汁海峽被封鎖，這條海峽每天卡了全球兩成的海運油量，船過不去，保險公司就不敢保，運費直接原地飆升
（續
/"
貼文20_第2串,"Brent 作為海運指標，自然第一時間就把這超過 15 塊錢的斷鏈風險跟地緣政治溢價給全部吃下來，加上亞洲買家因為買不到中東的油，急著搶替代來源，所以 Brent 的報價就會衝上天
反觀 WTI，因為美國自己頁岩油的產量還在相對高位，加上美國政府跟 IEA 又倒了幾億桶的戰略儲備油出來救火，國內供給相對充裕，所以對 WTI 反而產生了隔離與壓抑效果（一邊因為海運中斷跟恐慌而暴漲、一邊因為國內倒貨被壓抑，價差自然就這樣被拉開了）
然後這部分不要用陰謀論去解釋，比方新聞名嘴說什麼這全是華爾街在背後惡意操縱期貨紙面市場來收割散戶，或是某個神祕組織為了打壓特定國家故意弄出來的報價假象，嗯⋯都是鬼扯
只要物理運輸港灣被卡住，加上實體海運保費飆漲與剛性需求急搶資源，就形成供應鏈錯配，價差自然就會放大，跟人為操縱的陰謀關係不大
以上大概分享一些想法，然後東西大概心證程度是80 %以上，至於至於剩下20 %我就不知道了，可能有其他影響權重吧哈哈，再請大家補充
/"
貼文21_第1串,"（聊聊階級固化下的殘酷鄙視鏈，以及聊聊「社會債務」概念）
今天看到一則貼文，內容大意大概是「在台灣月收八萬已經可以過超爽欸」
就我所知，每次只要網路上有人發那種關於收入、買房或是生活開銷的討論文，底下留言區一定會變成一個超級大型的修羅場，看久了真的會覺得很有趣
因為一定會有人跳出來酸說：「月入八萬哪裡爽？扣一扣房貸、車貸、小孩的補習費，根本就不夠用好嗎！」
然後這時候就會出現月入八十萬的人，跳出來笑那個月入八萬的人說：「你那點錢當然不夠用，眼界太小了」
接著，月入八百萬的大老闆又會出來笑月入八十萬的人根本是窮忙…最後，月入八千萬的頂層資本家，在心裡默默嘲笑月入八百萬的人連個塞牙縫的資格都沒有
這就是一個無止境的鄙視鏈，總會有人在上面笑你，你永遠比不完，這種東西看穿了就很簡單，其實你過得開心就好了，對吧？
老實講，台灣的社會階層早就已經徹底固化了，這是一個很殘酷但你必須接受的現實：頂層的人過著頂層的遊戲規則，中產階層每天為了維持中產的體面而焦慮，底層的人則是在泥沼裡拚命掙扎過底層的日子
大家井水不犯河水，階級之間幾乎有一道看不見的厚重高牆，有錢人常常看不起窮人，覺得窮人就是不夠努力、沒有思維，但窮人要爬上去的結構性難度，早就跟三十年前完全不一樣了
這就是為什麼我常常講，台灣的整體環境在某種程度上並不是那麼健康，如果你想要白手起家、拚死拚活去創業，台灣通常不是一個適合傳統創業的好地方，說穿了，台灣就是一個「套利」的國家（不管是國際資本套利、規則套利，你如果懂規則、懂資本的運作，你就是在這個固化的體制裡尋找漏洞來套利；如果你不懂，那你就是被別人套利的對象，講得很白話啦，哈哈，這就是現實～）
回到比較心態這件事，很多人在網路上秀收入、比行頭，其實比較的背後並不是真的要傳遞什麼偉大的價值觀，很多時候只是因為他「剛好賺了一點錢，又很想講、很想秀」而已
但說真的，如果以資產跟收入的絕對數字來看，我們這群在市場裡打滾活下來的人，大概都已經算是台灣的 Top 1 或 Top 2 的頂端了吧，畢竟我們是幸運的，扎扎實實的吃到了一波股市長期向上的巨大紅利
在資本市場裡，只要你沒有被抬出去，只要你活得夠久，利用複利的威力，要擠進全台灣前百分之一真的不是什麼遙不可及的神話，但我們這些過來人，反而不會去跟人家爭論什麼月入幾萬到底爽不爽
因為我們看過太多了，月收入八萬的人如果物慾低，可以過得像神仙一樣爽；
月收入四萬的人只要懂得知足，一樣能有滋有味；
而那些月入好幾百萬、甚至上千萬的人，如果陷入了攀比的無底洞，每天被負債跟現金流追著跑，他們過得其實比誰都還要痛苦，一切都取決於你怎麼花你的錢，以及你把自己的心態安放在什麼位置
這就帶出了我今天最想跟大家深聊的一個核心概念：關於「社會債務」的問題
我們都知道什麼是實質性的債務，像是房貸、車貸、信貸，這些是有明確數字跟利息的
但這個世界上有一種更可怕、會悄悄吞噬掉你人生的隱形債務，那就是「社會債務」
這是一位我非常喜歡的國外知名理財作家Morgan Housel提出來的深刻觀點，什麼叫社會債務？
就是當你賺得越多、社會地位越高的時候，你的社會債務往往也會跟著水漲船高
當你變有錢之後，你會「被迫」去過著大眾眼中那種「富豪理所當然該有」的生活，你的朋友開保時捷，你就覺得自己不能只開 Toyota；你身邊的生意夥伴都戴勞力士、百達翡麗，你就覺得自己手腕上如果空空的會被看不起
於是，你的車子越換越貴，手錶越買越奢華，吃飯只去米其林餐廳，你慢慢的陷入了一個高級的「老鼠賽跑」圈套裡，拚了命的去活成一個別人希望你活成的樣子
你花了那麼多時間、承擔了那麼大的風險去市場裡賺錢，結果賺來的錢，全都是為了去買那些用來迎合別人眼光的奢侈品，這難道不是一件極度好笑又荒謬的事情嗎？
拿我自己當例子最直接
因為早年在市場上累積了一些成績，敝人我接觸過的人也算滿多的，身邊不乏那些真正的大老闆或是新貴
很多人看到我，最常問我的一個問題就是：「白話大，你賺那麼多，為什麼車子都不換啊？」
我那台特斯拉真的是開到現在，為什麼不換？
除了我個人對電動車的駕駛體驗特別偏好之外，最主要的原因是，Elon Musk是我非常景仰的企業家
雖然有些人不喜歡他那種狂人作風，但我個人對他有一種精神上的認同跟支持，所以開特斯拉對我來說是一種價值觀的選擇，但因為這樣，有時候別人會覺得我很怪
畢竟我跟那些在外面做實體生意、需要靠名車豪錶來撐場面的老闆不一樣，我沒有所謂的去扛起「社會債務」的動機，這算是我自己運氣滿好的地方，我的賺錢模式不需要去討好任何人，所以就算現在的車子被人家講話、或是被別人暗中比較，我心裡也是波瀾不驚，一點都不會覺得意外或難受
當然，你說我這麼多年來，有沒有動過想換一台頂級豪車的念頭？
以我目前的身價跟資金狀況，要去買一台、甚至兩台千萬級別的限量超跑，絕對是綽綽有餘，完全不是問題，但我曾經認真思考過這個問題，最後發現我根本買不下去
第一個原因，很現實，就是跟錢的本質有關，假設今天你看上了一台兩千萬以內的量產款跑車，通常這種車子只要一落地、一轉手，那個折舊掉價的速度是極度可怕的
除非你是那種身家幾百億，買台限量版不會掉價（還會增值的）車子，就像去便利商店買個御飯糰一樣完全不會痛的超級巨富，不然對於我們這種靠投資起家的人來說，資金的運用是需要講求效益的
我們在市場裡是用一種正確的種樹、培育果子的思維，把資金當作種子，耐心的去灌溉我們的資產，讓它隨著時間的推移長得更巨大、結出更多果實
既然我的腦袋已經內建了這種資產增值的邏輯，你叫我把一大筆原本可以持續複利滾動的資本，拿去砸在一個會隨著時間瘋狂貶值的鐵殼子上？這在邏輯上根本完全違背我的人生理念啊！
第二個原因，在於我根本不需要那些因為豪車而帶來的社會屬性，就像很多時候我們買那些極度昂貴的東西，本質上就是為了秀給別人看，為了傳遞一種「我很成功」的訊號
但這當中有一個極度諷刺的盲點：當你開著千萬超跑在路上停紅綠燈的時候，路人投射過來的羨慕眼光，其實根本不是在看「你」這個人，他們根本不在乎方向盤後面那個胖子或瘦子是誰，他們看的是那台「車」，他們腦袋裡真正在想的是：「如果今天坐在那台車裡面的人是我，那該有多好！」
你有沒有發現這有多可悲？你耗費了幾千萬的真金白銀，買了一個龐大的社會債務，結果只是充當了陌生人幻想中的一個背景道具，你以為別人是因為你的財富而尊重你，其實別人只是在幻想取代你，你浪費了一堆錢，結果在資本的真實定義上，你反而讓自己變成了一個窮逼…
我常常在腦海裡做一個無人島的思想實驗：假設今天我賺了幾十億，但我被流放到一個無人島上生活，我還會想去買那些限量超跑、名牌包包跟百達翡麗嗎？絕對不會嘛！因為那裡「沒人看」啊！既然沒人看我就不會買，這就百分之百證明了，這些奢侈性消費根本不是為了取悅我自己，純粹只是為了向社會交代
想通了這一點，你就會覺得那些拚命買豪車炫富的人，其實都被社會債務給深深綁架了
再來，這也牽涉到朋友圈的慎選，
我們都知道一句老話：你就是你身邊最親近的五個人的平均值，如果你本身是像我一樣靠投資、靠市場交易起來的，你並不是靠傳統創業做生意起家的，你的人脈圈其實不需要那麼複雜，也不需要大量公關
如果你每天開著千萬豪車出去招搖，你吸引來的會是什麼樣的人？你會吸引到一堆覺得你賺錢很容易、想要來蹭你好處的人
他們會開始向你推銷各種無聊的投資案，或是想要從你身上挖資金，這類我自己遇過還真不少….我一直以來的原則就是，真正會賺錢的投資機會，要嘛是我自己熬夜看資料、翻法規找出來的，這種自己掌握的邏輯最安全
通常那種別人主動送上門來、說要「報你好康」的機會，我一律敬謝不敏（這麼好康，自己賺就好了，怎麼還會報給你？）
我不開豪車、不炫富，剛好形成了一道天然的過濾網，幫我擋掉那些亂七八糟的無效社交
所以我一直覺得，能夠把自己的物慾降下來，找到一個「剛剛好」的臨界點，那種狀態是超棒的
你的收入不低，你的資產足夠讓你應付生活的一切風險，但你不會去跟人家比較，你不用去扛那些沉重的社會債務，這種心態上有選擇餘裕的自由，是我理想中的財富自由（身心都自由～）
最後，我要講一個市場裡最殘酷、但也最真實的現象：賺錢其實不難，但能夠把財富守下來的人，真的是少之又少
想要致富，你需要的是冒險精神、樂觀的心態，還有敢於把自己投身到未知的市場裡去拚搏；但是，想要「守住財富」，你需要的卻是完全相反的特質
你需要極度的謙卑、對市場的敬畏，甚至要帶點「被害妄想症」般的節儉，隨時擔心自己擁有的一切可能會被瞬間奪走
這幾年在市場上，我身邊真的看過太多那種股神或是靠投機致富的天才，有些可能二十出頭歲，在大多頭行情裡抓到了一波機會，瞬間暴富（但這邊我要先說明一下，這裡沒有貶意，有些人確實可以抓到系統性的賺錢方法，知道自己賺什麼錢，但有些人不知道，也許就是一波風口帶起來的新貴）然後你就會看到他們開始出入高爾夫球場，買了幾千萬的跑車，身邊圍繞著一堆酒肉朋友，天天在社群軟體上展現自己有多懂市場
但是，市場是會週期性洗牌的，幾年過去後，當潮水退去、當流動性緊縮的時候，你再去打聽這些人的消息，往往會發現他們已經消失了，隔幾年就沒看到他了，也沒有他的消息了（可能槓桿開太大爆倉了，可能去「出國深造」跑路了，我也不知道）
他們就是那種看對了一次行情，但卻看不懂「資金本質」跟「社會債務」的人，他們也許認為自己是天才，卻不知道自己只是剛好站在了風口上
他們把運氣換來的錢，全部拿去轉換成高昂的社會債務，等到冬天一來，龐大的維持成本跟槓桿直接把他們壓垮
所以，能在市場裡賺一波快錢的人很多，但能經歷好幾個牛熊循環還能安穩活下來、守住本金的人，真的是鳳毛麟角，能夠看清楚社會真實運作本質、不被消費主義綁架的人，更是少之又少
台灣有很多有錢人，我不好意思具體說是哪些人，但只要你觀察力夠敏銳，一看就看得出他只是幸運的吃到了早年經濟起飛或房地產的世代紅利，但他們很多人到了現在，還是深陷在那個開豪車、拚行頭、看不起底層的比較遊戲裡，看著他們為了維持那個虛幻的頂層面子而焦慮，其實我也覺得滿可惜的
這就是為什麼我對很多外在的虛榮看得很淡，在這個固化又充滿套利陷阱的環境裡，把自己照顧好，把資產穩穩的種在土裡讓它長大，不需要向別人證明什麼，也不需要扛起那些莫名其妙的社會債務（這是我在資本市場裡所追求的終極平靜）
很多東西背後的邏輯真的太深了，牽扯到太多人性的底層代碼，點到為止就好，懂的人自然會懂"
貼文22_第1串,"（閒聊…Cybertruck撞車事故）
關於黑粉 Dan O'Dowd丟出了一段影片，說一台 Cybertruck 在開啟 FSD（全自動駕駛）的狀態下，竟然試圖衝下高架橋並撞上護欄，還藉機大肆炒作說馬斯克說謊、要求全面禁用 FSD…（連結我放在下面，各位可以先稍微點進去看裡面的影片）
但真相並非他講的那樣
影片一開始車子乖乖開在路上的時候，確實是 FSD 在作動，但就在撞車前的 4 秒鐘，那個人類駕駛自己白目把自動輔助駕駛系統給解除了
事情發生的地點是在德州休士頓郊區的一個交流道匝道，那裡有一個刁鑽的 90 度右轉彎，而且旁邊明明就插著時速 15 英里的限速牌
按照常理推斷，當時 Cybertruck 的 FSD 其實已經在乖乖減速準備安全過彎了，結果駕駛自己給熬，硬是自己接手過去開，結果根本沒抓好限速跟過彎角度，就這樣自己撞上去了～
大家可能會好奇我怎麼敢這麼肯定？
因為馬斯克親自去查了車子的後台遙測數據日誌，數據清清楚楚打臉，證明駕駛在發生撞擊前 4 秒早就關掉 Autopilot 了
（續
/
x.com
Dan O'Dowd (@RealDanODowd) on X"
貼文22_第2串,"這還不打緊～最讓人翻白眼的是，這個肇事駕駛的律師事務所居然還好意思反過來跟特斯拉求償 100 萬美金（三寶自己撞車還想做賊喊抓賊）
然後像 Fox Business 這種主流媒體也很愛跟著帶風向，故意下那種「影片顯示 Cybertruck 差點把一對母嬰載下高架橋」的超驚悚標題來騙點擊率
說穿了，如果新聞標題老老實實寫「糟糕的駕駛不看限速自己撞車」，誰會想點進去看啊？
這整起事件真的完全凸顯了這些黑粉跟媒體為了利益，是怎麼刻意去帶風向抹黑特斯拉的，身為看好 FSD 技術的人，看到這種造謠手法真的覺得滿無語的～
最後一句，老馬萬歲
x.com/reald…
/
x.com
Dan O'Dowd (@RealDanODowd) on X"
貼文23_第1串,"（健康帳戶裡的黑天鵝：別讓未爆發的風險，成為你人生的最後一筆交易）
近期較忙碌，幾天沒發文了，草草分享以下幾點簡單的看法：
1. 下面這則新聞直接想到前幾年認識的一個學弟，也是整天日夜顛倒做交易，結果某天無預警直接倒下，人就這樣走了
先不說他本來就有心血管問題跟肥胖基因，有在市場殺進殺出過的應該都懂，做交易壓力一大就想狂吃垃圾食物紓壓，完全是惡性循環
2.還沒出事不代表沒事，不要覺得自己天生神力，在金融市場裡，大家都知道要防黑天鵝、要設停損，結果換到自己身體健康上，多數人根本毫無風控意識～
3. 有很多生活習慣是這 10 年才突然冒出來的，我們人類的肉身根本還沒演化出能扛住這種高頻壓力的機制，所以各位….眼見不一定為憑，有沒有可能現在身體還沒出問題的都是倖存者偏差？
以下是這幾年我認為很畸形的事情：
1）2017 年後的當沖降稅過後，極短線交易大爆發，養出了一大票每天盯著 Tick 跳動的當沖客
2）Crypto崛起，直接給你來個 24/7 全年無休的瘋狂賭場，為了在波動中獲利，trader不用睡覺了~
3）現在抖音24小時直播，這些博主為了競爭，也不用睡覺了～
whypuss_fun
熬夜
03/12/26
王炸姐是一名單親媽媽，靠著直播帶貨獨自扶養5歲女兒，但為了賺錢長期維持高強度直播工作，經常熬夜與超負荷的勞動，讓她最終身體健康亮起紅燈，遭遇不幸事件，雖然官方尚未證實死因，但根據其發病時劇烈頭痛、撫摸後腦勺等徵兆，醫學界與網友普遍猜測為「腦出血（出血性腦中風）」，這類病症發作極快，王炸姐死訊曝光後，不少中國網友紛紛直呼「熬夜是健康殺手，賺再多錢也換不回命」、「真的太拚命了啊，聽說遇到這種情況得馬上側躺頭墊高，立馬打急救電話，這個是黃金時間」、「直播帶貨真的是高風險職業」。
/"
貼文24_第1串,"（新型態詐騙）
最近真的是被 Threads 上的一種新型態詐騙手法氣到牙癢癢，真的是有夠賭爛！
現在這些詐騙集團的手法真的越來越陰險，大家拜託留意一下，順便也跟你們說一下，為什麼我現在對底下的留言都會比較神經質
他們現在的操作模式是這樣的：
首先，詐騙帳號會先「偽裝」成我熟悉的朋友或常互動的網友，比方說，他會把名字改成跟我朋友 Vincent 一模一樣，或者只差一個英文字母，然後跑來我的貼文底下留一段很正常的言～
我滑過去看到熟悉的名字，戒心自然就放下了，想說「喔，是認識的啊」，通常也不會特別點進去看他的大頭貼或是個人檔案，就順手幫這則留言按了個讚。
結果最賤的來了！
Threads 的機制是留言發出後15 分鐘內可以編輯，詐騙仔就是死盯著這 15 分鐘的空窗期，一旦發現我按讚了（等於版主背書），他就會立刻把原本那段正常的留言，改成什麼「點擊連結加入我的 VIP 飆股群」之類的盜版付費社群連結！
（續
/"
貼文24_第2串,"更無恥的是，他們編輯完留言後，還會順手把自己的帳號 ID，改成跟「我的 ID」一模一樣或極度相似！這樣一來，其他版友滑到留言區，就會看到一個「看起來根本就是我本人」的帳號發了詐騙連結，而且版主（真正的我）還按了讚！這真的是把你吃乾抹淨還要潑你一身髒水，超級噁心！
被搞過幾次之後，我現在真的變得超警戒，現在只要有人來留言，我都會強迫自己點進去對方的個人檔案看一下，如果你的粉絲數少得可憐、帳號看起來很像免洗的，又不是我平常會關注互動的人，我第一時間絕對是警鈴大作，先封鎖再說～
有時候想想覺得很可悲，這時代真的是防不勝防，一堆寄生蟲整天不用心精進自己，就專門想著用這種奧步去蹭別人的流量、騙無辜網友的錢…
總之，在這邊嚴肅跟大家宣導一下，如果哪天你們在留言區看到「我」在推廣什麼奇怪的外部免費連結，那絕對是詐騙狗在搞鬼！
大家自己眼睛放亮一點，遇到這種直接幫我檢舉加封鎖就對了，真的有夠煩！
/"
貼文25_第1串,"正要點進去吃瓜XD
結果原Po版上刪文了…
vincentyucw
03/08/26
昨天Threads 推給我一篇很詭異的金融故事（20萬流量）：一位自稱交易員、CFA lv 3 pass 的專業女性，跟追求者吃飯時隨口講了一個放空點子，對方立刻下單5 分鐘當沖賺了台幣 12 萬。
一開始我只覺得這故事很不對勁。小本金、短時間、高報酬率，還是放空。這些元素堆疊在社群上很有流量，但在真實市場裡這個組合簡直令我警鈴大作（我最初假設她講的是台股），於是隨手問了幾個問題。
最精彩的是當她為了讓故事更合理，補充說這筆交易其實發生在美股 IPO 首日（故事地點在橘色涮涮鍋，好吧的確有可能9:30之後才吃晚餐）。
到這裡我反而更確定有問題了。
因為 IPO 首日波動大沒錯，但放空這件事從來不是「看對就能做」，必須先問市場上借不借得到券。對一般交易者來說，IPO 首日要能放空是極其困難的（我自己用IB就沒看過可以做到的），這個「補充解釋」反而自曝其短，顯示出故事描述的虛假性。
很多金融吹牛文，最愛講的是結果，最不敢討論的是細節。我知道網路上有一堆虛假帳戶，也不知道為什麼我竟然還花時間在這裡。可能內心還是保有short seller的職業病，希望搓破謊言能讓受騙的人減少吧。"
貼文26_第1串,"（人生成長最大的敵人…當「自卑」長成了「自大」，會發生什麼事？）
先撇除那些硬核的投資技術、宏觀經濟傳導機制不談，今天我們來聊聊投資與人生最底層的東西：心理與自我探索
說真的，由於敝人這幾年接觸領域算廣泛，所以結交的朋友不算少，從那些每天盯盤的短線交易員、搞高頻套利的神人，到一些實體產業的老闆、企業接班人，我算是有幸見識過各種形形色色的人～
但看的人多了，有時候你真的能從一個人的個性，隱約看出他未來在自己的領域裡到底會不會成功（但我這人就是這樣，看破不說破，我絕對不會當面去批評人家什麼～）
不過，有一個心理狀態，我觀察到它在很多最終失敗的人身上，都有著極其相似的軌跡，那是一個非常可怕、具備毀滅性的力量：那就是「自卑感」
先說結論好了：如果你在做投資交易、經營事業，甚至只是在過日常生活的當下，有察覺到自己內心深處藏著一點點自卑，或是覺得自己哪裡不如人，請你一定一定要立刻正視它！！
因為這個潛意識裡面的「毒瘤」如果沒有處理好，它不會變成你向上的動力，它會反噬你，最後把你連人帶骨頭給吞了～
（一）自卑的突變：當它長成了「自大」
很多人（特別是那些沒有認真正視自己問題的人），會有一種非常危險的迷思，他們會幫自己灌一些心靈雞湯：「人有一點自卑是好事啦！適當的自卑感會促使你去改進、去進步、去學習啊！」
如果你把這句話當作金科玉律，那我只能說，你真的太天真了XD
自卑，不必然會引發積極向上
相反的，如果你控制不好、沒有去覺察它，它會變得非常有害，甚至變成極具攻擊性的「自大」，最終摧毀你投資決策的穩定性
你會想說，這很奇怪啊，一個自卑的人，怎麼會自大？
其實這種自傲自大，並不是因為他真的很有實力、底氣很足，這是一種「防禦性」的自大
就像是隻刺蝟，人家可能只是隨口點出他一個小缺點，或是市場稍微給他一點挫折，他瞬間就會覺得自己被全面否定了
為了保護自己那脆弱的自尊，他會立刻吐出一大堆自己「不值錢的優點」，拼命想要去壓倒別人、證明自己，而且最可悲的是，他拿出來壓人的優點，其實在明眼人看來根本沒那麼重要，也未必真的有多厲害～
我就拿我自己當個反面教材好了，我不講別人，講自己最準
我從小長相就不是那種高富帥，身高也沒長到一米八，跟理想中那種劉德華、彭于晏的等級，中間大概還隔了一個太平洋的距離吧XD
照理來說，在這種外在條件下，我應該要自卑到爆才對
好險，我老天爺賞飯吃，給了我一個還算不錯的腦袋，「自認」智商稍微比一般人高了一點點
結果因為外表的自卑，我把所有的優越感全部建立在「智商」這件事情上，只要我發現自己的邏輯或是反應比一般人突出一點點，我就會不自覺的想要去「壓」別人，心裡會有種「你們這些凡人都是傻逼」的傲慢，當然，這是我自己過去的問題，我現在也常常在深刻檢討～
但後來我靜下心來想，我不確定這到底是不是就是純粹的「自卑引發的自負」
可是你去想一個邏輯：就算別人的平均智商是 100，了不起我 120、130 好了，那又怎樣？
這世界上比你聰明的人多得是啊！上面還有像陶哲軒那種智商 200 多的天才，你要怎麼跟他們比？根本沒得比啊！
我也從來沒聽說過陶哲軒因為自己長得不夠帥（其實他滿帥的啦），所以用智商去碾壓別人、表現出極度自負的樣子
真正有實力、內心強大的人，都是在一個很中庸、平和的狀態下，默默的去努力、去創造價值的，對吧？
（二）一場關於「比較」的深夜對話
說到這裡，我想起前陣子跟一個年輕自營投資人的對話，他說最近績效做得很差，整個人的狀態非常緊繃、焦慮，甚至有點充滿敵意
我們之前一起喝咖啡，他一坐下來就開始抱怨：「白話大，那些做短線當沖的、每天在那邊秀幾萬塊對帳單的人，根本就是運氣好！他們懂什麼屁總經？懂什麼衍生品定價？我做價值投資，我看的是十年後的護城河，我的邏輯絕對比他們嚴謹多了，結果我今年到現在還在虧損，他們憑什麼賺錢？」
我喝了一口黑咖啡，看著他那佈滿血絲的眼睛，慢慢的說：「你現在，是不是覺得自己比他們優秀，但市場卻沒有給你應有的回報，所以你很不甘心？」
他愣了一下，馬上防衛性的反駁：「這不是優越感，這是事實啊！我的投資邏輯比很多分析報告寫得還深，我只是欠缺一個大波段的機會而已，他們那種做法，遲早會被市場教訓的！」
我嘆了口氣，用一種很平靜的語氣跟他說：「兄弟，你這其實就是標準的『自卑引發的自大』」
「你說什麼？我自卑？我哪裡自卑了！」他幾乎要從椅子上跳起來
「你先別急著生氣，聽我把話說完」我安撫他，
「你看你現在的狀態，你的投資不順遂，你的帳戶出現了虧損，這本來是交易中很正常的過程，但你沒有去面對這個『結果不好』的現實，沒有去檢討自己的進場時機或是資金控管，相反的，你選擇用『我做價值投資、我看得比較長遠、我的邏輯比較高尚』這種自我催眠，去否定別人的存在、去貶低別人的成功，你拼命的告訴自己『我的東西才是最好的』，這難道不是因為你內心深處，對於現在這個虧損的自己感到極度的不自信和自卑嗎？」
他張著嘴，一時之間不知道該說什麼
我繼續補刀：「更可怕的是，你這種揚長避短的心態，會把你原本應該要改進的缺點（例如處理訊息能力太差、風險控管有問題）給死死的藏起來，你不斷強化自己『分析能力很強』這個長處，但這個長處在你目前的交易節奏裡，未必真的能幫你賺到錢啊！久而久之，你的自卑感會變成一種自我實現的預言，你發展出了一套用來吹牛逼的理論，卻永遠無法在市場上真正獲利，這就是自卑如何摧毀一個交易員的最真實寫照」
他沉默了很久，苦笑著說：「白話大，那我現在該怎麼辦？」
（三）阿德勒的解藥：接納自己，提供價值
如果你發現自己也陷入了這種「自卑引發自大」的泥沼裡，其實這個時候最好的方式，絕對不是咬著牙埋頭苦幹、想著總有一天我要證明給你們看
你要做的第一件事情，是停下來，好好的去「了解自己」
去問問自己：你的自卑到底是從哪裡來的？
你仔細去想，自卑這種東西，本質上就是因為你發現自己「太容易活在別人的眼裡」了，因為自卑的產生，必定需要一個「對標的比較客體」
不管是跟過去輝煌的自己比，還是跟身邊那些賺大錢的朋友比，只要有比較，就會有落差，有了落差，自卑感就誕生了
如果你一直活在這種比較的迴圈裡，那說穿了，你根本就是「為別人而活」
每天的喜怒哀樂，都是建立在別人的對帳單或是別人的眼光上，對吧，我講的沒錯吧？
遇到這種情況，你要做的事情就是徹底斬斷這種「為別人而活」的念頭～
因為如果你不為自己而活，那這世界上還有誰會來為你而活？你有認真想過這個問題嗎？
其實一個很簡單的道理：別人到底看不看得上你、覺不覺得你厲害，那完全是「別人的課題」
有一本很經典的書叫《被討厭的勇氣》，裡面把這個觀念講得非常透徹
你應該去思考的是：你真的在別人眼裡有那麼重要嗎？大家都很忙的，每天要看盤、要顧家庭、要繳房貸，別人真的有那個美國時間天天在乎你、評價你嗎？
很多時候，搞不好別人根本就不care你，那些所謂的「批評」和「看不起」，全都是你自己腦補出來的假想敵，是你自己在心裡假想出來的客體在對你做評價
那到底該怎麼跳脫這種自卑與自負的無間道？
方法其實很簡單，就三步：「接納自己」、「提供價值」、「他者信賴（相信別人）」
第一步，接納自己
這不是叫你放飛自我、開始擺爛，所謂的接納是坦然的承認：「對，我現在的本金就是比別人少」、「對，我這次的交易邏輯就是看錯了」、「對，我長得就是沒有彭于晏帥」
接受自己目前真實的條件與狀況，不逃避、不掩飾，然後從這個真實的基點出發，慢慢往前走
第二步，提供價值
當你不再把焦點放在「別人怎麼看我」的時候，你就能把精力轉移到「我能給這個世界帶來什麼」上面
就拿我們做交易來說吧，如果你是做基本面、做價值投資的，你至少還可以說服自己：「我把資金投入給有潛力的好公司，幫助他們增長，進而帶動整體經濟發展，我對社會還是有一點點貢獻的」這能給你帶來一種踏實的價值感
如果你跟我以前一樣熱愛分享，有時候或許把你的心路歷程、投資思考轉化成日記分享出去，也是另一種提供價值，或許對你來說不過就是一個人生績效檢討，但對於他人來說，你的思考可以幫他（她）少走十年彎路～
透過這種正能量的流轉，你會感覺到自己的存在是有意義的，你的想法和心態才會比較健康、比較通透～
第三步，相信別人
不要總是帶著防衛心去揣測別人是不是在看不起你，試著去相信，這個世界上還是有很多人願意跟你建立真誠的連結～
（四）為自己的心靈加點潤滑劑
除了個人之外，這種心理狀態其實放在國家層級也說得通
你看世界上某些國家，明明國內經濟一塌糊塗、失業率飆高、房地產泡沫快破了，但他們不去解決自己的內部矛盾，反而整天透過大外宣去攻擊其他國家，天天喊著「我們遲早超越美國」、「東升西降」，去拆解一下這種行為，本質上不也是一種極度自卑引發的狂妄自大嗎？那你覺得在這樣環境下生存的人，心理會健康嗎？能做出什麼有遠見的決策嗎？
總而言之，執行投資決策、真正在過這段人生的，永遠是你自己
我們人就像是一台精密的機器，你每天研究市場的各種機制、尋找各種交易漏洞，這的確很重要～
但如果你忽略了去檢視自己的內心，沒有定時幫自己的心靈加點機油、上一點潤滑劑做保養，你的心智很快就會在這種高壓的比較與自卑中徹底耗竭
就像一台沒有保養的機器，就算齒輪再精密，最後也一定會崩潰壞掉
所以，好好面對自己的內心吧
把自卑拿出來曬曬太陽，承認自己、接納自己，不要讓自卑在陰暗的角落裡突變成自大的怪物，找回那個專注於自身、平和中庸的自己
投資是一場馬拉松，活得久、活得健康真的重要太多了啦～"
貼文27_第1串,"（這是一篇雪中送炭文）
這篇也許沒有辦法幫你立刻扭轉帳戶上的虧損，但如果能在這個大家心情都不太好受的時刻，給你一點雪中送炭的感覺，那這篇文章應該多多少少能幫上一點忙吧
最近這幾天市場殺得真的滿兇的，我身邊也有不少朋友在這波回檔裡受了重傷，我自己有一個平常在打高爾夫球的群組，裡面很多是企業接班人或是一些自己當老闆的朋友，他們其實都不是專職做投資的，但這幾天群組裡也是哀鴻遍野，大家都在苦笑～
所以你看，連這些平時見過大風大浪的老闆們，看到自己帳戶裡的數字這樣蒸發都會覺得難過了，更何況是一般的投資朋友？
有時候想想，不管你在社會上是什麼身份，只要進了市場，遇到這種無差別下殺，每個人感受到的痛都是一樣的，只是資金體量跟程度上的差別而已
所以，如果這幾天你覺得心情比較低落、甚至有點影響到生活，真的不用覺得自己太脆弱，因為大家都是這樣過來的，希望大家能先試著把心態調適一下～
老實說，我自己的部位這波當然也跟著在回檔，雖然因為當初建倉的成本比較低，加上目前沒有開槓桿，還有比特幣幫忙一點點補血，所以整體來說算是獲利回吐，還在可控的範圍內
但你說看著帳面利潤這樣吐回去，心裡會不會覺得阿雜？？其實多少還是會啦！畢竟都是真金白銀
只是說，因為在市場也打滾幾年了，比起以前遇過的那種史詩級大崩盤，這種程度的波動還算是在預期內的小case
大家都在同一個市場裡熬，這時候去算誰賠得少、誰賺得多其實沒什麼意義，重要的是我們怎麼一起把這段難熬的週期給走完
其實我平常是極度不愛開盤面看價格的人，我通常只關注市場底層的現象跟傳導邏輯，價格的跳動往往是朋友傳訊息來提醒我，我才會特別去點開來看一下
除非是我發現最近市場上哀號聲特別大、大家都覺得快世界末日了，我才會打開軟體，稍微評估一下是不是又到了可以分批加碼買進的時候，就這樣子而已
我一直覺得，大家在投資時常常會有一個認知的盲點，就是把波動跟風險畫上等號，以前我們在學傳統財務學的時候，常常用變異數去衡量風險，像Markowitz的現代投資組合理論就是這樣～
但當你在做長期的價值投資時，你的腦袋必須把那套量化風險的邏輯整個翻轉過來，對於真正優質的良性資產來說，短期的價格波動根本不是風險，反而是機會～當別人因為恐慌，把好東西便宜拋售給你的時候，你不接嗎？
你買進一個好的標的，在當下你怎麼知道這個決定到底是對還是錯？你根本無從得知
它處於一種既對又錯的量子疊加態，唯一能讓這個波函數坍縮、給出最終答案的變數，叫做「時間」
如果你持倉的時間連五年、十年都不到，你如何去判定這個投資的成敗？除非你當初買進的邏輯提早消滅，或是期間你突然找到更好的投資機會，你評估了機會成本之後決定進行變換持倉，否則，哪一個不需要時間醞釀？？
所以我常常跟那些朋友說：「在足夠長的時間維度面前，所有短期的波動跟技術線型其實都是x」
只要你的「邏輯」沒錯、邏輯還沒結束，那麼你抱久就是對的，而在邏輯還沒走完之前，因為忍受不了波動而輕易賣出，那就是錯的，概念就是這麼簡單
最近也有朋友問我，既然看到回調，為什麼不用選擇權去避險或操作？
這其實算是我給自己定下的一個小原則，目前完全沒有進行任何衍生性金融商品的操作，原因很簡單，並非我不想賺錢～單純就是懶，哈哈！
我現在的策略就是：只要大趨勢還在，遇到大跌我就加碼買進，買完就關掉APP去打高爾夫球、去過我自己的生活，我實際操作的頻率跟換股的次數，絕對比各位想像的還要低非常多～
至於有人問我：「你覺得下一次大崩盤什麼時候會來？」說真的，我不知道，我只看得到目前的信貸市場（像一些私募信貸或高收益債）確實有結構性的問題，但它什麼時候會爆？沒人說得準
那面對這種不確定性，我手上的谷歌或特斯拉部位會賣嗎？我先講結論：不會
因為我沒有開槓桿，所以就算它現在回調，我也不會把它賣掉，更不會想著把它賣了去換成比特幣或其他資產（比特幣近期價格確實香！這點我不否認，但沒有香到讓我想賣掉其他資產來換～）
有些人可能會說，這時候難道不該把那些近期表現不好、正在回調的股票砍掉，然後把資金轉移到抗跌的防禦型類股去賺股息，或是去追那些準備要爆發的資產嗎？
我必須說，這種動態調整的策略確實是個好方法，如果你有那個心力跟眼光，當然也可以這樣做
但我自己目前不打算這麼忙，我沒有說別人的方法不好，純粹就是因為「我比較懶」
我寧願放棄那些可能透過頻繁換股賺到的額外Alpha，換取我生活上的平靜（或許盡量不操作，可能能帶來更多阿法？誰知道呢？）
有時候我覺得，在一個你認可的長線賽道上，減少無謂的操作、下跌時慢慢買進，減少自己因為頻繁進出而犯錯的空間，在這種震盪的行情裡，「少犯錯，其實就是贏了」
所以你如果說我是那種無腦定期定額的存股仔，那更是完全不對～我買進是因為我看懂了它的價值跟底層邏輯，只要這個邏輯還在，我就會一直拿著
最後，我想跟大家聊聊面對這種市場回調的心態，我真的強烈建議大家，盡量讓自己的情緒維持在平均水平附近，不要因為賺錢就過度狂喜，也不要因為賠錢就陷入極度的狂悲
人天生是有損失規避心理的，你賺十萬的快樂，絕對抵銷不了你賠十萬的痛苦，如果你在賺錢時情緒太過高昂，當市場無可避免的迎來回檔時，你感受到的失落感會是被成倍放大的
所以，為自己找一個折衷的操作方式跟生活節奏吧～
投資只是生活的一部分，我們都需要一些能分散注意力、讓心情沉澱下來的休閒愛好
像我有些朋友會去寫寫書法、打打高爾夫球交交球友，或是參與一些比較靜態的文藝活動，讓大腦從市場的喧囂裡抽離出來
當然，這只是一些我個人的小經驗分享，不是要你一定得照做
只是希望在這個市場氣氛比較低迷的時候，大家能稍微喘口氣，別把自己逼得太緊市場永遠都在，留得青山在，我們把心態穩住，後面的路還長著呢"
貼文28_第1串,"（聊聊「從FED救市到摧毁市場發現機制」，並且聊聊近期信貸市場）
這幾年不少人在狂追高殖利率，尤其是那種號稱穩定收息的私募信貸跟各種垃圾債基金，簡直是被資金給淹沒了
但這整件事情的根源，必須回溯到Fed這幾年來的一連串救市操作，他們在無形之中，如何影響（甚至用「摧毀」這兩字）資本市場裡最最重要的防線，也就是價格發現機制
其實說穿了，金融市場的運作邏輯很簡單，價格就是一個警報器
在一個健康的市場裡，如果一家公司的財務體質開始惡化，或者宏觀經濟出現衰退的端倪，這家公司發行的債券價格就會下跌，殖利率會飆升
這個價格下跌的過程，就是在警告所有投資人：「嘿！這裡有危險，你要承擔更高的風險了！」這本來是一個非常自然的新陳代謝過程，該倒的爛公司就讓它倒，市場才能把資源重新分配給有效率的企業
但是，聯準會這幾年，從疫情期間開始，為了怕市場崩盤引發連鎖反應，他們不只把利率強壓到零，甚至還史無前例的跳下來直接購買公司債，這一招確實把當時的市場給救了起來，但代價是什麼？
代價就是聯準會親手把這個市場的警報器給砸爛了～
當央行變成市場上最大的無腦買家時，那些原本早就該破產的殭屍企業，竟然也能用極低的成本借到錢續命
聯準會的注資救市，並沒有真正改善這些劣質公司的信用體質，它們依然是垃圾，只是被披上了一層華麗的流動性外衣
因為價格暴跌的警報再也不會響了，導致現在的投資人就像是在盲目駕駛，大家看著帳面上穩定的淨值跟高配息，完全不知道自己其實正坐在一個隨時會引爆的火藥桶上
這就讓我想到美國早期的卡通畫面，各位應該看過卜派那種美式卡通吧？
就是卡通裡面的反派鱷魚在追卜派的時候，明明已經衝出懸崖了，但只要牠還沒往下看，牠就可以繼續違背地心引力在半空中瘋狂狂奔
我們現在的市場就是這隻跑出懸崖的鱷魚
你去看實體經濟的數據，從去年到現在，美國企業的實質破產數量其實已經在顯著攀升了，這是一個真實且冰冷的事實
可是你轉頭去看信貸市場的報價，不管是私募信貸還是高收益債，價格卻完全沒有反映這個致命風險，大家還在懸崖外瘋狂交易，好像下面有地板一樣
Ps.說到這裡，我就不得不提現在私募信貸市場裡面最荒謬的假帳問題
這幾年很多資金湧入私募信貸，或者是部分商業發展公司，因為他們標榜收益率極高，而且淨值波動很小
但你仔細去拆解就會發現，波動小的原因其實根本也不是什麼資產品質好，單純是因為缺乏Mark-to-Market
這些非流動性信貸基金手上的爛帳，因為沒有每天在公開市場上搓合交易，基金經理人就可以自欺欺人的把估值一直掛在接近面額的位置
幾個月前就發生過一件超級荒謬的事，某家總部在紐約、名字有個黑字的大型資產管理巨頭，他們旗下的一檔基金裡面，有一筆貸款竟然在一天之內，估值直接從100元被砍到變0元⋯
各位要知道，一家公司的倒閉絕對不是一天造成的
這筆貸款在歸零之前，真實的市場價值早就跌到90、80甚至更低了，只是因為沒有流動性，加上經理人不願意承認，所以一直掛在100粉飾太平，直到紙包不住火了才一次性認列變廢紙
這就是為什麼現在市場上一些真正優質的BDC，在次級市場上的交易價格會莫名其妙的比他們的帳面價值硬生生折價了15%左右
這代表聰明錢已經自動在腦中把這些假估值的水分給擠乾了~並非市場錯殺
我們再從宏觀金融衍生品的維度來剖析這件事，你會發現現在市場上的風險與報酬有多麼極度不對稱
我們評估債券通常看三個東西：Duration、Credit、Convexity
在目前2026年這個時間點，去承擔信用風險絕對是全市場最不划算的賠本生意
前陣子朋友提醒投資等級公司債的信用利差被壓縮到只有區區50幾個基點，高收益債（也就是垃圾債）的利差也只剩下200到300多個基點，這數字大概也幾乎是史無前例的低位了～
我認為比較扯的是，現在竟然還有一堆散戶跟機構，為了多榨取一點微薄的收益，願意去買殖利率不到5%的垃圾債⋯這其實很瘋，各位要知道，現在殖利率曲線可是處於倒掛狀態，撇除大型HF的基差交易造成的倒掛，回歸經濟基本面上的倒掛，那就很可能隱含未來的經濟衰退或流動性緊縮了～
在這種環境下，信用利差理應要大幅擴大來補償違約風險，但市場居然視而不見？？
從衍生品定價的邏輯來看，當你買進一檔低品質的垃圾債或是私募信貸時，你以為你只是在借錢收利息，但本質上，你是買進了一個無風險的美國公債，然後同時間向那家爛公司賣出了一個違約選擇權～
也就是說，你為了多賺那2%、3%的利差，把公司的違約風險攬在自己身上（做空凸性的概念）
這是一種極度危險的交易結構，因為你的潛在獲利非常有限（頂多就是順利拿回本金跟微薄的利息），但你的潛在損失卻是無限的（只要宏觀環境一翻車，公司違約，你直接血本無歸），這就像是在壓路機前面撿一塊錢硬幣一樣，平時撿得很爽，稍微一個閃神你就變成肉餅了
更別提我們現在面臨的宏觀傳導風險，進入2026年後，政策面出現了很大的變化，特別是勞動力市場跟移民政策的緊縮
你把非法勞工趕走、限制移民，底層的勞動力供給瞬間出現缺口，這帶來的直接後果就是工資通膨死灰復燃～
工資成本一拉高，那些本來就靠著極低利潤率在苟延殘喘的殭屍企業，現金流馬上就會被狠狠榨乾
一旦現金流斷裂，偏偏現在的基準利率又比過去十年高出那麼多，他們根本沒有能力在市場上重新融資
這個傳導鏈條可以簡單表示如下：勞動力衝擊帶來利潤壓縮，利潤壓縮導致無法展期，無法展期就會引爆實體企業的實質違約潮，接著這把火就會燒到私募信貸的壞帳上，最後引發CLO（擔保貸款憑證）的連鎖降評與拋售
所以，面對現在這種被聯準會長期扭曲、滿地都是地雷的信貸市場，各位的交易策略其實大概就有一個簡單的輪廓了～
首先，你現在會絕對拒絕任何次級信用債的曝險，如果要碰信貸，大概只買資本結構最頂端的東西，比如那些第一順位、有真實資產擔保的頂級BDC，或者是信評最真實的AAA級CLO，那些為了衝高配息去買劣後級、次級貸款的基金，最好連碰都不碰
其次，就算是買好東西，也要雞蛋裡挑骨頭～
就像前面說的，去盯那些因為市場恐慌假帳而被錯殺、目前折價15%左右的頂級標的（例如ARCC這種老字號），而且耐心等，等到fed進入降息循環、短期借貸成本實質下降（這對槓桿型BDC是重大利多）的時候，大口咬進去才舒服
最後，既然各位知道現在信用利差窄到極度不合理，與其跟著大家去擠那個沒有逃生門的狹窄派對，不如反過來利用這個定價錯誤
有些機構會一直在積極尋找機會做對手盤
比方透過買進CDX（信用違約交換指數）之類的衍生性商品，在市場還在盲目樂觀、保費極度便宜的時候，花一點點小成本去押注未來信用利差必定會大幅擴張的尾部風險
這就是做多凸性的一些想法吧，用有限的權利金，去等待那隻懸崖邊的鱷魚，終究會低頭看到腳下深淵的那一刻啦"
貼文29_第1串,"(拜師學藝是一種奇摩子的問題）
有時候靜下心來回望，人與人之間的緣分跟拜師學藝這回事，其實挺有禪意的
很多年輕人會有一種迷思，以為只要咬牙湊齊一桶一百萬的現金，咚一聲放在市場老前輩的桌上求教，人家就會把畢生絕學傾囊相授
但說句實在話，到了那些大神的地步，一百萬可能只是他們在盤中彈指之間、喝口茶就跳動的損益
你以為端上的是鉅款，但在人家眼裡，為了這點錢去承擔一個非親非故的因果，還要浪費大把寶貴的時間與心神在你身上，那可能對於時間寶貴的人來說是虧本生意
想要用錢去「打通別人的腦袋」、買人家的智慧，這本身就是一種很傲慢的俗氣思維，在資本市場的頂端，當物質不再是稀缺資源時，「錢」往往就成了最不值錢的東西～
不少拜師學藝，講究的是儒家說的誠意正心，或是禪宗裡講求的機緣與頻率對接
你遇到真正有底氣的有錢人，那一百萬雙手奉上去，他可能死都不要咧！
因為收了你的錢，就等於欠了你的人情，萬一你起心動念不正確、或是缺乏悟性，這筆帳在他們眼裡怎麼算都不划算
他們看重的，其實是你的智慧與悟性
很多時候，前輩如果真的被你求道的誠意給打動，他多半會揮揮手說：「錢你收著吧，如果真有心，把這筆錢拿去做點公益、捐給慈善機構，當作替自己積點福德。」
然後泡壺茶，隨口點撥你兩三個商業市場的底層邏輯，那幾句話的含金量，早就遠超那一百萬了（如同巴菲特午餐，幾個小時絕對教不來細節，但是來龍去脈，哪些是彎路，過來人一點就明白了～剩下的功夫靠自己去補）
所以啊，行走江湖去跟前輩請益，到底要不要「金錢至上」？？這真的是一門很玄的人情世故，沒有固定的答案
但我自己觀察下來，人跟人相處到最後，或是網路上人家在講的「向上社交」，通常都是回歸到台灣人常講的那種無形的奇摩子問題、或是看你這個人順不順眼的問題～
頻率對了、誠意到了，一毛不收也願意傾囊相授；氣場不對、態度不純，你捧著金山銀山，人家也懶得多看你一眼…所以，「討人喜歡」這四個字目前我還是認為值千金的，不知道各位如何看待？"
貼文30_第1串,"（技術分析vs基本分析）
看到最近版上又在吵技術分析跟基本面之爭，其實這話題真的是歷久不衰
記得去年我也曾因為這件事發表過一些「暴論」，想當然耳，後來也是被一些技術分析的鐵粉出征了一波XD～（我認為不算暴，但誰知道呢？或許「說者無意，聽者有心」吧～）
不過今天想稍微心平氣和的聊聊這件事 ，先聲明一下，我絕對不會說什麼「研究基本面就比較高大上、技術分析就是割韭菜」，完全沒有這回事
在金融市場裡，能把錢平安放進自己口袋裡的方法就是好方法，如果你用那些均線、MACD、布林通道可以穩定獲利，那你真的就繼續用，習慣就好，你只要自己能跟自己交代清楚這錢是怎麼賺來的，那就行了，我也完全沒有要去說服你改變流派的意思，大家和氣生財～
但如果你真的要跟我討論技術分析，我的視角可能跟大家思考的不太一樣
大概在N年前吧，有一本技術分析的書專門介紹跨市場連動傳導，那是我第一次接觸技術分析的知識（作者John Murphy的Intermarket Technical Analysis，台灣後來有出翻譯本，然後我沒有拿出版社業配，各位有興趣再自行翻閱即可～）
這本書其實就用很粗淺的講了一個非常核心的觀念：傳導邏輯
這大概奠定了我後來在使用圖表時的一種底層思考
我平常如果要打開線圖來看，從來不是用來設定什麼「突破壓力位進場、跌破支撐位停損」的，我自己使用上，比較偏一種跨資產的傳導效應與時間差的視覺化
我舉個例子好了，金融市場的定價是有先後順序的，通常是：債券市場（資金成本）→ 信用市場（企業違約風險） → 大宗商品（實體供需） → 股票市場（最後的散戶與被動資金池）
假設今天我們在圖表上看到美國長天期公債殖利率開始陡升，債市的隱含波動率（MOVE指數）狂飆，這時候，你去拉出高收益債（垃圾債）的信用利差圖表，發現利差正在快速擴大（這隱含機構聰明錢正在撤出，認為企業違約風險升高）
可是呢，這時候因為時間差的關係，股票市場的標普500指數可能還在狂歡，甚至剛好突破了所謂的「前高壓力線」，傳統的技術分析派一看圖表可能會說：「哇！帶量突破前高，W底成型，上看X萬點，全力做多！」各位應該很熟悉吧XD~
但如果你了解總經背景，你會知道這就是最經典的跨資產背離，底層的資金水管（債市與信用市場）早就塞住了，流動性正在枯竭，股票市場的突破只不過是最後的慣性衝刺，或者是造市商為了「出貨」而刻意拉出來的「誘多」陷阱（我不太喜歡用這些詞，畢竟不精確，但為了方便各位讀者理解）
當信用市場的壓力終於傳導到股市時，那個所謂的強勁支撐線，在宏觀資金的拋售潮面前，根本跟紙糊的一樣，瞬間就會被砸穿
我對技術分析的使用也大概僅止於次，在不同的資產類別裡，尋找這種宏觀傳導的時間差與剪刀差～
這也是為什麼我一直對那種單一資產的支撐壓力線持保留態度，你說突破前高、或者是某個整數關卡（比如兩萬點）會有賣壓，這東西到底有沒有實質的金融意義？？？還是說那往往只是人為定義出來的心理關卡？？
在現在這個被AI演算法、被動ETF資金、還有0DTE充斥的市場結構裡，造市商的Gamma部位隨時在變動，那些傳統的靜態支撐壓力線，有沒有可能根本不具備「市場心理意義」？？這可以留給各位思考
Ps.說到這個，前幾個月有個同學，跑來找我喝咖啡～
跟我分享他之前在外面學的一套「專門給外匯市場使用」的技術分析，拿著平板給我看，上面畫滿了各種我見都沒見過的神奇幾何圖形，還講了一大堆他們那個流派自己發明、聽起來極度玄幻的專有名詞～
我當下聽完，心裡真的是……呃，這些東西是真的有用？還是出於行銷意圖，誰知道呢？？
但我當然不會當面去吐槽人家，畢竟每個人都有自己的學習歷程嘛
我就笑笑的跟他說：「哇，這套系統的維度真的很高耶，可能是我自己這幾年看總經看習慣了，對這種純幾何推演的『悟性』實在不夠，哈哈！不過如果你用這套方法回測能賺錢，那真的恭喜你找到聖杯！」
其實就是這樣啦，對於市場上各種奇奇怪怪的招式，我現在都是抱持著「尊重，但表示不理解」的包容態度
畢竟市場這麼大，賺錢的姿勢有千百種，我只是分享我自己一路走來，發現單純看圖的用途真的很局限～
這大概就是我對技術分析的一點粗淺murmur啦，還是那句老話，這不是什麼對錯之爭，大家各自安好，只要能從市場裡把錢提領出來，具備持續性系統優勢，那就是真理XD"
貼文30_第2串,"（在人生的賽局裡，老天爺就是那個最無情的終極造市商～）
過了40歲這個人生分水嶺之後，真的會有一種被宇宙跨維度打擊的感覺XD
你會突然頓悟，這世界上有兩樣東西的權重，絕對是把金錢按在地上摩擦的：第一個是親子與家庭關係，第二個就是健康
年輕還在拚事業、身體還沒被操出警報之前，我們都有一種嚴重的錯覺，以為「健康」跟「時間」是可以拿來無限套利的籌碼
遇到困難？熬夜凹單就對了！殊不知這世上的資產分為兩種：「可逆的」跟「不可逆的」
錢賠光了，頂多去睡公園，只要命還在，隨時可以再賺，這是可逆的
但陪小孩長大的時間錯過了，或是身體的某個器官被你操到報廢了，那是絕對不可逆的，花再多錢也買不回那個出廠設定～
其實啊，人在還沒生病之前，身體的狀態完美詮釋了物理學上的薛丁格的貓
在你去醫院拿體檢報告之前，你的身體處於一種既健康又快葛屁的量子疊加態XD！
因為你憑感覺是感覺不到痛的，所以你大腦的預設值就是「我超健康」
直到有一天你突然倒下，或是體檢報告出現紅字（也就是觀測者打開盒子的那一瞬間），量子波函數坍縮，你才會驚覺：「X！原來我已經爛掉了！」這種事，真的沒有親身經歷過那個收斂過程的人，是絕對聽不進去的
這幾年看過太多身邊的真實案例
之前一個學弟，腦筋動得很快，每天都在美股、台股之間瘋狂切換，作息整個日夜顛倒，說報酬率我絕對打不贏他，畢竟他賺錢的速度真的很快，佛系賺錢跟用命在賺錢的差距肯定非常大的～
結果三十出頭，某天在電腦前突然心肌梗塞，人就這麼提早登出人生Online了
更諷刺的是，這件事在那些每天盯著對帳單、看著別人賺多少錢的人眼裡，大概只是一個機率問題
大家聽完只會唏噓個兩分鐘，然後心裡默念：「反正那個倒楣鬼不是我，我體質骨骼精奇啦XD」，接著繼續埋頭苦幹
這就是很多人腦袋裡無法克服的線性思維陷阱
他們以為身體的損耗是 y = mx + b，今天少睡兩小時，明天補回來就好，但實際上，疾病跟後遺症的累積是標準的指數函數y = e^x
平常看都在貼地平飛，等時間一到，那個爆發的斜率是直接垂直上天的
如果你懂宏觀金融跟衍生性金融商品的邏輯，就會發現這些人的生活方式，根本就是在做一種極度不對稱、帶有巨大負凸性的裸賣選擇權交易～
比方每天拿自己的健康去熬夜、去拼酒換商業合作、去忽視家人，這就像是每天在市場上賣出深度價外賣權
每天收一點微薄的權利金（薪水、績效獎金），看著帳戶餘額穩定上升，就覺得自己是少年股神、人生贏家，但他們完全忽略了隱含波動率IV爆發時的尾部風險，你可能會想：噢，我就「忍一下」，等哪天飛黃騰達熬到衣錦還鄉，讓家人過好日子，但真的每個人都這麼幸運熬得過嗎？？
這可以用造市商賺錢的邏輯說明（造市商最喜歡這種只看眼前的線性思維散戶了～）
造市商在市場上瘋狂吸納這些散戶暴露出來的尾部風險，精算好Gamma跟Vega，然後冷靜的看著散戶狂歡
在人生的市場裡，「老天爺」跟「時間」就是那個最無情的終極造市商
祂每天笑笑地付給你那一點權利金，讓你覺得自己很行
但只要你的身體某天出現一個小小的黑天鵝事件，波動率一噴發，老天爺直接一個Margin Call，瞬間把你整個人生帳戶強制清算，連帶你的家庭跟未來全部爆倉，連凹單的機會都不給你（攤手）
所以，過了一定年紀後，你問我還會不會去勸那些瘋狂透支自己、不顧家庭的人？？
我倒覺得大可不必了，你不可能去說服沒經歷過的人～尤其對於一個鴻運當頭的人，你的每一句勸可能聽起來都像在斷他財路XD
因為要一個習慣線性思考的人，去理解指數爆發跟衍生品定價的風險模型，這中間的維度落差太大了，根本無法溝通
世界的結構本來就是這樣運作的，有人負責在風口上賺線性思維的快錢，老天爺就負責在終點站收割某些人的生命與運氣，既然他們自願當這個宇宙的流動性提供者，拿自己的命去給社會系統增添燃料，那其實是個人權衡後的考慮，我們也只能給予尊重了，哈哈！
我們能做的，就是好好管理自己人生的投資組合
把資產配置的重心，慢慢轉移到那些具有正凸性的東西上，比如每天陪小孩聊聊天、陪另一半散散步、好好吃頓飯、去球場上流個汗～
有些東西看似微不足道，也沒有辦法立即變現，但能陪伴你在人生下半場抵禦時間波動率、穩穩穿越牛熊，或許就是這些不起眼的東西了～"
貼文31_第1串,"（信用擴張下…市場本無牛熊）
針對市場的走勢其實我很少直接下定論現在是牛還是熊，這類二元對立的標籤其實對於投資（交易）沒有太大的爭論意義
在我的交易認知裡，所謂的牛熊…往往只是一種為了方便大眾理解而生出來的偽概念，何以這麼說？？
如果真要拉長宏觀的歷史維度來看，建立在信用擴張與法定貨幣體系下的美股，本質上就是一個無限拉長的超級大牛市～
那大家口中那些跌宕起伏的行情，不過是這條長期向上的價格曲線上，大級別波動與中級別波動的交錯重疊而已
比方令人聞風喪膽的2008年金融海嘯，你覺得他是高波下的牛市還是熊市？行情走完了，你可以用自己定義的標準判定他是熊市，比方回調30%就認定走熊，但有辦法在行情徹底走跌前就認定熊市嗎？
站在FICC的視角來看，我也從來不覺得那是個熊市，事後來看也不會是，它不過就是一次極端流動性枯竭下的高波動率爆發，是一場槓桿泡沫被戳破、資產重新定價的尾部風險釋放過程
為什麼我不用牛市或熊市來作為判別？
因為這種定義本質上是後驗指標，也很難拿來操作～
（續
/"
貼文31_第2串,"行情總是事後走出來了，大家看著K線圖，才恍然大悟地拍大腿說：「喔，原來我們已經在熊市裡了。」
當你身處在歷史的當下，沒有人能武斷的去定義現在究竟是牛還是熊
如果你在行情下殺的當下跳出來喊「熊市來了」，立刻就會有一堆死多頭拿著各種基本面數據跟你爭得面紅耳赤
這其實非常幽默，牛熊之爭就跟薛丁格的貓一樣，在未來的時間線還沒收斂、底牌還沒掀開之前，市場永遠處於既是牛市也是熊市的量子疊加態
用這種充滿主觀意識與爭議性的標籤來指導真金白銀的交易，無疑是在瞎子摸象～
所以，在我的宏觀交易框架裡，我其實也很簡單，那就回歸到金融市場最底層的定價核心吧～也就是波動率傳導機制
其實現在我看得也很清楚，不去爭辯牛熊，重點放在波動率的擴張與收斂
在FICC的宏觀邏輯中，一切資產的定價錨點都在美國國債
因此，與其去猜測標普或那斯達克的點位，我更習慣緊盯美債的MOVE指數（MOVE指數衡量的是美債選擇權的隱含波動率，它反映了市場對未來利率路徑的恐慌與不確定性）
（續
/
View 1 more"
貼文31_第3串,"前幾天有個同學在看我上課的影片回放時，私訊問了我一個滿有趣的問題
他說他在影片裡聽到我提到一個概念，說聯準會瘋狂印鈔票，最終的結果會導致利率上漲
他自己在螢幕前想了半天繞不出來，因為照理來說，央行印鈔票、釋放流動性，市場上的熱錢變多、資金成本變低，利率不是應該下降才對嗎？為什麼我反而說是上漲？
我後來想說是不是口誤，結果發現其實當下邏輯跳太快，不知不覺把中間推演步驟省略了，沒發現有些同學是第一次接觸這個觀念
（其實上課在講解的時候有時候會這樣XD，會理所當然的認為別人也應該懂你講的東西，但其實有時候理解落差很大，⋯所以講課不只需要邏輯，還需要一點點的同理心跟共情能力哈哈哈哈）
（FED狂印鈔票，為何最終利率未必下降？？最後聊聊一些公債市場錯誤定價的交易）
這其實是一個非常經典的總經盲點，也點出了很多散戶在看總體經濟時常犯的錯誤，就是把央行可以人為操控的基準利率，跟市場自由定價、反映真實經濟狀況的長天期債券殖利率給搞混了
利率其實是一個綜合有機體，而債券殖利率才是真正反映市場對未來預期的數值，既然同學問了，我就把這個概念稍微公開拆解一下，順便用一個衍生品操作邏輯，讓大家留下一些印象～
我們先回到最底層的宏觀經濟邏輯來看
當央行開啟印鈔機（量化寬鬆）的時候，它的初衷跟必然結果是什麼？
講白了，其實就是製造通膨
不管是 2008 年金融海嘯還是 2020 年的疫情，聯準會瘋狂印鈔的明確目的，就是為了對抗通貨緊縮，硬生生把通膨給印出來
短期內，央行確實可以用龐大的買盤把短天期利率壓低到趨近於零，這也就是為什麼大家會有一種「印鈔等於低利率」的錯覺
但是，當整個西方世界面臨龐大的嬰兒潮人口老化、社會福利與養老負擔，導致國家出現高達 6% 甚至更高的結構性財政赤字時，政府別無選擇，只能無限期的繼續印鈔票來填補黑洞
這種無節制的印鈔，最終很大機會會導致法定貨幣不斷貶值、實體資產與工資的通膨全面浮現
這時候，你換上固收的視角去思考一下
當政府正在大量製造未來的通膨，物價每年可能要漲個 3% 到 5%，結果當時市場上的長天期美國公債殖利率卻被壓在 0% 到 1% 附近，這合理嗎？這有沒有可能是一個違反經濟常理的錯誤定價？？
當貨幣的購買力不斷被稀釋，持有長天期債券的投資人絕對不是做慈善的，他們最終必然會要求更高的殖利率，來補償自己未來的購買力損失
所以，印鈔票的長期物理反應，就是通膨竄升，最後逼得市場端的長天期殖利率必須大幅往上彈升，去反映真實的通膨風險
理解了這個宏觀傳導邏輯，我們就可以回頭來看看 2020 年疫情附近，有些機構是怎麼利用這個錯誤定價來建構一個擁有極大凸性的做空交易
當時政府印鈔機開到最大，利率被死死摁在零軸附近，整個市場都被央行的流動性給麻痺了
比較值得注意的是，當時債券市場選擇權隱含波動率的 MOVE 指數（算是我很看重的風險衡量標準）竟然掉到了只有 52 左右的極低水準，這是什麼概念？？
這代表整個市場毫無防備，根本沒有人覺得債券會跌、利率會升，所以債券的選擇權就像掉在路邊的零錢，就看你有沒有發現機會的眼睛了～
當時就有機構投資人看穿了這個荒謬的定價，在瘋狂印鈔的環境下，0% 的利率遲早必須往上走
Ps.但方向看對只是第一步，沒有什麼，就算你確定利率會升，你也不是神仙，你根本不知道通膨是下個月會來，還是兩三年後才會爆發，如果你做短線，很容易在趨勢兌現之前就被洗出場
因此，他們利用當時極低的選擇權權利金，建構了一個凸性trade：直接在市場買入了30 年期美國公債的 7 年期的Put
這個策略的本質是什麼？？
答案是「用長達 7 年的容錯率來賭方向」
他給自己 7 年的時間，去等待「印鈔必然引發通膨，通膨必然導致利率被迫大幅調升」這個鐵一般的歷史規律發生
當時這種長達 7 年期的奇葩選擇權，通常只有機構法人在 OTC 市場能玩，後來也漸漸變成一般散戶也能接觸到的產品
而後來的事情我們都看見了，當美國通膨徹底失控，FED被迫啟動暴力升息，長天期美債殖利率從 1% 狂飆到 5% 的時候，長天期美債價格迎來了史詩級的崩盤
而當初那些用極低成本買進的賣權，價格直接翻了三倍以上，成為當時整個固收市場上回報率最恐怖的產品之一
所以回到一個老生常談的東西，先看透宏觀經濟底層的必然性（如果你做權益投資那就顛倒過來），然後找到市場的錯誤定價，然後用正確的衍生品工具給自己買足時間，舒舒服服的等待巨大的獲利兌現，不管怎麼樣，總結一句就是「方向正確，剩下就是用耐心去驗證」，急不得的～"
貼文32_第1串,"前幾個禮拜我看到一個朋友在留言區說他要用配置白銀來抗風險，本來上個禮拜我要來要寫這個topic，結果忘記，今天才想起來XD
（白銀與黃金本質上的投資差異）
黃金跟白銀還是有本質上的差異的，白銀這種東西其實還是偏向投機性質，跟黃金的儲蓄跟保險還是有差異的
差別在哪裡呢？
你想想看，現在FED印鈔票印成這樣，政府的債務負擔超級重
這時候黃金的作用就出來了，它沒有交易對手風險，是用來保本、對抗通膨跟信用風險的王牌，所以我幾乎不會輕易賣掉手上的實體黃金，除非市場發生那種極度恐慌的大崩盤，出現那種便宜到誇張的優質資產，影響到我對機會成本的判斷，我才會考慮動用黃金去換，對我來說，黃金就是乖乖放著當傳家寶～
但白銀完全不一樣，買白銀就真的是出自於投機的考量，我自己就沒有白銀的部位，我自認為抓市場情緒的timing沒有很擅長，所以就作罷
不過有一些投資朋友會在白銀跌到一盎司大約 20 塊美金的時候進場，原因很簡單，就是因為當時市場極度討厭白銀(也是情緒驅動)
只要大家對白銀的恨意消散了，價格自然就會漲上去
可是，等到它真的漲上去，甚至在線圖上出現那種往上噴的拋物線走勢，大家開始狂熱的時候，當初買進的理由大概就不存在了~畢竟白銀跟黃金的最大需求方還是不一樣的～
既然當初買進的理由消失了（利用恐慌情緒進場），那市場狂歡就應該果斷獲利了結（利用樂觀情緒賣出），你不應該有那種怕錯過後面賺錢行情的 FOMO心態，因為你的邏輯本來就是情緒，對吧？總不可能說你用情緒進場，突然抱到後後面改用基本面來說服自己，那就有問題了～
所以，如果你真的很想投白銀，或者你看好白銀接下來的走勢，基本上可能要轉移到其他資產或是白銀礦業股上面可能會比較好一些～
Ps.這是我的一些傳導邏輯跟思考，其實撇除掉市場上那些敘事，這就是很單純的算術問題而已
假設今天白銀價格已經漲到了 100塊美金，我們來推演一下：如果未來一年，白銀的價格就在 100塊上下盤整、不上不下，那你持有實體白銀，放了一年一毛錢都賺不到
可是呢，那些市場上優質的白銀礦業股，他們在財報上的估值基準，通常是用一盎司40到 50 塊美金去算的
也就是說，就算銀價維持在 80～100塊區間不漲，這些礦業股光是靠基本面價值的重估，就可能再漲個 80%以上
那如果是遇到比較慘的情況，白銀價格從 100 塊跌回 50 塊呢？？
持有實體白銀的人絕對會虧錢，但因為礦業股的估值底線是用 50 塊算的，所以即使銀價跌到 50 塊，這些股票的內在價值其實根本就不會縮水
所以這筆帳算下來，不管是遇到盤整還是下跌，把資金轉往優質的白銀礦業股，在投資上的勝率跟防禦力都比死抱著實體白銀還要好，等於是上漲空間更大，下跌還有保護傘
這也就是為什麼有些朋友會在白銀暴漲之後，選擇把大把的實體白銀賣掉，然後把資金轉移到白銀股票上的原因～不外乎就是看上這種性價比，把資金放在算術上效率最高的地方，畢竟這種東西投機屬性還是高了一些
（以上純屬個人邏輯判斷，並非投資建議）"
貼文33_第1串,"（滿手爛牌更沒本錢抱怨）
最近這陣子，我在版上分享了滿多關於社會現實、資本運作的底層邏輯，還有一些關於長期投資的心法，這些文章發出去之後，我信箱裡開始塞滿了各種私訊，底下留言也是五花八門…
其中有一種留言，我每次看到都覺得既好笑又無奈，他們會用一種很委屈、甚至帶點指責的語氣說：「白大，你講的這些大道理、這些焦慮的東西我們都懂啊！但重點是『然後呢』？我們要怎麼做？你可不可以乾脆一點，直接點給我們看哪一支股票明天會漲停？哪一個資產接下來會大噴發？講那麼多理論，我們都知道，重點是『做法』啊！」
看到這種言論，我有時候真的會氣到笑出來⋯⋯
（以下內文應該會火力全開，如果你沒辦法，那就麻煩你先滑走）
有些人呢…委婉跟他講道理，他可能聽不懂
非得要把話講得很直接～
我就問一句，現在網路上發文，是除了點出問題之外，還得保證幫你把飯嚼爛了餵到你嘴裡是不是？
這到底是什麼心態呢？？
我今天把社會運作的殘酷真相攤在陽光下，把資本市場的底層邏輯拆解給你聽，這叫點出問題
至於你要怎麼在這個操蛋的世界裡找到自己的出路、怎麼去尋找你的答案，那是你自己的責任…
這就像是一個體重破百的人跑來找我抱怨說他太胖、交不到女朋友、覺得自己很沒用
我跟他說：「你的問題就是太胖，你需要去運動減肥。」
結果他大老爺回我一句：「我知道我胖啊！重點是然後呢？你要告訴我每天要吃幾公克蛋白質啊！你要告訴我要做深蹲還是硬舉啊！你要告訴我要買哪個牌子的高蛋白啊！」
幹，重點是你吃什麼蛋白質嗎？
重點是你練什麼動作嗎？
重點是你現在、立刻、馬上，給我從沙發上爬起來，滾出家門去健身房辦張會員卡，然後開始流汗啊！
你連這第一步的執行力都沒有，在那邊跟我逼逼賴賴要什麼完美菜單，這位仁兄你是不是搞錯次序？
同樣的道理，你知道自己窮，你知道自己資源匱乏，你也知道在這個資本社會裡要翻身，要嘛就是瘋狂提升自己的認知，要嘛就是去結交高維度的人脈
既然路就擺在那裡，你要提升認知、結交人脈，最直接的方法就是去考個好學校、進個頂尖的商學院，或者是自己捲起袖子去創業，在商場上把臉皮撕下來塞進口袋裡，去跟那些老闆交朋友、談合作
，不要把自己那不值錢的自尊心當成一回事
不要在那邊跟我說失敗會怎麼樣⋯⋯不要在那邊說什麼被拒絕會怎麼樣，也不要跟我說什麼去念書還要浪費時間，那你在這邊空轉+抱怨就不浪費時間嗎？這很有趣
這麼簡單、這麼粗暴的邏輯，還需要手把手教你嗎？
你不要跟我說什麼：「我就是沒資源啊！我出身不好啊！」
放屁！重點根本不是你沒資源，是你沒能力，而且還整天散發著一種怨天尤人的負能量！你沒能力，就他媽的給我閉嘴去累積實力，等你能力累積夠了，你的氣場自然會改變，自然會有更高階的人願意來跟你結交，資源自然就會向你靠攏
如果你成天抱著一種「全世界都欠我、別人都應該把資源雙手奉上」的心態，誰看了不躲得遠遠的？
像這種個性，在資本市場裡不被那些老狐狸當成肥羊宰，那才真的叫沒有天理…
我講話很難聽，但這就是現實
有些人活在世界上，好像覺得別人除了要包你結婚、包你生小孩，還要包你進棺材買風水寶地一樣
這種凡事只想著伸手要、只想著別人把你把屎把尿服務好的人，你不當一輩子窮人誰來當？？
你這種貪小便宜、總想著走捷徑的個性全都寫在臉上，那些發行垃圾幣的、搞資金盤的、賣短線明牌的，不割你這種人要割誰？
你被人家割到傾家蕩產，我只能說剛好而已，活該！！
好了，發洩完了XD
講了這麼多，因為最近我的信箱裡，真的塞了太多那種莫名其妙的邀約～～
我前陣子確實會跟幾個網路上認識的投資人私下Coffee Chat ，但我後來開始慢慢婉拒一些邀請
原因也很簡單
除了太多優秀人士的邀請，我時間無法配合之外
最主要的原因其實是我發現還是有人抱持著蹭投資消息的心態來coffee chat，這一點我沒辦法接受～再加上前陣子婉拒了一個邀約，對方不知啥原因轉成黑粉，我除了無言也頗為賭爛，反正我之後會優先以外資投行退下來的老戰友為主，或者是現在業內朋友，再不然就是你自己本身在實業或交易上已經做出了驚人的成績，至少你自己先幹過實業或做過投資，我們交流起來才會有基礎～不然有時候我講東西你一問三不知，那可能也是浪費您的時間
至於那些成天在私訊裡跟我哭訴家裡發生什麼慘事、自己的人生狀況處理得多糟、情緒多低落的人……說真的，你現在需要的不是coffee chat
（那種泥淖，你來問我是問不出答案的，你只能靠自己咬著牙、滿嘴是血的爬出來）
如果你真的覺得很困擾，我過去寫的那些，文章你回去翻個十遍，我相信裡面一定有能幫你打通任督二脈的觀點
然後，如果你來找我是為了要明牌、要飆股，那我可以直接打槍你：門都沒有
為什麼？因為你這種人，骨子裡就是一個毫無信仰的短線賭徒，你永遠只活在追風口的焦慮裡
就算我今天真的把一個我看好的、未來會翻十倍的標的告訴你，結果會怎樣？
第一，你會覺得這家公司現在的走勢像死魚一樣，超級無聊，你根本抱不住
第二，你絕對不敢重倉（只能小打小鬧賺買菜錢）
第三，如果這支股票明天遇到總經逆風，跌了 20%，你絕對不敢越跌越買
投資的底層邏輯很簡單，我常問自己兩個問題：這支股票現在這個價位，我敢不敢重壓？
如果崩盤了，我敢不敢繼續加碼？如果你對我給你的標的，這兩個問題的答案都是不敢，那就代表你根本看不懂這家公司的商業模式跟內在價值
你沒有信仰，你只是在盲目跟風。
前幾年 PTT 上的航海王狂潮，當時確實有一個超級大的風口，很多人一開始衝進去，看著帳面上的未實現損益翻了好幾倍，覺得自己是少年股神
結果當運費開始反轉、股價從高點崩落的時候，他們出不掉
因為他們在半山腰的時候自我催眠：「這只是技術性回檔、主力在洗盤，後面還有一波大的！」
結果等啊等，風停了，豬摔死了，什麼都沒了，
幹，真的是笑死人！你跟我說「這次不一樣？」，放屁，歷史難道不會用不一樣的方式重新上演嗎？
這不就是標準的「靠運氣賺來認知以外的財富，最後再靠實力賠光」嗎？
你以為你在風口上賺到了那一點可憐的動能，結果當趨勢反轉，你的保證金被維持率追著跑，就算股價後來真的反彈了一點點，你也早就被斷頭抬出場了…你這不是傻逼是什麼？
更讓我受不了的，是現在有一堆年輕人，滿腦子都是受害者心態
他們整天抱怨自己窮是因為爸爸不夠努力、抱怨自己沒有出生在台灣經濟起飛的黃金十年、沒有搭上十大建設的順風車
我就講一句最難聽的實話：現在是 AI 時代，你手上握著的手機、你可以接觸到的開源模型跟資訊，跟華爾街那些大佬是完全武器平等的
在這種大家都擁有核武器的情況下，為什麼混得最差的還是你？
你說以前十大建設的時候，很多人靠著搞土地買賣發家致富
廢話！你知道他們在搞土地買賣的時候，要承擔多少黑白兩道的風險嗎？人家祖先願意為了後代去掠奪資源、去承擔破產甚至坐牢的風險，拋頭顱灑熱血，為子孫積了那個業、打了那個底，讓他們這一代可以含著金湯匙出生，這有什麼不對嗎？你憑什麼眼紅？
你如果真的覺得不公平，那你現在就去當那個為你孫子拋頭顱灑熱血的祖先啊⋯⋯
不要整天把自己當成大時代的受害者。只要你願意把評價人生的週期拉長，你總是有辦法在這個市場裡賺到錢的
現在這個世代，最大的問題就是浮躁
每個人都想著要一夜暴富，看到別人在幣圈、在飆股上賺了幾百萬，就焦慮得整晚睡不著
但資本市場是一個極度殘酷的大浪淘沙
當市場裡充滿了這種浮躁、缺乏耐心的熱錢時，就注定會有一大批人要在裡面粉身碎骨
你要當那顆死在沙灘上的沙子，還是要成為引領潮流的海浪，選擇權全在你自己的認知裡
我為什麼一直強調耐心跟長期投資？？
當你把自己的投資 KPI 綁得太緊、把考核週期壓得太短（例如每週都要檢討績效、每個月都要賺生活費），你就是在強迫自己開一台時速三百公里的超跑
時速三百公里是什麼概念？當你看到前方一百公尺有障礙物，從你的視神經把訊號傳到大腦，再從大腦下指令給雙手轉動方向盤，這零點幾秒的反應時間裡，你的車子已經往前噴了八十公尺了
你剩下不到二十公尺的距離可以閃避
更可怕的是，前方的障礙物（市場裡的其他參與者）也是會移動的
他根本不知道後面有一台三百公里的神經病正在逼近，他可能只是隨意的往左切換了一個車道，然後你就直接以三百公里的速度撞上去，連人帶車碎成渣
在這種極限速度下，你的容錯空間趨近於零
而且因為太危險了，你根本不敢載人，你沒辦法讓信任你的人跟著你一起重倉上車
但如果今天，你把考核週期拉長到三年、五年，甚至十年
你就像是開著一台時速八十公里的公車
雖然速度慢，但你的視野極度寬廣，容錯空間無限大
前方有狀況，你可以從容的踩煞車、看後照鏡、慢慢變換車道
因為夠穩健，所以你敢載著滿滿一車的乘客（重倉押注），你敢在遇到顛簸（股價下跌）的時候繼續加油門（逢低買進）
你可以在中途的休息站停下來喝杯咖啡，你絕對不會在到達財務自由的彼岸之前，就先在半路車毀人亡
所以，我今天這篇文章確實很靠北、很毒舌，因為我就是要用最重的話，把那些還在裝睡、還在用軟弱心態面對市場的人給罵醒
你其實心裡比誰都清楚自己該怎麼做，你只是「不想做」、你只是「懶」
你他媽的知道自己沒資源、沒背景，那你為什麼不帶著刀出去叢林裡跟人家幹？正常人知道自己餓肚子，獵槍跟弓箭早就準備好，衝上山去打山豬了！結果你連最基本的狩獵本能都喪失了，只會癱在地上哭爸哭母，怪老天爺沒有直接塞一把滿配的狙擊槍到你手裡？…我真的不知道該說什麼，這已經不是你有沒有資源的問題了，這應該是你過得太安逸，連打獵生存本能都失去的問題了～"
貼文34_第1串,"最近腦洞大開跑去玩了一下 AI 音樂生成軟體，真的滿酷的，旋律、編曲都做得有模有樣，第一時間聽覺上覺得欸不錯耶～（也可能我耳朵敏銳度不夠，聽不出來差異？）
但多聽幾首之後就覺得有點怪怪的，好聽歸好聽，可是聽完完全沒有記憶點，關掉之後腦袋一片空白，甚至想不起來剛剛到底在播什麼XD
好聽歸好聽…但很難留下痕跡~
Btw不過這也讓我開始好奇
現在到底有沒有那種自由度更高的 AI？
例如我自己隨便哼一段旋律，它可以自動幫我抓節拍、配鼓點、加樂器，甚至直接做成電音或完整編曲的那種？
因為我本身沒學過樂器，也不太懂樂理，其實就只是腦袋裡偶爾會浮現一些旋律，會想說如果可以把這個做成一首完整的歌就好了
感覺這個領域應該還有一段路可以走，但搞不好其實現在已經有很強的工具，只是我還沒挖到？
想問問大家有沒有玩過類似的 AI 音樂工具，特別是那種可以用哼的、或是給一小段旋律就能幫你延伸、編曲的，推薦一下
想來研究看看，說不定哪天真的可以把腦袋裡的旋律變成一首完整作品XD"
貼文35_第1串,"這篇文章當初被轉發了好幾千次，
最近又被翻出來討論XD
我發現其實很多新朋友都會回頭翻我的舊文，
所以乾脆再發一次，讓大家集中看~
有些思考，不會因為時間過去而失效
反而會因為時間，而更清晰
以下是原文
make_investment_easy
08/04/25
（新世代是怎麼被收割的？如果心理素質不夠強的，建議跳過這篇）
寫了五天，全文大概7900個字，能不能開悟就看各位有多大的耐心了
我不敢說我寫文章是為了救人
也不敢說是為了什麼普渡眾生
我沒那麼偉大，也沒那麼有能耐
我每天寫日記，頂多就是整理一下我自己的觀點
用我這顆腦袋，看這個世界的角度，分享出來
因為我看了一下後台數據
大多數的讀者都是 25 到 45 歲之間
但我猜，裡面大概有七成、八成的人是落在 25 到 30 歲這區間
所以嚴格說起來，大部分人都還很年輕
如果硬要說，我頂多就比你們早活個 15 年而已
那我就用這 15 年的人生視角，讓你站在我肩膀上看世界
因為我也曾經站在別人的肩膀上，才看得比同齡人遠一點
如果我今天寫的東西
不管你是隨手滑到，還是潛水追蹤了很久
只要能幫你多思考一點、多省一點冤枉路
那對我來說就是榮幸
有時候我真的覺得現在的年輕人太辛苦
這是我從一代一代人身上，看出來的世代斷層
我媽家隔壁住一個長輩，年紀已經快九十歲了
但身體很硬朗，思考敏銳度還在
一個民國二十幾年出生的人，沒念幾年書
字寫得歪七扭八，卻是我這輩看過最會賺錢的人之一
（續
/"
貼文35_第2串,"（新世代是怎麼被收割的？如果心理素質不夠強的，建議跳過這篇）
寫了五天，全文大概7900個字，能不能開悟就看各位有多大的耐心了
我不敢說我寫文章是為了救人
也不敢說是為了什麼普渡眾生
我沒那麼偉大，也沒那麼有能耐
我每天寫日記，頂多就是整理一下我自己的觀點
用我這顆腦袋，看這個世界的角度，分享出來
因為我看了一下後台數據
大多數的讀者都是 25 到 45 歲之間
但我猜，裡面大概有七成、八成的人是落在 25 到 30 歲這區間
所以嚴格說起來，大部分人都還很年輕
如果硬要說，我頂多就比你們早活個 15 年而已
那我就用這 15 年的人生視角，讓你站在我肩膀上看世界
因為我也曾經站在別人的肩膀上，才看得比同齡人遠一點
如果我今天寫的東西
不管你是隨手滑到，還是潛水追蹤了很久
只要能幫你多思考一點、多省一點冤枉路
那對我來說就是榮幸
有時候我真的覺得現在的年輕人太辛苦
這是我從一代一代人身上，看出來的世代斷層
我媽家隔壁住一個長輩，年紀已經快九十歲了
但身體很硬朗，思考敏銳度還在
一個民國二十幾年出生的人，沒念幾年書
字寫得歪七扭八，卻是我這輩看過最會賺錢的人之一
（續
/"
貼文35_第3串,"之前有一個徒弟問我很無厘頭的問題：「欸，你常跟那些上市櫃大老闆打球，是不是私底下都在交流什麼內線消息啊？」
你想太多了…
大家私底下確實熟，但到了我們這個年紀和位置，誰他媽會在球場上搞什麼利益交易？…這種東西也不會有人拿在檯面上跟你講…所以真的不要問這種問題==
(而且我台股早就清空沒部位了，問我也沒用，哈哈)
之所以提這個，是因為早上打到一半，同組一個朋友帶來的一個陌生的友人，神神秘秘的遞了根雪茄過來，開始跟我推銷一批號稱極其稀有、難得釋出的頂級珠寶，問我有沒有興趣盤下來
一聽報價，兩千多萬…
他口沫橫飛的講著這寶石的切割工藝、產地多純、未來增值空間有多巨大
我心裡直接笑出來：幹，老子現在手上是有現金沒錯，但我他媽的是扣在手裡準備等大跌拿來抄底的，誰要拿去買石頭啦，幹XD
但高爾夫球場嘛，大家都是體面人，人情交織的，規矩就是看破不說破
人家也是想找個過河卒子做業績，套路我都懂
所以我只是笑笑的接過雪茄，輕輕推完那一桿，跟他說：「兄弟，這石頭水太深，我真的看不懂，我還是算了吧」
其實，我真的是看不懂嗎？
（續
/"
貼文35_第4串,"大家靜下心來想一想，我們做投資，到底在找什麼東西？
不就是找供需錯配嗎，對吧？
現在是什麼大環境？？FED印鈔票跟印冥紙一樣，滿天都是熱錢，法幣的購買力正在被瘋狂稀釋
在這種時候，寶石這玩意兒有沒有稀缺性？
廢話，當然有
但「稀缺」、「保值」、「回報率」跟「有沒有人想買」完全是不同回事好嗎！
這兩千多萬的石頭要是流動性很好，還輪到你向我推銷？？
反正投資石頭我是不可能的啦～
我這波的資產配置很簡單，實體黃金我早就補滿了，剩下的子彈，我就是死盯著，BTC跌多少我就幹多少進去XD
隨便算一下就知道邏輯了
假設我今天拿這兩三千萬去砸現在大跌的比特幣，等這波宏觀週期洗完，靠北，如果翻個幾倍、甚至幾十倍，那就是幾個億的體積~
我基本上下半輩子又可以直接宣佈再退一次休了~
到了那個維度，你覺得我還會想買什麼珠寶嗎？
珠寶誰要啊….
Ps.
聊這些，不是要貶低買珠寶的人，我沒這麼缺德..
只是衡量機會成本，我自認為有更好的選擇～
總之…週末又快到了，大家自己腦補一下那個畫面，好好沉澱吧，嘿嘿
/"
貼文36_第1串,"前陣子就有朋友私訊問我，怎麼看現在穩定幣發行商（像是 USDC 之類的發行商）？
假設我們真的步入一個AI生產力爆發的通縮環境，那這類發行穩定幣的公司，問題可能會非常大～
比方像 Circle 這樣的穩定幣發行商，必須把客戶的錢 100% 拿去買T-bills
可是，如果極端通縮真的成真
聯準會為了對抗通縮，最後幾乎別無選擇，只能一路把利率降回去，甚至降到零
當國庫券的利率歸零，這些穩定幣公司的主要營收來源在哪..？
當然，我不是說這類公司明天就會倒閉或是一定會破產，畢竟公司高層也會想辦法轉型
但他們如果為了硬擠出收益，比方決定放棄 100% 的美債儲備，跑去投資其他高風險的資產，那這東西還能叫「穩定」幣嗎？￼
早上分享到群裡的有趣思考，截取一部分出來拋磚引玉～"
貼文37_第1串,"(人們總想買被低估的股票，卻容不下被低估的自己）
有一個很有趣，甚至可以說是有點荒謬的現象
不知道大家平時在市場裡打滾或是看別人做投資的時候有沒有察覺過：
我們每個人都像戴著高倍數放大鏡一樣，在股海裡拼命想找出那些被低估的優質公司
大家都知道買低賣高是賺錢的鐵律，對那些充滿潛力、價格卻還趴在地上的標的簡直是愛不釋手
可是，這個完美無瑕的邏輯一旦套用到自己身上，完全就變了個樣
我們幾乎無法忍受自己被低估，哪怕只是一天、一個月
只要感覺自己今天付出的勞力、心血，明天沒有立刻換來超額的鈔票或滿堂的掌聲
心裡那股委屈跟焦慮就會瞬間大爆發，恨不得立刻跟這個世界討回公道
說真的，這可能跟我們華人社會長久以來的集體心理狀態有關～
老一輩的人常常經歷過動盪跟貧窮，那種對物質匱乏的恐懼記憶是會寫入文化基因裡的
窮久了，很多時候心態上也會跟著變得很「窮」，演變成一種極度匱乏的心態
匱乏心態最大的特徵就是急於套現、急於索取，心裡永遠在算計
覺得自己給出去的太多、拿回來的太少
這種心態會讓人很難去做一個「給予大於索取」的價值提供者，也很難靜下心來做出五年、十年的長遠計畫
因為在匱乏的視角裡，今天種下去的種子，明天要是沒看到果實，這筆投資就是虧了
這種總想馬上賺取溢價的衝動，其實常常是我們人生和事業卡關的真正元兇
其實，如果我們借用物理學上的能量守恆定律來拆解這個問題，很多心裡的糾結就能瞬間豁然開朗
在一個封閉系統裡，能量是不會憑空消失的，它只會從一種形式轉換成另一種形式
你今天在事業上、在自媒體上、或是在任何一段人際關係裡，付出了大量的時間跟心力，這就是你輸出的能量
如果市場或老闆當下沒有用等價的「金錢」回報你，也就是你處在一個被Undervalued（被人低估）的狀態時，請你千萬不要覺得這些付出是打水漂了
按照能量轉換的邏輯，這些沒有立刻變成鈔票的能量，其實是轉換成了位能（或勢能）在你的生命系統裡儲存了起來
它可能變成了你認知維度的提升、變成了解決複雜問題的肌肉記憶，或者是變成了別人對你的信任資本跟人脈網路～
位能這種東西平時是看不見的，它安安靜靜的蓄積在那裡，直到有一天你的實力走到了一個臨界點，或者遇到了一個完美的市場契機，這些龐大的位能就會瞬間轉化為驚人的「動能」，以財富、名聲或是巨大商業成功的形式爆發出來
但如果你的心態是不允許自己被低估的，你等於是在要求宇宙把你每一滴付出的能量，立刻用最低效的現金形式折現給你
你連水庫都還沒蓋好，就急著要把幾滴水賣掉，這不就是一種拿錯誤的KPI來考核自己、最終把金雞母給殺了的短視行為嗎？
很多人受不了，認為自己今天付出，明天就要得到高於產出的報酬，想要賺取那個Premium
但在商業的基礎邏輯裡，溢價這種東西在初期根本是不存在的
試問一下，你沒有付出讓人家覺得超乎預期的價值，你連「合理」這一關都打不到，你何來的Premium？？？這其實不難理解～
所以無論是做生意還是做投資，大多數時候你要學會忍受那種得不到溢價、甚至被嚴重低估的狀態，因為你正在儲藏勢能
把這個道理套用到職場上，邏輯也是完美契合的
有時候你在職場上會抱怨「老闆付給你的薪水低估了你的產值，x的慣老闆」
老實說，通常大多數的時候的確是低估的
因為你只有產出比公司付給你的薪水更高的產值，你才能領得到這份合理的薪水
如果今天老闆給你一個超過你產出的報酬，那公司基本上是在做賠本生意
按照財務估值的模型來看，每家公司都是要追求利潤與節省成本的
你可能會說公司銷售的分潤很高，可是你去想，公司賺得肯定更多
這其實是很基本的風險與報酬的關係
老闆開一間公司，他替你承擔了市場波動、資金斷裂甚至破產倒閉的無限風險
你這是在公司這個安全的庇護網之下去領取穩定的報酬，就金融的角度來說，你等於是買了一份職涯的看跌期權，保障你不會因為生意失敗而沒飯吃
你的報酬收益本來就是要比較低估的，這就是你為「穩定」付出的保險費
風險跟收益本來就應該要有相對應的關係
所以，不管你今天是做公務員還是去創業，創業基本上就是面臨極高的倒閉風險，好不容易熬出頭天才有一波爆發的機會
而如果你是在人家底下工作，享受了安全感，那你就只能忍受被低估的可能性
這其實也沒有什麼好氣餒或覺得委屈的～畢竟你累積的是工作能量，你是把帳面上少拿的金錢能量，轉換到了你的工作經驗或是人脈上面去，這些東西同樣是被儲存起來的
大家只是儲存能量的形式不一樣而已
如果我們把這個視角拉高，用華爾街的財務估值邏輯來看，道理也是相通的
在資本市場裡，如果你一開始就給自己開出太高的估值，強求一個不切實際的Premium，你最後得到的絕對不會是一個沉穩而長遠的基業
這點我們完全可以參考《From Impossible To Inevitable》這本書的作者Jason Lemkin提出過的一個非常深刻的觀點:
現在矽谷有很多新創公司，明明產品都還沒個影子，或者只取得了一點點初步的成績，就急著拿超高的營收倍數去向投資人要錢，把自己的估值喊到天際，為什麼要這麼做？
畢竟這是一個AI 軍備競賽中的帕斯卡賭注，你不跟著玩這種融資，被淘汰是早晚的事情～
因為假設你的競爭對手拿了一百億估值，可以開出天價薪水挖走所有工程師，還可以買光所有的 GPU 算力
要是你還堅持合理估值，那等於拱手退出賽局
但這種要求超高溢價的行為，不是完全沒有隱憂
當你簽下那個天價合約、拿到超高估值的瞬間，你等於是向市場透支了未來十年的完美預期
在這種高壓的估值模型下，你的容錯率是零～你必須假設自己會成為下一個Google或Facebook，中間不能有任何閃失
市場的情緒學是非常殘酷的，一旦你稍微表現得像個凡人，哪怕交出的成績單其實還算不錯，但只要沒有達到那個完美預期，市場的情緒就會瞬間反轉，原本的追捧會變成極度的失望與踐踏
然後還有一個結構上的問題
當你用超高估值的糖衣去吸引人的時候，你招來的往往都是看著股權暴富夢而來的「傭兵」，而不是真正認同你使命、願意跟你共患難的「傳教士」
如果當公司遇到逆風期，估值稍微縮水，這些原本期待暴富的傭兵就會立刻鳥獸散，況且新創公司陣亡率很高，逆風期是常有之事～
你為了強求那個短期的Premium，付出的隱形成本是失去了整個組織的向心力與信任基礎
同樣的哲學放回我們個人的日常生活中，難道不是一樣的嗎？
如果你今天硬是要求別人給你超出你實質價值的回報，比如你做了一個很普通的爛產品，卻用極度過度包裝的行銷話術，強迫朋友或客戶用高價買單
從帳面上看，你好像賺到了溢價，你覺得自己好像很聰明，別人都是傻逼
但其實傻逼的是你自己，很簡單的道理，從長期的數學博弈來看，你這是在做一次性博弈
你透支的是你未來幾十年在這個社會上生存的信用資產
你要別人付出的價格大於你提供的價值，中間那個落差，就是扣除了你的信任成本與人脈成本
當信用破產，你的人脈網路就會對你進行強制平倉，以後再也沒有人會願意跟你做生意
所以這樣有很聰明嗎？並沒有
有時候，價格這種東西，反而是要用那些隱藏著、還沒有表現出來的位能去慢慢釋放，至少你不像煙火放一下就沒了，你還可以邊做邊修正，把自己扳回正確的軌道上～
我們常常說要投資價值被低估的公司，卻忘了我們自己也應該要有勇氣成為那個被低估的資產，不要去斤斤計較今天少拿了幾塊錢
因為當你處在一個急著想要得到Premium的情緒中時，你會發現你自己的真實價值其實根本還沒釋放出來，你的能量也還沒儲存夠
很多時候，能在一個undervalued的邏輯裡面默默耕耘，反而是最安全的～
你的認知能量儲存的還沒到位，你的人脈儲存的還沒到位，你的專業形象也還沒有堅不可摧，這時候如果你急著把手上的金雞母套現，急著向世界證明你有多值錢，那你大概率會搞砸
所以，到底什麼才是真正健康、能走得長遠的人生與商業策略？
用最簡單的數學哲學來說，就是有意識的、從容的讓自己處於一個被低估的狀態
你要讓自己給出的價值，永遠稍微大於你索取的價格
當你提供的質量極高，卻只拿取合理的、甚至偏低的回報時，你就是在不斷的為自己積累龐大的市場勢能
你的客戶會覺得物超所值而離不開你，你的老闆會覺得你的CP值極高而重用你，市場的情緒會對你產生一種正向的、充滿安全感的期待
在這種undervalued的狀態下，你的每一次小小進步，都會被市場視為額外的驚喜
你的每一次付出，都在無形中擴大了你的安全邊際
人生和投資一樣，最豐厚的利潤，永遠來自於價值長期被壓抑之後的價值回歸
當你的實力在默默中儲存到位，達到那個物理學上的臨界點時，市場自然會用最瘋狂、最不可思議的方式，把過去所有欠你的溢價，連本帶利的一次還給你
學會享受被低估的過程，把它當作是一種能量的無息定存，這不僅是一種高段位的財務估值邏輯，更是人生最頂級的生存哲學
Ps.以上文章其實可以類比到市場上一票盲目追求高股息的投資人
當一家企業正處於股價低迷，或是增長遇到瓶頸的轉型期時
股民往往不去關注它的內在價值，反而死盯著殖利率，逼著公司把現金全部當作股息發放出來
一家真正有底氣的企業，在低谷期最需要的就是儲存位能
（保留現金去做大量的研發與資本投資，或者是趁著股價被低估時進行大舉的股票回購，藉此來加深企業的勢能）
如果你強迫公司把準備用來作戰的糧草全抽乾、換成微薄的現金股息發給你，等於是親手葬送了它孕育第二增長曲線的潛力
這就像是一棵果樹好不容易才長出一顆果實，你就為了吃那一口，急著把整棵樹給砍了，完全忽略了只要讓它繼續儲存能量、向下扎根，未來它能帶給你的，是整片森林與倍數爆發的巨大價差～"
貼文38_第1串,"其實我家裡一直有立下一條鐵的規矩
雖然我女兒現在人在澳洲，但我都會特別交代她媽媽盯緊一點：
只要是假日回房間睡覺，手機絕對不准帶進去，門都沒有
她現在還小，我們雖然有給她手機，但基本上那是拔掉網路的閹割版，頂多就是打打電話或用一些基本功能而已
我覺得讓小孩用 3C 產品不是不行，但絕對要在大人完全監控的環境下使用
為什麼我對這件事這麼龜毛？
說到這個，就想到前陣子我自己也差點栽進去
那段時間我發現自己動不動就心情很煩躁，週末的氣壓總是很低，後來靜下心來抓凶手，發現十有八九是因為我滑了 Threads
那個演算法真的很可怕，上面充斥著各種有毒的訊息，很多小朋友在上面發那種自以為很酷的黑色幽默，或是一些超級扭曲、會影響身心健康的廢文
說句比較重的老實話，小孩子的大腦前額葉都還沒發育完全，判斷力還很弱，面對這種強烈刺激的內容，只要思想一被污染，價值觀大概就沒救了，一輩子就這樣了
但你以為只有小孩會中招嗎？
錯了，我甚至看到一堆四、五十歲的大人，還在上面跟著瞎起鬨、發廢文討拍求關注
說真的，看到同齡人還在這樣子搞，我都覺得滿慘的，如果說毒品會讓一個人撿角，社交媒體大概也好不到哪裡去
（續
/"
貼文38_第2串,"演算法就是算準了人類大腦的負面偏誤（也就是我們天生對危險和壞消息比較敏感的生存機制）
它不斷餵你吃毒，刺激你的多巴胺，把你困在一個越看越氣、越氣又越愛看的兔子洞裡，不知不覺就把你的情緒給綁架了
Ps.後來有一天，我突然像被雷劈到一樣，做了一個很深刻的自我反省
我摸摸鼻子問自己：「老天，我都已經 45 歲了，居然還會在意網路上那些連臉都不敢露的酸民在想什麼？甚至還會因為他們的留言影響到我自己的心情？」
想到這裡，我都覺得自己有點可悲，忍不住笑了出來，哈哈哈
真的，承認自己居然還對「陌生人的認同」這件事上癮，對我們這種中年大叔來說，實在是很丟臉的一件事～
從那次自我覺醒之後，我就決定把自己的心理健康擺在第一位，當作是一場大腦的排毒
現在我上網，基本上已經開啟了無敵防護罩模式，刻意不去理會任何路人的回覆
除非你是我以前的客戶，或者是私下認識的朋友、群友，我可能才會回覆一下交流交流
至於網路上那些路人甲乙丙丁的發言？
抱歉，我現在基本上不太會去回覆
畢竟人生的時間跟腦力容量就這麼多，拿去關心身邊真實存在的人都不夠了，幹嘛還要把情緒的遙控器，交給一群根本不在乎你死活的陌生人呢？
/"
貼文39_第1串,"最近看到有一些版上的大神針對美股記憶體板塊，像是美光這些大廠的深度探討，覺得裡面的邏輯滿有意思的
這邊還是要先老實承認一下，我對記憶體裡面那些錯綜複雜的產業鏈細節研究甚少，自認沒有太大話語權，所以我今天就單純把焦點放在最基本的供給與需求層面上，以及談論記憶體巨頭之間賽局平衡的思考，最後收斂到一些操作上的推演，產業層面我會點到一點，但至於太深奧的產業內部流向就容我略過，畢竟不是我研究的領域，故留給版上產業大神指點～
（用供需邏輯推演 2026 以後的記憶體市場，以及一些簡單的交易構想）
回顧一下前三年，大概在 2022 到 2023 年的時候吧，記憶體產業才剛經歷過大屠殺式的崩盤
那時候價格大概跌了一半以上，三大廠虧了幾百億美金，痛定思痛之下，大家紛紛大砍資本支出，把機台都給停了
結果好巧不巧，就在大家縮減產能的時候，AI 突然迎來了大爆發
現在那些 AI 伺服器都需要HBM 的高頻寬記憶體，這東西毛利高得嚇人，據說有將近七成這麼多
資本市場的嗅覺總是很敏銳的，既然這麼好賺，所有無塵室的產能當然就瘋狂轉向 HBM 還有伺服器用的 DDR5 了
但這裡面有一個物理上的殘酷限制，
你每做 1 GB 的 HBM，大概得吃掉原本可以做 3 到 4 GB 傳統 DRAM 的產能，因為它堆疊太複雜，良率也比較低
產能被這樣一擠壓，一般 PC 和手機用的記憶體供應就開始拉警報了
於是各大廠為了衝高毛利，紛紛開始宣布停產舊款的 DDR4
可是稍微想一下就知道，全世界有多少醫療設備、工廠機台、車用系統甚至你家巷口便利商店的收銀機，硬體根本沒辦法升級，只能插 DDR4
這很可能會導致一種你有錢也買不到的絕對短缺，逼得這些企業只能捏著鼻子花大錢換設備，甚至得認列鉅額的資產減損（這也能解釋為什麼最近有些舊的 DDR4 價格，竟然反常的比新的 DDR5 還貴）
同樣的狀況也發生在做永久儲存的 NAND 上面，企業級 SSD 需求大增，消費級的供應自然就被犧牲掉了
照這個供給被嚴重排擠的狀況來看，2026 年的記憶體市場短缺，基本上就像是一道算術題推提出來的必然結果
畢竟蓋一座新的晶圓廠動輒幾年起跳，像是美光在紐約的超級工廠也要到 2030 年才量產，遠水救不了近火，短期內根本不會有什麼神兵天降來補足產能
遇到這種情況，買方的第一反應通常是恐慌性囤貨，越怕買不到就越想囤，價格自然就越推越高（大宗商品，不管是石油、礦業，也是一樣的邏輯～）
好了，上面扯這麼多大家都朗朗上口的東西了
我這邊就基於這個短期比較容易預見的供需失衡，來討論在交易上要怎麼去構思～
像在這種高波動的環境下，有一種思路是去賣出美光或是相關大廠的深度價外認跌選擇權
就算未來高度可預見，但有一種東西比看法更值錢，就是市場情緒造成的波動
我們用一點簡單波動率的邏輯來拆解這件事
當市場因為預期短缺而情緒有點狂熱的時候，波動率會飆高，這時候選擇權的權利金就會變得很肥
你可以抓個安全空間去賣個put，安全空間怎麼抓就看你個人，有些人用ATR（但我個人不是很喜歡用價格波動做停損，我會利用其他方法～但不管怎麼樣，只要股價沒有發生毀滅性的崩潰，隨著時間過去，波動率慢慢收斂加上時間價值流失，你就有機會把這筆權利金放進口袋）
Ps.這邊要特別澄清一下，講這些沒有在報明牌的意思，也沒有暗示大家去複製貼上
這純粹是一個示範，和大家分享怎麼用數學跟財務的邏輯，把對供需的想法轉化成具體的交易策略
這背後的風險還是很實在的，萬一遇到什麼不可預測的黑天鵝，股價直接貫穿你的防守線，如果你的保證金控管不好，是會面臨巨大虧損的
所以招式百百種，不一定要拘泥在這一招上，大家還是要各自去用拼圖拼出適合自己的操作模式
最後針對兩種情況對未來2027年之後做極端推演：
我們先往樂觀的牛市劇本想，這裡可以用一點賽局理論的視角來看
假設未來記憶體市場大概洗牌到只剩下美光、三星、海力士這三巨頭
這三家大廠其實心裡都有一個共識，就像可口可樂跟百事可樂不會輕易發動價格戰一樣（只要誰先降價去搶市佔率，最後肯定是大家一起死，把利潤全部吐光）
所以在這個賽局裡，大家會形成一種恐怖平衡，非常有默契的控制產量，讓市場維持在一個微幅短缺的狀態，這樣大家才能一起舒舒服服的把毛利率維持在 60% 到 70% 的高檔
只要任何一方隨便打破這個平衡，市場的反饋機制就會帶來龐大的損失
如果 AI 的資本支出還在繼續擴張，這個恐怖平衡下的超級週期我猜可能還會延續好一陣子～要打破應該不容易
那熊市的劇本是什麼？
假設 AI 的投資回報率最後不能被證實
現在那些雲端巨頭都在瘋狂借錢蓋 AI 基礎設施，萬一過兩年大家發現，這些 AI 應用根本生不出預期中的利潤（華爾街給的壓力太大）
一旦這些巨頭緊急踩煞車，把原本高幅度成長的資本支出瞬間砍下來，需求端就會像自由落體一樣急凍
那麼，前面提到那三家大廠蓋的新廠，到了2027、2028產能剛好準備大量開出
供給突然大量湧進來，卻迎面撞上需求結冰，直接造成產能過剩
如果真的走到這一步，記憶體價格大概也會面臨崩盤，高毛利也會被打回原形，那些早早買了昂貴設備的公司甚至會被逼得認列巨額的資產減損～
那種連鎖反應，或許會讓人回想起當年千禧年科技泡沫的慘況
與其回答AI是不是泡沫這種yes或是no的問題，我覺得認為是一個「速率差」的問題，
(增長速率vs資本開支預期兌現)
總而言之…記憶體這個板塊，現在算是處在一個滿關鍵的階段，我不做預測未來會怎麼走，但我可以確定的是波動率應該會蠻大（畢竟很多眼眼睛在盯著他看，情緒起伏會很大～）所以我就賺波動財就好～"
貼文40_第1串,"（從雷根總統的蘇聯梗看看兩岸現代網路生態～）
一個超級有趣的現象，對岸的網友對咱們台灣賴桑的關注度，有時候簡直比關注他們自家的領導人還要高出好幾個檔次…
不管是賴桑今天說了什麼、做了什麼，總能在第一時間引發海景第一排的熱烈討論
這畫面實在太有既視感了，立刻讓我聯想到已故美國總統雷根最愛講的那個經典蘇聯笑話
以前冷戰時期，一個美國人跟一個蘇聯人在爭論言論自由
美國人很驕傲的說：「在我們美國，我可以隨時衝進白宮，拍著總統的辦公桌大罵：『總統先生，我不喜歡你治理美國的方式！』」
蘇聯人聽了不甘示弱的回嗆：「這有什麼了不起？我們也有言論自由啊！我也可以隨時衝進克里姆林宮，拍著總書記的桌子大罵：『總書記同志，我不喜歡美國總統治理美國的方式！』」
現在看看網路上的生態，看來隔著一片海，大家都很熱衷於替別人家的領導人打考績啊
這種感覺真的很像是住在隔壁的鄰居
鄰居自己廚房裡的湯都不知道滾成什麼樣了、菜有沒有燒焦也不顧，卻天天搬個梯子趴在圍牆上，對著你家廚房大喊：「哎呀！你家的米怎麼還沒煮熟啊？水是不是放太少了？這樣吃會消化不良的！」這種操心別人家的米沒煮熟的跨海熱情，真的是一種很另類的溫暖（？
（續
/"
貼文40_第2串,"Ps.比較讓人覺得精神分裂的是，網路上時不時還會看到一些充滿矛盾的超現實言論～
一邊氣噗噗的喊著說要武力攻打，一邊卻又像是個苦口婆心的長輩，到處發文提醒：「到時候要打過去了，你們要記得趕快跑啊！」
甚至還有一種無敵神邏輯是：「我們要去打你們，是因為你們現在的人民過得太水深火熱了，我們是去拯救你們的！」
想像一下這個畫面：一個人氣勢洶洶的揮著拳頭說要揍你，然後下一秒又換上一臉擔憂的表情，怕你閃得不夠快會受傷、又怕你日子過得不好要來當你的救世主
這畫風仔細品味一下，真的還蠻好笑的XDD
畢竟，能被好鄰居這麼「無微不至」又充滿矛盾的惦記著，也是一種難得的緣分～
/"
貼文41_第1串,"剛好看到網路上有一段話在討論「越頂級的圈子越愛聊玄學」
這個觀點我一半同意，一半保留
其實這沒有絕對的有或沒有，很大程度取決於你身處的生活圈跟世代
以我接觸過算滿廣泛的年齡層來看，現在那些搞新創的年輕人討論的很多都是數據、量化模型、AI回測，其實真的比較少在跟你談風水算命
但是，如果把視角切換到那些在民國70年代
經歷過十大建設、在台灣錢淹腳目時代發家致富的老一輩
甚至包含他們的二代接班人，你就會發現這種信仰玄學的比例真的滿高的～
不過，與其直接把人家打成盲目的迷信，不如說這是一個時代背景的產物
當年哪有什麼大數據或是精密的量化分析
他們在那個野蠻生長的年代成功了，往往沒辦法精準歸因到底是哪個量化指標奏效
很多時候，大家只能歸功於老天爺賞飯吃、祖上積德，或是感念蔣經國時代的大環境帶動
人在面對巨大的未知與不可思議的成功時，本來就有一種尋求更高力量解釋的本能，我們不能因為自己學了點現代科學，就去批評人家無知、沒有邏輯
(續
/
perfume_u_yu22
02/21/26
你發現沒有？
越頂級的圈子，有時候越愛聊玄學。
不是他們迷信，
而是走到某個高度後，
會發現光靠報表和數據，解釋不了全部。
白天談戰略，
晚上談風水、能量、時機。
因為當問題突破不了，
人就會開始思考：
/"
貼文41_第2串,"Ps.老實說，我自己偶爾也會跟著談論玄學風水
但更多時候，這只是一個跟長輩拉近距離的談資
我自己骨子裡其實是不太信這些的
可是你要想，很多時候資源還是掌握在長輩手裡
我們不得不用這些共同話題去換資源、換情資，對吧??
所以有時候我覺得這就是一種人際交換，當作聊天就好(隨緣一點，不要總把自己想得太偉大或是太清高，不然長輩覺得你自視甚高，也不想和你交朋友哈哈哈哈XD
所以有時候適當的投其所好，絕對是必要的啦～)
如果我們把視角拉高來看這件事，委婉一點說
人活在世界上，本質上是沒有任何客觀意義的
這聽起來很悲觀，但就像古希臘神話裡的薛西佛斯
每天辛苦的把巨石推上山，然後看著石頭無情的滾落，日復一日，徒勞無功
如果你把人生的本質徹底拆透
我們人類跟路邊流浪的一隻小狗，或者在天上飛的一隻蚊子，有什麼本質上的兩樣嗎，其實沒有～
你可能會反駁說「我們人類會創造價值啊！蚊子會嗎？」
但老實講，把我們引以為傲的價值，放到浩瀚無垠的宇宙維度來看
根本連一粒塵埃都不如，宇宙哪會在乎你今天公司的 EPS 成長了多少
（續
/
View 1 more"
貼文41_第3串,"時間過得很快，現在已經是2026年的2月底了
剛好卡在這個農曆春節假期的尾巴，大家都在收心，我反而覺得這幾天特別安靜，剛好有比較多完整的時間，可以靜下心來梳理一下對未來宏觀經濟跟市場的一些想法
先跟大家溝通一下，最近過年期間我比較少去滑留言區，如果有文章發佈，我會把注意力集中在把觀點寫清楚
如果你真的有什麼問題想找我討論，歡迎你直接到Instagram私訊我
threads上面的私訊我可能就不會特別去看了，因為訊息真的太多，我常常會選擇性忽略
這點大家互相體諒一下，因為我這人就是這樣，如果要回訊息，我就會花時間認真回完
（如果覺得三言兩語講不清，那我可能就⋯乾脆就不回了XD，懇請見諒）
所以，有興趣交流的，可以私訊我
好，廢話不多說，我們進入正題
(聊聊Ray Dalio 的《國家如何破產》這本書的一些盲點）
最近過年期間，我花了一些時間重新思考了達利歐的那一套宏觀債務週期框架
有在看我文章的人應該知道，我自己其實也會參考他的框架來建構大局觀
但有一說一，他有些東西我現在真的不是那麼認同
特別是最近他在網路上被罵爆，除了因為他推行中國業務引發一些爭議外，我覺得他最大的問題在於：他看的週期實在是太長了
他動不動就拿幾百年的歷史興衰來套用現在的市場，認為國家一定會經歷擴張然後走向必然的崩潰
這就讓我想到經濟學大師凱恩斯那句很經典的名言：「從長期來看，我們都死了」
當你用一個長達兩百年的週期在做預測時，這對我們普通投資人來說根本沒有實質的交易意義
因為等到那個週期真的兌現時，你早就化成灰了，你也沒辦法對你的投資績效做評價
所以，當你看的週期太長，而且結論又總是走向崩潰時，很容易就會被人家貼上販賣焦慮與恐懼的標籤，然後讀者就不會再想要把你剩下的東西看完了～（這也算是我的一點自我提醒吧XD
首先，他用18或19世紀的歷史來預測現在的美國經濟，其實是有點刻舟求劍的
為什麼？
因為以前的社會根本沒有現在這種龐大的退休金系統、壽險資金，也沒有這麼嚴重的高齡化人口結構
以前的人不需要幾十兆美元的安全債務資產來存放他們的退休金
很多人現在看著美國企業負債那麼高，每天在那邊喊危險
但你仔細去拆解美國現在的資產負債表，你會發現從1950年代以來，經濟結構已經發生了翻天覆地的變化
以前很多本來應該是由企業自己扛的壓力（例如龐大的員工終身僱傭制、天價的退休金撥款），現在早就被巧妙地轉移到了美國政府的財政赤字以及華爾街金融市場的資產負債表上了
這種結構性的壓力轉移，反而讓現在的美國企業在面對短期的經濟危機時，比以前那些老企業健康且有彈性得多
再來，我們聊聊未來的供需失衡跟具體的投資機會，特別是AI這東西到底會怎麼徹底改變美國勞動力市場的遊戲規則
Dalio在他的書裡大膽預測，AI帶來的生產力大爆發，會是過去30年科技革命總和的1.5倍
這個數字聽起來很有道理，但我們往下挖深一點，你會看到一個更殘酷的深層現象：
未來的美國企業，可能不再追求營收成長、員工數跟著擴張，
有可能在AI的影響下，未來的趨勢會變成「營收持平，但每年固定把底層跟中層的白領裁掉5%到10%」，各位不難發現AI正在威脅一些工作崗位，而且這已經是正在發生的事實，這也是我不太認同Dalio推論的一個原因
而且這裡有一個非常反直覺的觀點
大家原本以為AI是年輕人的武器，會讓年輕人快速取代掉那些不懂科技的老屁股
但結果可能完全相反，AI反而變成了那些老主管、老CEO的最強護城河
你去想，對於一個80歲的美國企業CEO、華爾街合夥人或是參議員來說，他們身上最值錢的資產是什麼？是他們累積了五十年的經驗、智慧與產業人脈
那他們最大的弱點是什麼？是體力變差、記憶力衰退、執行速度變慢
現在有了大語言模型這種怪物級AI，這些老大哥們根本不需要自己去敲鍵盤寫報告
他們只要靠著那張嘴，下達精準的戰略指令，AI就能在幾秒鐘內完美補足他們在執行力與記憶力上的缺口
這會導致什麼結果？這會導致這群頂層的權力者跟資本家，在位時間變得更長、更難以被撼動
這在勞動經濟學的供需上會造成一個極度奇特的現象：高階職位全部被有AI輔助的老人給卡死了
這會讓下面那些原本等著接班的中階主管、或是剛進投行的年輕分析師，面臨升遷無望的死局
這股壓力最終會逼迫這些年輕一輩必須出走、去體制外創業，進而重新洗牌整個商業的競爭格局
講完微觀的就業，我們再把視角拉回到宏觀地緣政治
Dalio最近極度看空美國和歐洲，反而一直鼓吹大家去買新興市場，例如越南
但這裡就有一個很多散戶買海外ETF時，常常沒想明白一個盲點
很多研究歷史的人會拿19世紀末的英國來舉例
當時英國的貴族發現大英帝國要不行了，就把資金轉移到美國去投資鋼鐵廠或是奇異公司，成功保住了家族的財富
但各位不要忘了，那是因為英國跟美國語言相通、文化相近、血脈相連啊啊啊～
英國貴族可以輕輕鬆鬆把小孩送到美國常春藤唸書，無縫接軌變成美國上流社會
但今天，如果你一個美國人因為覺得美國要衰退了，就把身家全部重倉砸到越南的資產去，你以為這樣就能在世界秩序重組時保住你的生活水準嗎？
我講句搞笑的，除非你現在就願意開始苦學越南語，把全家搬到胡志明市，娶個當地老婆，每天吃河粉並徹底融入他們的社會網絡
否則，當一個世界級的舊秩序真的崩塌時，這些新興國家崛起的利益，憑什麼要特地分給你這個外國投資人？
當真正的系統性危機發生、甚至是資本管制落下的時候，你手上的那些帳面數字有沒有可能瞬間就變成廢紙？？
所以⋯轉移資產不代表你能把「人」跟「階級」一起轉移過去，這是一個非常深刻的風險提示
講到極端風險，我們就不得不聊聊避險資產，這也是我最近看網路上討論覺得很有趣的地方
現在只要一講到總經看空，熟悉我的讀者都知道，我自己其實是推崇黃金跟比特幣作為某種信仰和資產配置的
但現在有一派人的邏輯，是喜歡去做「無限的極端推演」
他們會說：「你看，如果第三次世界大戰爆發，或者美國政府哪天發瘋，直接把比特幣礦場全抄了、把網路全切斷，那你買比特幣有什麼用？買黃金也帶不走啊！」
我覺得這個觀點可能會發生，但沒有意義….為什麼這麼說？？
如果你硬要把情境推演到這種喪屍圍城的世界末日極端，那我真心建議你，現在趕快把錢拿去買幾把AK-47，順便多囤一點軍火彈藥跟非法的重裝備，你可能會覺得我在講幹話
但按照你的邏輯推演就是這樣啊！如果真的是那種搶錢、搶糧、搶娘們的無政府狀態，你拿著一根金條去跟人家換麵包，人家搞不好直接一槍把你幹掉，金條跟麵包都他的（這當然是開玩笑的）
所以在那個時候，你手裡有多少黃金或比特幣都沒有用，那時候真正有用處的是你手裡的槍枝火力，你要靠槍去打獵，或是靠槍去幹掉那些想搶你物資的人
所以，把投資商品拿去跟絕對的末日情境做綁定，本質上就是一種邏輯上的瑕疵
我們投資是為了應對正常的經濟週期與通膨風險，而不是為了應付世界毀滅
所以，真正在市場上存活下來的投資人，他們在思考的風險管理與護城河，從來都不是去猜哪種資產在末日最保值
他們信奉的唯一真理是：「流動性，就是最強的護城河」（尤其是末日或是極端黑天鵝事件，流動性真的太太太重要，很多東西保值沒有用，賣不掉都是屁）
說到上面流動性的概念，這就要講到選擇權（特別是買 Put 賣權）的極致運用了
大家都知道，長期去買賣權就像是買車險，期望值是負的，長期下來保費一定會吃掉你的本金
但是，為什麼那些頂級大老還是會去佈局？
因為當市場發生像 2020 年 3 月疫情爆發，或是未來某一天那種無差別的流動性枯竭、恐慌性暴跌時，你手上的賣權會暴賺幾十倍
但請注意，這筆利潤真正的威力，在於：「當市場上所有的優質資產都跌到便宜得不可思議，而且全市場的人都在斷頭、極度缺錢的時候，只有你手上，握著滿滿的現金流動性」所以你可以輕鬆做到別人恐懼你貪婪
我們看看股神巴菲特在危機時的經典操作
當別人公司的現金流只剩下三天可以活命，跪著來求你注資的時候，因為你手上有無限的流動性，你就可以制定出極度嗜血、完全不對等的遊戲規則
像巴菲特在金融海嘯時，他其實也是大賣指數的賣權
但他憑藉著自己公司波克夏那 AAA 級的超強信用評級，硬是跟華爾街投行談判到了不需要繳交保證金抵押品的神級條款
這等於是他雙手插口袋，無風險地在收市場的保費
這就是把自身的資本優勢轉化為不公平競爭優勢的極致展現
（你以為老爸只是個愛喝可樂的慈祥老爺爺？）
最後，我們再聊聊Dalio在書裡提議說「美國政府應該成立一個像沙烏地阿拉伯那樣的主權財富基金，去全球買資產」這個觀點
這真的會讓人覺得莫名其妙
你去想，沙烏地阿拉伯為什麼需要主權基金？
因為他們除了地底下的石油，什麼都沒有，經濟結構太單一、太脆弱了，所以他們必須把賣油的錢拿去全世界亂買來分散風險
但美國需要嗎？美國擁有全世界最強大、最具深度的資本市場！
美國的「主權財富基金」早就已經存在了，只是它不叫國家隊，它的名字叫做微軟、蘋果、亞馬遜、Meta⋯⋯
這些偉大的企業在美國上市，吸納全球的頂尖人才，創造出無數的就業機會，然後繳納巨額的稅金給美國政府（這不就是最健康、最有競爭力的國家級護城河？？）
如果你今天讓美國政府的官僚（搞不好還是總統的某個親戚）拿著幾千億美金去市場上亂投資，最後的下場絕對是政治分贓跟嚴重的資源錯置，這完全違背了自由市場的經濟學底層邏輯啊啊～
這就讓我想到查理·蒙格生前最喜歡講的一個風險警告，叫做鞋釦情結（Shoe button complex）
這個概念是說，很多在某個極小領域（比如靠賣鞋釦）賺了大錢的人，就會產生一種極度傲慢的幻覺，以為自己是全世界最聰明的人
然後他們就開始對烏克蘭的地緣政治、核武擴散、甚至是全球總體經濟的走向指手畫腳
這句話其實就是在暗酸，一個很會做債券交易、很懂得算計風險報酬比的避險基金經理人，雖然在他的本業裡是神，但這並不代表他就具備了指點國家經濟政策，或是準確預測人類歷史幾百年軌跡的能力
當然，我講這些不是只有Dalio會犯這種毛病
現在打開社群媒體，你會發現上面到處都是這種人（賺了一點錢，就以為自己看透了宇宙運行的真理）
我們做投資的，真的要隨時承認自己其實什麼都不懂
有時候你當一個觀點的傳播者，你自己也要有自覺：你在跨領域的時候，認知往往是薄弱的
所以這也是為什麼我都會不厭其煩地跟大家講：我的觀點，你參考就好，千萬不要全盤接受
因為我們在做投資交易，本質上是在計算盈虧比跟賠率
但很多散戶的大腦裡只有非黑即白，他們認為市場不是漲就是跌，不是 All in 就是全輸，但真實的交易根本不是這樣運作的
有時候我們考慮的是發生機率與期望值，所以我講出來的話、寫出來的策略，一定會給自己留一點空間去做後續的修正與對沖
如果你只是想在網路上找一個絕對準確的預言家，把我的話當成 100% 的預測去重壓，那坦白說，你可能真的不太適合做投資
最後我想說的是，新的一年，希望大家都能在市場裡多保留一點彈性，少一點傲慢
祝大家開工大吉"
貼文42_第1串,"（為什麼說生在台灣是你這輩子最大的套利？）
講真的，這幾天看著市場的起落，再滑滑網路上那些社群論壇裡的沸沸揚揚，我有時候心裡會湧上一種很深的感觸
如果你要我用一句話來總結今天這篇長文的核心，我想說的是：各位，我們今天能夠身在台灣、生活在這片土地上，其實是一件非常、非常需要我們用「愛與感恩」去細細體會的幸福之事
我知道這句話一出來，可能馬上就會有人想吐槽
畢竟，不管你在網路上看，還是在現實生活中聽，抱怨物價上漲、抱怨買不起房、抱怨民不聊生的聲音從來沒有停過
但我今天想用一個比較宏觀、同時又極度貼近我們內心深處的視角，來跟大家聊聊這件事
我們必須先承認一個客觀事實：這個世界上，每一個國家、每一種體制，都有它讓人覺得民不聊生的死角
如果你單憑自己某一天的體感，或是某個月帳單透支的焦慮，就去全盤否定自己身處的環境，那其實是非常可惜的～
很多時候，人最大的一種挫敗感，或者說那種把我們一步步推向自我毀滅的深淵的感覺，往往不是因為我們真的三餐不繼，很多時候真正的毁滅感來自於我們太習慣去「比較」
我們永遠盯著別人碗裡那塊看起來比較肥的肉，卻瞎了眼似地看不見自己手裡已經端著一碗熱騰騰的白飯
當你長期處於這種匱乏心態時，你老是覺得自己不如人、覺得自己是不幸的，你的大腦就會因為這種焦慮，促使你去做出一連串極度短視、極度想投機的操作，最後往往演變成一場人生的自我毀滅
這不管是在生活、還是投資裡，都是屢見不鮮的悲劇～
（一）比較的幻象與交易的毀滅
我們先從我最熟悉的投資領域來聊聊好了
以前我們在做訓練時，經常會花大量的時間在探討「心理素質」和「心態調整」
為什麼？
因為很多投資人或是交易員，之所以會做出那種一夕之間把帳戶清零的毀滅性行為，
本質上就是在於：你沒有看見自己「擁有」什麼，你所有的注意力都放在你「缺少」什麼
當然，人要進步，隨時檢視自己的不足是應該的
但是，當你過度去放大這些不足，甚至拿那些被你神格化的個體來霸凌自己時，那就非常要命了
舉個最常見的例子，你現在打開社群媒體，你會看到 A 大神買記憶體賺了幾百萬，B 大神做黃金期貨翻了幾倍，C 大神抱著台積電早就財富自由了
然後呢？
你的大腦會不自覺地把這些 A、B、C 揉合在一起，拼湊出一個「無所不能、每個波段都賺到」的超級幻影，接著你拿自己這個有血有肉、偶爾會犯錯的普通人，去跟那個根本不存在的「完美投資人」做比較
你發現自己居然比不上「他」，你覺得自己很廢，你覺得自己錯過了一整個世界
但冷靜下來想想，這可能嗎？
那根本是不同的群體啊！每個人都在不同的時間點、用他們自己長期深耕的認知和信仰在賺錢，極少有任何一個正常人可以精通所有的領域、抓住所有的波段
這是一個再簡單不過的客觀事實
然而，當你被「比較心態」蒙蔽雙眼時，你就聽不進去了
你開始開高槓桿，你想在一天之內把別人十年累積的財富賺回來，結果就是被市場狠狠的教訓，血本無歸
所以說，比較心態真的是會害死人的
如果我們能用「感恩與愛」去取代「比較與憤怒」，去感恩我們今天至少還有一筆本金可以參與市場，去愛我們自己那一套雖然慢、但是穩健的交易邏輯，很多悲劇根本就不會發生
（二）我們在台灣，到底擁有了什麼？
好，說了這麼多心態層面的東西，我們回到現實面
我們到底為什麼要感恩？你先靜下心來看看，台灣現在到底有什麼？
第一個，我們先講最客觀可見、也最不可否認的事實：你擁有極度自由的發言權
在台灣，你可以在網路上自由地表達意見，你可以大聲地罵政府、酸官員，而不用擔心半夜會有人來敲你的門查水表（當然，前提是你不去侵害他人的基本人身自由和隱私，畢竟言論自由不是無限上綱的造謠）
光是這一點，各位，你就已經贏過這個世界上好幾十億人了
一定會有人反駁說：「哪有？政府還是會帶風向啊，還是有某種程度的審查啊！」
但你有沒有發現一件很荒謬卻又很可愛的事？
當你能夠在網路上理直氣壯地打出「政府有審查」這幾個字，並且獲得幾千個讚的時候，你就已經把你最想表達的不滿給講出來了，而且你依然安然無恙地坐在沙發上滑手機
這就是我想強調的：我們的社會，有一套完善的民主制度，這是一套「具有自我修復能力」的反饋機制
政府關心百姓的方式，是透過選票、輿論、民代去聽取你的抱怨，然後在壓力下做出調整
你把這個機制，拿去跟某些極權國家對比一下
在那些地方，政府是沒有所謂「容錯與修復空間」的，民眾的意見是被消音的
他們展現「關心百姓」的方式，是領導人帶著一群攝影機下鄉，走進一戶早就安排好的農民家裡，一把掀開他們家的鍋蓋，看看裡面煮了什麼肉，然後問一句：「同志，生活好不好啊？」
你覺得哪一種體制，才是真正把人當作一個有尊嚴的個體在對待？
如果台灣沒有這套可以讓你反應意見、讓政府被罵到不得不改的機制，而是全靠領導人來掀你的鍋蓋、決定你今天該吃什麼，你覺得這種生活你能接受嗎？
我相信答案已經不言而喻了
（三）日常裡的隱形奢侈品
除了言論自由，如果我們稍微把視角拉廣一點，去看看那些外國人或是旅外台灣人回台後最常討論的「台灣優勢」（你會發現我們身邊充斥著一堆我們早就習以為常，但在外國人眼裡根本是頂級奢侈品的社會福利）
最常被拿出來講的，絕對是我們的全民健保
在美國，你叫一台救護車可能要破產；看個牙醫可能要花掉你一個月的薪水
但在台灣，你感冒發燒、甚至面臨重症，只要拿出一張薄薄的健保卡，付個幾百塊掛號費，你就能得到全世界排名前段班的醫療照護
這種「不會因為生一場病就家破人亡」的底層安全感，是無價的
再來是治安與便利性
你可以在凌晨兩點，穿著夾腳拖、短褲，一個人悠哉地走到巷口的 24 小時便利商店買微波食品跟啤酒，而不用擔心在路上被搶劫
我們的捷運和高鐵，乾淨、準時、沒有像紐約地鐵一樣的尿騷味
這些東西，在很多所謂的歐美先進大城市，根本是天方夜譚
我們每天享受著這些極致的便利，卻往往因為太過習慣而忘了感恩，反而去抱怨高鐵便當又漲了五塊錢
這就是我說的，我們太容易只看見自己缺了什麼
（四）地理套利的底氣：退可守的溫柔鄉
我們再換一個更殘酷的商業視角來談
很多人抱怨台灣薪水低、物價高，覺得在這裡生活沒有未來
但你去想一個問題：為什麼現在有一大批台灣人，可以去中國大陸做生意、去東南亞創業，甚至年紀輕輕就帶著一筆錢去泰國或越南過著「躺平退休」的土皇帝生活？
答案很簡單，因為你的背後是台灣
台灣的經濟實力雖然不是全球第一，但新台幣相對於很多開發中國家，依然是一個具備強大購買力的強勢貨幣
這創造了一個極佳的地理套利空間
如果你覺得在台灣賺錢很辛苦，你大可以把在台灣累積的資本、技術或是商業模式，帶去那些處於通縮或是發展初期的國家
你在那邊花錢，享受著匯率和物價的巨大紅利，當然可以過得很爽
但是，你能有這種選擇權，是因為你來自台灣這個具備一定經濟基底的地方
你試想一下，如果你今天出生在一個真正的第三世界貧民窟，你連護照都辦不出來，你有什麼資格談地理套利？
所以，當你覺得自己過得很慘的時候，不妨去東南亞的底層社會、去那些連乾淨水源都沒有的地方看一看
你拿著你在台灣覺得很可悲的幾 K 薪水，在那邊其實是一筆足以讓一家人吃飽穿暖的鉅款（更何況在有些國家就算你領的薪水極少，還不准你靠北靠母，言論會被審查的）
當然，我不是要大家阿Q精神，永遠只跟比自己差的人比來尋求安慰
我的意思是，你要客觀地認知到自己所處的座標
不管你現在覺得多慘，你擁有的資源、選擇權，早就已經超越了地球上一大半的人口
當你看懂了這一點，你的心裡才會生出一種踏實的底氣
（五）匱乏心態的詛咒與馬斯克的快樂
如果你始終不認同台灣的好，堅持用匱乏心態來看待這個你生長的地方，
那容我說句難聽的：你今天去哪個國家，你都會是不快樂的
因為匱乏心態是一種心理疾病，它會跟著你的潛意識到天涯海角
比方說，你覺得台灣市場太小、賺錢機會不夠，所以你滿懷希望地跑去中國大陸做生意
沒錯，那裡人口基數大、基礎建設發達、市場潛力無窮，這點絕對要舉雙手認同
但是，當你在那裡賺到了錢之後，你的匱乏心態又會發作了
你開始注意到你「缺」了什麼，你發現你缺了政府對你私有財產的絕對保障，你缺了隨時可以把大筆資金匯出國外的自由，你缺了那種不用擔心言論被審查的安全感
做生意、過生活，從來都不是單方面的，每個地方都有它的陽光與陰影
如果你的心裡沒有感恩，只有無止盡的比較與索求，那你就永遠像是一個靈魂破了洞的人，不管填進去多少東西，永遠都覺得空虛
既然不管在哪裡都要過日子，我們何不讓自己開心一點？感恩一點？今天假設我運氣好，身價破了十億，如果我還是用比較的心態過日子，我可能會跑去跟那些身價百億、千億的財閥去比
然後呢？然後我就會覺得自己依然是個一事無成的魯蛇
我完全無法安安靜靜的坐下來，給自己泡杯茶，好好地享受我自己拚搏半生換來的成功，這不可悲嗎？
說到這，很多人常拿Elon Musk來舉例，說他身價世界第一，還不是整天睡在工廠地板上、結了幾次婚又離、看起來過得很緊繃，說他「不懂得享受成功」
但我對這件事有截然不同的看法
我認為，馬斯克並不是不懂得享受，各位有沒有想過，我們身為普通人，是否對於「享受」的定義是否太狹隘了？？
我們以為的享受是躺在沙灘上喝瑪格麗特；
但對他來說，他的成功定義在於「他能幫人類解決多巨大的問題」、在於他能否實現把人類送上火星的瘋狂夢想
他真正的享受，是沈浸在那個極度高壓、極度燒腦的「創造與執行過程」中
他不是為了賺更多的錢去跟別人比，他是為了滿足自己的靈魂
所以，跳脫世俗的觀念來看，唯有當你知道自己內心真正渴望什麼，你才不會被外界的比較標準給綁架
（六）從恐懼中開出的花：一段創業與投資的回憶
說到馬斯洛的需求三角，這真的是一個很有趣的哲學模型
人如果一直卡在最底層的生存問題裡，是很難談什麼高尚的情操的～
這也是為什麼我總是鼓勵大家，要盡快透過學習和紀律，讓自己脫離那種擔心下個月沒飯吃的生存焦慮
回想我自己早期剛開始創業、剛踏入投資市場的那段日子，老實說，真的非常辛苦
那種辛苦不只是肉體上的勞累，更是一種巨大且持續的不確定性
我那時候根本沒有辦法像現在這樣，對未來的現金流有一個確定的把握
我常常在夜深人靜的時候看著天花板，心裡充滿問號：「我這套模式真的能撐到下一個季度嗎？」、「我手上的資金夠不夠我再扛一次市場的下殺？」
那是一種走在鋼索上的感覺
但是，有一件事情在當時極大地拯救了我，那就是：我無比確定自己是一個很容易滿足、很幸福、很懂得感恩的人
為什麼？因為我很清楚地知道，不管我這次創業失敗了、或是投資被洗出場了，我背後還有台灣這個社會托著我
我知道我「餓不死」～
我如果真的不幸破產了，我還有去跑外送的選項，我依然可以有健保看病、依然可以在半夜買到熱騰騰的包子，有人覺得這樣自己的人生就毁滅了，但假使發生在我身上，這些東西都是我東山再起的底氣，我可以好好利用這一份在地化優勢，重新站起來～
當我把最壞的打算（也就是生存的底線）給徹底看透，並且對這份安全感懷抱著深深的感恩時，我大腦裡的恐懼警報器突然就關閉了
當你不再害怕失去一切，當你對已經擁有的一口飯、一張床充滿愛與感謝時，奇蹟就會發生
你的思維會從「防守與恐懼」轉向「開放與創造」
你不再為了短期的盈虧患得患失，你開始能做出長遠的佈局；你不再對競爭對手充滿敵意，你開始能看到合作的可能
因為你知道，你已經擁有了最寶貴的東西：一個健康的身體+一個和平的環境+和一顆自由的心
（七）科學與哲學交織的終極信仰
感恩與愛並不只是一種宗教上的心靈雞湯，它背後是有著深厚的科學與哲學支撐的
在神經科學裡，當你經常練習感恩、把注意力放在你所擁有的美好事物上時，你的大腦會分泌更多的多巴胺和血清素，這些神經傳導物質會讓你感到平靜、快樂，並且大幅降低壓力荷爾蒙（皮質醇）的濃度
一個在壓力下的大腦，視野是狹窄的（這叫隧道視覺），你只能看到眼前的威脅
但一個充滿愛與感恩的大腦，視野是寬廣的，你能看到別人看不見的機會
這也是為什麼那些真正頂尖的交易員或企業家，到了最後，修行的往往都是「心性」
古羅馬的斯多葛學派哲學家Epictetus曾說過一句流傳千古的名言：「人不是被事物本身所困擾，而是被他們對事物的看法所困擾」
台灣還是那個台灣，股市還是那個股市
有人在這裡看到了低薪與絕望，每天在網路上充滿戾氣地四處出征
但也有人在這裡看到了安定的力量、包容的社會，並且利用這裡的資源一步步打造出自己的夢想
外在的世界是一面鏡子，它照出的，全是你內心的模樣
如果我們能把那些用來嫉妒、抱怨、在網路上跟酸民筆戰的精力省下來，把那些用來盯著別人對帳單發愁的時間收回來，轉而用這些能量去擁抱你身邊的家人、去享受一頓巷口的滷肉飯、去感謝自己今天又平安健康地度過了一天，你會發現，你的生命質感會發生翻天覆地的變化
所以，到底什麼才是讓我們在這個充滿不確定性的世界裡，能夠穩穩站立、甚至不斷向上的真正力量？
不是你戶頭裡的幾個零，不是你預測股市多空的精準度，更不是你在社群媒體上戰勝了多少個與你意見不同的網友
那麼真正的力量是什麼？
答案是：心靈富足與愛！
唯有當你的心靈不再因為比較而匱乏，唯有當你懂得用愛去包容這個世界的不完美，用感恩去珍惜你當下所踩著的每一寸土地時，你才算是真正掌控了自己的人生
生活在台灣，我們已經擁有了太多別人夢寐以求的基石
願我們都能放下那些無謂的戾氣與焦慮，找回內心那份最純粹的平靜"
貼文43_第1串,"（來聊聊我這輩子做過最蠢的財務決策）
認識我的人大概都知道，我這人做決定通常是心裡盤算過後就直接衝了，結果好壞自己擔，很少會因為不如預期就在那邊後悔半天的
但唯獨有一件事情，真的是讓我每每想起來都覺得耿耿於懷
而且最嘔的是，這還是我後來到了一定年紀，看到別人在玩這種套利模式，我才恍然大悟：Ｘ的，我當年根本就是個超級大冤大頭！
如果我一輩子都不知道這件事就算了，偏偏知道了，才發現自己以前到底有多冤，哈哈哈哈
這個讓我痛定思痛的模式，簡單來說，就是聰明人會去賺高通膨、強勢貨幣國家的錢，然後跑到低通膨、甚至通縮的國家去瘋狂消費（或是定居）
比方說，有些做跨國生意的狠人，他賺的是美國人的錢（低息+高通膨），但人卻舒舒服服的躺在通縮國家過日子
這種降維打擊當然爽啊！你在那邊隨便花，生活品質都像個土皇帝一樣，因為你的購買力被無限放大了
但如果你把這個公式顛倒過來玩，那你絕對會體驗到什麼叫作人間煉獄
比方說，你現在賺的是人民幣，然後跑來台灣這種物價有感上漲的地方消費，或是像我前幾年去海外「打工」那樣，那真的會活得很辛苦
除非啦，你在大陸做的生意量大到可以完全cover掉這個匯率和物價的價差，畢竟對岸市場大嘛，量體夠大還是能活得下去
但如果不是這種級別，那種無形的購買力把你往下拉的拉扯感，真的會把人逼瘋
這就說到我以前幹的蠢事了
在我去澳洲之前，我曾在新加坡的金融業工作過幾年
大家都知道澳洲的物價已經不便宜了（因為太太的關係我們後來去了澳洲）
但在那之前的新加坡，那個消費水準完全是另一個可怕的異次元檔次，比澳洲還要恐怖好幾倍
那段時間我真的覺得身心俱疲，每天睜開眼就是瘋狂的開銷，賺的薪水好像只是從左手交到右手，然後就不見了～（慘
你會很懷疑：「我到底是不是在做白工」，那也是最後促使我決定從金融業登出、死都做不下去的很大一部分原因，你說這冤不冤？？（我等於是在超高消費的國家，用體力去換那個看似很高、但根本存不下來的薪水，完美示範了什麼叫反向套利）
結果今年過年期間，一個我以前在新加坡認識的大陸朋友來密我，問我台灣現在的狀況怎麼樣（我猜他想換個國家定居，但我跟他說現在大陸人要過來很難～）
聊著聊著，他老兄還補了一句：「台北的感覺，不就像是我們大陸的二線城市嘛？」
我聽完差點沒笑出來，他以為在台灣消費很容易，我心想，我先不管你覺得台北是他媽的幾線城市啦
我就給他一個最良心的建議：「你要搬，就直接往南飛去東南亞，千萬別來台灣」
因為你現在賺大陸的錢，然後拿來台灣花，你絕對會累到懷疑人生
你以為你在二線城市，結果你的錢包會告訴你這物價根本是一線頂配，你自己都受不了一線城市的消費了，又要求CP值，鄉下地方你又看不上，你還是去越南泰國比較適合
Ps.不過講到最後，地理套利這種東西它有一個前提，也就是你必須先克服的終極大魔王，就是匯率跟外匯管制
你說你在通縮國家賺了大把的錢，想要拿去外面花，重點是你要有辦法把錢大額的匯到國外去啊
如果你今天賺了一堆人民幣，結果卡在外匯管制出不來，看著帳面數字很嗨，但拿不到海外用，那講這一切地理套利都是在搞笑、純屬做夢
連錢都匯不出去，你連套利的入場券都沒有，洗洗睡比較快"
貼文44_第1串,"剛好今天有人跑來問我，針對美國最高法院判決川普的全球關稅違法，結果川普立刻反擊，說要改用另一條貿易法再對全球加徵10%關稅這件事，問我怎麼看？會不會崩盤？
我不會去武斷的去預測「市場一定會怎樣」
如果你真的瞭解川普這個人，你就會知道他是不按牌理出牌的，重點是「你的部位要怎麼對應」，而不是去死猜他的下一步
過去的經驗告訴我，只要文章寫得太武斷、太鐵口直斷，基本上就會引來一堆酸民
很多時候其實只是用詞上的盲點，但最後演變成你要去ban人、要去回嗆，然後陷入一種毫無意義的惡性循環，說真的蠻搞笑也蠻累的
這種吵架流量或許很好，但對我的生活或投資心態一點幫助都沒有
我覺得現在的讀者更需要的……是一種安靜投資的定力，而不是跟著短期時事的躁動在那邊七上八下
嗯⋯所以，很多東西真的沒必要去點評，因為就算你預測對了又怎樣？
重點是市場的反應有時候就是跟你想的完全相反啊啊啊啊
如果我看空結果沒跌，還要被罵
如果真的殺下來，反正策略也是要加碼買進啊！
既然動作都是下跌減便宜，那預測的意義到底在哪？
（續
/"
貼文44_第2串,"Ps. 最近其實蠻有感觸的，我一直很努力想擺脫被大家定位成什麼市場觀點分析師的標籤
我現在想走的路線，其實就只是純粹分享一些人生哲學、自我進步，或是當下遇到問題時最真實的想法
我不想為了迎合流量去寫文章，比方說最近記憶體板塊很熱，但我如果不懂，我就不會硬去為了受眾要求寫一篇分析文，那對我來說真的沒什麼意思
/"
貼文45_第1串,"這幾天走春拜年，剛好去參觀了我表弟在台北新買的房子
老實說，現場看真的挺震撼的，買在十七樓，看出去的 view 無敵好，附近交通又超級便利
快四十歲能靠自己買下人生第一間房，而且還是這種等級的物件，這絕對是一個超級了不起的 milestone！
我當下狂拍他肩膀，充滿恭喜地鼓勵這個年輕人，畢竟熬了這麼久，終於爬到了這個位置，真的超屌
結果，溫馨的氣氛才維持不到三分鐘，我那個對風水略有研究的小姑就在旁邊發功了
她站在大面落地窗前，指著對面那一棟大樓，對著她兒子碎念：「當初就叫你買對面那一棟，你看這間的格局，對面那棟才好啊！你就是不聽，你看，現在對面那間被人家買走了吧！」
我當時在旁邊聽到，心裡的 OS：「乾，這間房子都快一億了耶！你跟我說還在比？」
不管是這一棟還是對面那一棟，隨便一間都是普通人奮鬥幾輩子都不一定摸得到的夢幻逸品，到底有什麼好嫌的？
但我最在意的，是她兒子的表情
我原本看到他臉上掛著那種好不容易上岸的開心與驕傲，但在他媽媽講出那句話的瞬間，他的笑容肉眼可見地僵住了，肩膀也垮了下來
（續
/"
貼文45_第2串,"Ps.當下我真的覺得這根本是一場 tragedy…
你人生都已經奮鬥到這個地步了～你老人家還在那邊幫你做比較….
原本的「得到」，在比較心態者面前，居然變成「失去」？！我是覺得很荒謬
/"
貼文46_第1串,"其實我們常常都太在意別人怎麼看你，不管是投資績效好不好，還是專欄文章寫得讚不讚，總覺得有一大堆眼睛在盯著
但根本沒有那麼多人在乎你、也沒人真的在盯著你看
如果我們總是被別人的期待綁架，不知不覺變成只會順從社會期望的 sheep，為了討好那些根本不在乎你的陌生人而活，那你很容易就會做出一些很畸形、甚至自我毀滅的決策
特別是現在這個網路時代，只要打開 Ig臉書或是threads，你就會看到一堆人開著私人飛機、名車，或是秀出光鮮亮麗的家庭照，大家都在努力展現最好的一面
這種無所不在的比較心理超可怕，會讓人的期望值呈指數型飆升，產生嚴重的 FOMO
所以為了保護自己的大腦不要吸入太多這些 toxic 的毒素，我現在發完文章基本上就不太看留言或讚數了，盡量讓自己少暴露在那種充滿比較與焦慮的環境裡
講到這個，我就強烈建議各位家長，像我自己女兒雖然現在在澳洲念書了，但我一直覺得小孩子接收資訊的環境必須嚴格把關
小孩子可以給他們用手機，但千萬不要讓他們隨便下載社交媒體，你可能會覺得管太多
（續
/"
貼文46_第2串,"但講一句難聽的，小孩子雖然需要 social，但他們的心智還不夠成熟，是最容易暴露在有毒訊息跟比較心理下的族群
如果從小就在那裡跟別人比誰的衣服貴、誰去哪裡玩，很容易就會產生自卑心理
這種從小種下的自卑感一旦成形，長大後真的會完蛋
很多人長大後為了證明自己「已經不窮了」或是為了彌補過去的心理缺口，很容易就會做出一些很蠢的財務決策
比方為了這種虛榮心，去做出超越自己能力的消費，買一堆奇怪的奢侈品來證明自己，那長大後賺再多錢也存不下來，會窮一輩子，然後陷入惡性循環
某種程度上，社交媒體讓大家比較心理越變越複雜、接受到的觀念越來越扭曲，身為家長真的要當心～
/"
貼文47_第1串,"（當你遇到超級無敵好聊的人⋯⋯有 87% 機率他的段位遠在你之上）
不知道你們生命中有沒有遇過一種人，就是跟他聊天超級舒服、無敵契合，完全沒有任何冷場
不管你拋出什麼爛梗，他都能完美接住
不管你聊什麼冷門話題，他都能順著你的毛摸，每一句話都直接講到你心坎裡
你當下可能會激動的覺得：「幹！難道這就是傳說中的靈魂伴侶嗎？我們也太懂彼此了吧！」
如果你覺得一個人超級無敵好聊，而且你發現他不僅跟你好聊，他跟任何人都能無縫接軌的聊得來，那有高達 87% 的機率，他根本不是你的什麼靈魂伴侶，他單純就是在對任何人進行降維打擊
為什麼好聊等於降維打擊？
因為對方的維度跟段位絕對遠遠在你之上
他腦袋裡的 Database 跟經歷過的事情太多了，所以他完全可以預判你的預判
他知道你聽到這句話會有什麼反應，他也早就預設了你的立場，甚至連你下一句要講什麼廢話、會有什麼情緒起伏，他都已經在腦海裡 Run 過好幾遍了
對他來說，跟你聊天就像是在玩一款已經破關無數次的新手村 Game
（續
/"
貼文47_第2串,"然後，他會刻意把自己的姿態放低，用你聽得懂的語言跟你喜歡的邏輯來跟你溝通，並且稍微提供一點你需要的情緒價值，就能讓你覺得如沐春風，甚至有種相見恨晚的錯覺
舉幾個例子好了
這點在以前職場特別常見，有時候你遇到一個業內前輩，你興致勃勃的跟他大談你對近期美股走勢、或是聯準會降息的獨到見解
他全程笑笑的點頭，溫和的說：「嗯，你這個觀點很棒，很有 Insights」
你以為你得到了大佬的認可，嗨到不行
但其實人家心裡的推演早就不知道想到幾年後的劇本去了，他只是覺得跟你爭論沒有機會成本上的效益，所以選擇用最不傷感情的方式，包容你的小確幸
就像我們在投資圈，有時候你會看到一些身價好幾個億的市場老前輩在跟剛進場的小白聊天
小白在那邊焦慮美股是不是要崩了、什麼選擇權要怎麼押，老前輩完全不會搬出一堆 NDIRS 還是 Swap Spreads 跟你分析
他反而會順著小白的毛摸，用去菜市場買菜的邏輯，笑笑的跟你分析風險
他完全懂小白那種 FOMO 的恐懼，所以他提供的回應，會是讓你開心又吞得下去的
（續
/
View 3 more"
貼文47_第3串,"（我買了Switch，但我絕對不敢重倉遊戲股——聊聊遊戲產業的一些投資陷阱）
最近手真的很癢，說來好笑，前幾個禮拜看朋友買了一台Switch在那邊薩爾達傳說飛來飛去，我心裡那個小男孩的靈魂突然就被勾出來了，忍了幾天最後還是破功，自己也默默刷了一台回來
這讓我想到那個還是撥接網路的年代，誰沒有在楓之谷裡面為了那個鍋蓋盾牌或者是為了衝捲軸在那邊爆肝？
說真的，現在回頭看，楓之谷這款遊戲真的是教科書等級的商業模式
你想想看，它其實不只是一個遊戲，它本質上是一個社交平台，它賣的不是怎麼讓你通關，它賣的是虛榮心，賣的是你在那個虛擬世界裡的社會地位
（髮型、膚色、整型、買點裝，基本上就是現代版的愛馬仕跟勞力士，讓玩家心甘情願一直掏錢，這種讓現金流像自來水一樣流進來的模式，絕對是所有做生意的人夢寐以求的聖杯）
但講實話，後面那些改版迭代，什麼潛能系統搞得越來越複雜，吃相越來越難看，搞到連我們這種老玩家都看不懂在玩什麼鬼的時候，那種情懷就慢慢被銅臭味給磨掉了，這部分我就不便多說，免得被死忠粉噴死XD
講到遊戲變現，就不得不提大概幾個月前，股癌謝孟恭說要弄個遊戲基金這件事
當時消息出來，市場上一片嘩然，畢竟他平常聊美股、聊台股頭頭是道，突然跨足到這麼硬核的一級市場VC去做遊戲創投，確實讓很多人跌破眼鏡
我當時雖然有稍微寫了點東西評論，但講真的，我心裡其實是捏把冷汗的
為什麼？因為「投遊戲」跟「玩遊戲」完全是兩個平行宇宙的事，甚至跟我們平常在二級市場買賣台積電、買賣輝達那種邏輯，根本就是不同次元的遊戲規則
我們這一代做投資的，腦子裡對於靠遊戲股發大財的印象，很多都是停留在當年段永平抄底網易的神話故事裡
Ps.那時候網易股價跌到快下市，不到一塊美金，段永平看準了這公司帳上的現金比市值還多，而且正準備轉型做網路遊戲（就是後來的大話西遊），這是一個典型的價值投資加轉機題材，是有安全邊際的
但是，請注意喔，現在這些搞遊戲基金的，或者說我們一般人想去投遊戲新創，邏輯跟段永平當年完全不一樣
現在是在賭爆款，是在賭一個從無到有的機率，這難度基本上跟去買樂透差不多，只是這張樂透稍微貴了一點，可能幾百萬美金起跳
我對於投資遊戲這件事情…還是比較悲觀的（雖然我自己玩遊戲是很樂觀的？？）
首先，遊戲產業最大的迷思，就是大家都以為自己能做出下一個原神或下一個絕地求生（畢竟…沒有人一開始就看衰自己，不然就不會進到遊戲產業）
但現實是，遊戲是一個極度靠爆款驅動的產業，這跟電影業很像，但比電影業更慘
電影拍爛了，好歹還能賣給串流平台回點血，遊戲做爛了，那個伺服器維護費、行銷費用一燒下去，是連渣都不剩的
而且，現在的玩家胃口被養得極大，你的美術要頂、劇情要好、操作要順，還要有創意，這導致開發成本是指數級上升
這裡面有個很弔詭的邏輯，就是IP的時間成本非常可怕
我們都覺得任天堂很賺，寶可夢很賺，所以投資遊戲就要投IP⋯⋯但問題是，IP這東西不是你今天砸錢明天就長出來的
一個能讓玩家產生情感連結、願意為它掏錢十年的IP，通常需要極長時間的孵化
畢竟你「建立IP」跟「變現IP」是兩回事
很多新創公司拿了錢，說要做一個宇宙無敵的IP，結果錢燒完了，連個像樣的Demo都跑不動
投資人如果要投這種早期的遊戲公司，你基本上要有心理準備，這筆錢就是要放個五年八年，而且很有可能最後是一場空
這跟我們做股票講究的流動性、財報透明度完全背道而馳
再來，還有一個問題，可能一般創業人都會遇到，叫做成功的歸因謬誤（但這點好像在遊戲圈、電影圈特別嚴重？？）
很多團隊可能正好踩到了某個風口（比如當年的大逃殺類型，或是疫情期間的休閒遊戲），做出一款爆紅的遊戲，然後呢？然後他們就以為自己抓到財富密碼，於是拿著賺來的錢去搞更大、更野心勃勃的續作，或者是想要打造什麼元宇宙平台
結果往往是，第二款遊戲直接暴死，把第一款賺的錢全部吐回去
這裡面比較合理的解釋是：很多遊戲公司根本不知道自己為什麼會成功、究竟你是玩法創新？是美術風格？還是單純只是運氣好？
如果遊戲開發團隊連自己的成功因子都沒辦法量化拆解，那要祈禱下一款遊戲會紅，可能需要拜拜好燒香
這也是為什麼很多VC在看遊戲案子的時候，對於那種一招鮮的團隊其實是很保留的，他們更喜歡那種能把遊戲做成服務、有能力搞長線營運、懂得看數據調整的團隊，而不是那種整天喊著要透過遊戲傳達什麼藝術理念的藝術家（比方遊戲畫面做得再好，人家不買單就是不買單，那你前面投入的成本可能都會打水漂…）
而且，現在還有一個很麻煩的問題，就是平台壟斷問題跟獲客成本的問題
以前我們覺得遊戲好玩就會紅，現在？難矣
現在是流量為王的時代，蘋果的一個隱私權政策調整，直接把手遊業的廣告投放邏輯打殘了一半
現在你要讓一款新遊戲被看見，那個行銷預算高到嚇死人，於是這就導致了一個結果：大者恆大
像是騰訊、網易、動視暴雪這些巨頭，他們有錢砸通路、有錢買流量，甚至直接把有潛力的小工作室買下來
那你一個獨立的遊戲基金，或者是我們這種散戶投資人，要在這個夾縫中求生存，去押注那種還沒冒出頭的小公司，那個勝率有多少？？
除非你真的不太care return，純粹就是當作做功德，支持夢想，那也就另當別論了
還有一個觀點也是投遊戲需要care的重點，就是關於平台化的思考
比方前幾年疫情期間，我自己也有在Roblox這個平台體驗遊戲，有一個體會是：如果遊戲能做到「平台化+優化遊戲體驗」，大概就會很成功
比方Roblox或是Fortnite後來搞的那個UEFN，他們已經不只是一款遊戲了，他們變成了一個工具，讓玩家自己在裡面做遊戲
這種模式之所以屌，是因為它把生產內容的成本轉嫁給了玩家，平台方只要負責收過路費就好
這跟當年楓之谷那種純粹靠賣虛寶的模式又進化了一個層次
所以…如果你今天跟我說，有個團隊在做這種平台級的基礎建設，那我可能眼睛會亮一下
但如果只是跟我說：「喔，我們要出一款畫質超好的3A大作，對標黑神話悟空」那我通常會先打個哈欠，然後問他現金流能撐幾個月
沒辦法，這就很現實XD，所以我這種人的資金你們千萬不要拿，因為沒辦法替你介紹人脈對接資源，還會潑你一盤冷水（我開玩笑的）
回到股癌的這個基金，我不知道他的具體策略是投早期還是會有什麼特殊的運作模式
如果是走VC路線，那我猜測應該就是標準的廣撒網、賭爆款（有錯麻煩糾正）
大概會是投十家死九家，只要有一家變成獨角獸就回本
這需要極強的產業人脈，你要能接觸到最頂尖的製作人，還要能在他們最缺錢的時候進場
這對於一般的台灣投資人來說，其實是非常遙遠且陌生的領域
而且說實話，遊戲開發的變數太多了，程式會出包、策劃會腦殘、美術會風格不合，甚至還有政策風險（看看對岸的版號限制）
要在這麼多不確定性中找到確定的回報，真的不是一件容易的事
所以啦，我自己對於遊戲產業的看法是：當個快樂的肥宅玩家就好，把錢花在買遊戲、買主機、甚至偶爾課金支持一下喜歡的開發者，這樣獲得的快樂（多巴胺）絕對比你把錢投進去當股東，然後整天提心吊膽看著財報、擔心遊戲延期、擔心玩家炎上來得划算多了
遊戲這東西，本質上是販賣快樂的產業
但當快樂變成了一門生意，而且是這種高風險、高槓桿的生意時，那個味道就變了
我們看當年段永平能賺那一波，是因為他看懂了價值低估與商業模式轉型的甜蜜點
但現在我們面臨的是一個紅海市場，是一場資本與創意的絞肉機大戰
總結來說，如果你問我遊戲公司能不能投？
我會說，除非你對這個產業的理解深到能看穿製作人的靈魂，或者你能像那些頂級機構一樣拿到最核心的數據和資源，否則，這條路真的不好走
我們還是乖乖拿著手把，在楓之谷裡面放個廣播徵公婆（誤），這樣的人生或許比較愜意一點，你說是吧？
至於那種幾十倍回報的投資夢，就留給那些心臟夠大顆、口袋夠深的大佬們去煩惱就好
畢竟，我們玩遊戲是為了放鬆，不是為了讓自己更焦慮啊！XD"
貼文48_第1串,"（你的大腦正在欺騙你：別把「沒看完」當成一種損失）
早上剛好看到朋友發了一篇很有意思的文，本來想按個讚順便回覆幾句，結果回頭要找的時候發現竟然刪文了！
哈哈！沒關係，雖然原文不在了，但這個觀點實在太好，剛好觸發了我的一些投資感觸，所以我就憑印象把他的大意寫在前面，順便藉題發揮，分享一下小弟我的看法
朋友那篇文大概是引用了股癌灰階思考裡關於多力多滋的理論：
說這種加工零食帶來的巔峰快感，其實只存在於第一口，但人們之所以會把整包吃完，是因為大腦把「沒吃完」解讀為一種損失
這完全就是現代資訊爆炸的寫照，我們在網路上狂吞垃圾資訊，不是因為它們有營養，而是因為我們害怕錯過，害怕漏掉那一則可能會讓我們一夜暴富的訊息
但實際上，真正有價值的核心資訊往往很少，剩下的都只是在滿足大腦避免損失的本能罷了
說到這個主題，小弟我剛好可以來插上幾句話XD，分享一下敝人投資路上的觀點
剛好看到你講到多力多滋那個例子（大腦把沒吃完解讀為一種損失的機制），其實就是現在我們滑手機、看財經新聞停不下來的病根
大家都很怕錯過什麼，好像少看了一條新聞，隔天開盤就會少賺一根漲停板一樣，但有些東西就真的是⋯垃圾食物，吃了只會讓你的投資決策變得更肥胖更遲鈍，毫無營養價值XD
針對這個過濾雜訊的議題，其實我有一套方法論供大家參考，其實方法說穿了就是「抱對大腿」
我們在投資市場裡打滾，承認自己能力有限其實是一件很釋放的事～
如果你覺得外面的雜訊非常多，然後無法提煉出有效的訊息，那最簡單的過濾器就是去找幾個已經證明過自己的行業專家或研究員，把他們設為你的強過濾網（不管是線上也好線下也好，都一樣，只能靠自己花時間去尋找寶藏）
只要確認這些人本身沒有利益衝突，也沒有那種為了合規而不能講真話的限制，那就好好跟他們交朋友，甚至把他們當作你的外掛大腦
比方說，講到生技醫藥領域，我就只看 Vincent 說什麼，如果是傳產或者是那些錯綜複雜的電子股供應鏈，我就看Schumi
至於其他還有很多不錯的投資人，就看你跟誰的頻率對得上
當然啦，如果你只是想看心情好的，看我拉低賽找點樂子，小弟我也來毛遂自薦XD，畢竟小弟我讓各位在緊張的盤勢中笑一笑，這也算是一種另類的「情緒雜訊過濾」吧？畢竟心情好，決策比較不會亂掉嘛，您說是吧？XDD
我想表達的是，這種抱大腿策略不是叫你無腦跟單，那個叫韭菜行徑，我這裡所謂的抱大腿是叫你承認術業有專攻
與其自己像無頭蒼蠅一樣在網路上亂搜，不如把這些行家當作你的導航
這其實就回到你文章提到的，不要因為害怕錯過細節而狂吃垃圾資訊，這些專家已經幫你把多力多滋那包袋子裡剩下的碎屑都篩掉了，直接餵給你最營養的那塊肉，這不是很好嗎？
再來，講到這個資訊爆炸，很多人現在會覺得：「哎呀，我有 AI 啊，我有 ChatGPT，我問它就好了」
但這裡小弟我可能又有意見了，這也是我非常核心的一個觀點：千萬不要太相信 AI，或者說，不要太依賴 AI 給你的直接答案
為什麼？因為 AI 其實不是專家，它是一個被餵食了大量人類資料的統計模型，它裡面可能包含了很多保障機制、很多政治正確的廢話，甚至很多它自己也分不清楚真假的網路謠言
最重要的一點是⋯如果你不會問問題，AI 對你來說一點用都沒有
大家常常有個誤區，以為在這個時代「答案」很貴，其實大錯特錯
現在最不值錢的就是答案，隨便 Google 都有，AI 秒回你一千字
真正貴的、真正高深的是「問問題的技術」
問問題本身就是一個系統工程，它需要你腦中有一個框架、有一張地圖
你可以想像一下，如果你被丟到一個陌生的迷宮，你手上有一張地圖，但你看不懂，你只會問 AI 說：「欸，我要怎麼出去？」這種空泛的問題，AI 給你的答案通常也是廢話，像是「請往出口方向移動」
但那些在這個行業看久了的行家，他們知道地圖上的關鍵地標在哪裡，他們會問：「前面第二個路口如果有坍方，我是不是該切這條小路？」這就是差別
行家因為在行業裡浸淫久了，他們知道哪些變數是雜訊，哪些變數是訊號，知道哪些問題是攸關生死的主要問題，哪些只是茶餘飯後的次要問題，所以他們提煉重點的能力絕對比一般人還要強
我們如果沒有那個底蘊，問出來的問題就是淺的，得到的答案自然也是淺的垃圾資訊
這就像拿著一把金鏟子去挖水溝，很浪費
所以，如果你想要變強，或是想要在這個資訊洪流中活下來，最簡單的限制理論就是承認自己研究能力很差
這句話聽起來很喪氣，但其實是透過承認不足來止損
不要想著什麼都要自己研究，覺得自己能從零開始搞懂化工、搞懂 AI 晶片、又搞懂航運，那是不可能的
找幾個專家大腿抱緊，或者是鎖定幾個你很喜歡的研究員，把他們過去十年的研究報告從頭讀到尾，這種死磕到底的精神，絕對比你廣泛撒網要有效得多
我常常覺得，投資研究跟談戀愛有點像，最好就是「愛一個人，跟他死磕到底」
比方說，你如果相信巴菲特的價值投資理念，你就不要今天看巴菲特，明天看索羅斯，後天又跑去看那些當沖少年的對帳單
你就把巴菲特所有的書全部買回來看一次，把他過去五十年的股東信一個字一個字讀完，把他歷年股東會的 Q&A 影片全部拿出來像追劇一樣看完
你要把他講過的所有話、所有的思想邏輯，在你的腦袋裡重新組裝一遍，讓你的思考迴路跟他同步
為什麼要這樣做？因為這些人之所以能要在一個領域做那麼深、做那麼精，一定有他的道理，一定有他堅持的底層邏輯
當你把一個大師研究透了，你心中就有一把尺，這時候外界的那些多力多滋碎屑雜訊，你一眼就能看穿那是不營養的東西
如果你不這樣做，自己在那邊東拼西湊，今天看財報明天看線圖，其實只是讓自己暴露在更多的雜訊中
你需要花時間、花成本，還要去撞破腦袋，最慘的是你要伴隨著長期的孤獨，最後還可能得不到一個正確的答案，那種痛苦是會讓人崩潰的
所以，適當的承認自己看不懂，把判斷權重交給信任的專家系統，我覺得是一種智慧，也是一種生存策略，有這樣的認知的人，在市場上混得都不會太差
當然，這不代表我們就完全放棄思考
我個人的看法是，如果你真的想做研究，一開始的階段，深度的重要性絕對是大於廣度的
這就像練武功，你一開始一定是先練好一套拳法，把它練到極致
你要找行家，把某一個領域（比如半導體，或是消費品）的深度知識徹底打通
怎麼叫打通？就是你至少能針對這個領域，提問出一百個有水準的問題以上
如果你連問問題的能力都沒有，代表你對這個行業根本還是一團漿糊，你不知道要關注什麼
庫存週轉重要嗎？毛利重要還是市佔率重要？技術迭代的風險在哪裡？如果你問不出這一百個問題，你就只是在看熱鬧
等到你真的把一個行業打通了，最重要的一步來了：你要跳出深度的限制
你不能把你的眼光永遠侷限在那個井底
這時候就要學查理蒙格的思維，你要開始在不同的行業之間建立連結，做思維的跳脫從深度跳脫出來，變成「廣度大於深度」的躍遷
這會有一個時間軸上的差異：一開始完全不懂時，先往深處紮根，抱大腿，學行家的思維，等到根扎穩了，再跳脫行家的局限，去做跨領域的廣度連結
這時候你看到的風景就不一樣了，你也才有能力去分辨，哪些資訊是真正有價值的「核心」，哪些只是讓人上癮的「多力多滋」
這至少會幫你省掉很多很多的冤枉路和無效功
最後，還是要回到 AI 這件事
不要太仰賴 AI，真的，你去想一個很簡單的道理：AI 不能替你下單，不能替你賠錢
它可以幫你分析一萬種利弊得失，可以幫你跑回測，可以幫你寫漂亮的報告，但最後那個按下買進或賣出按鈕的人，是你
最後看著帳戶盈虧，心跳加速或失眠的人，也是你
AI 不可能直接跟你說：「欸，兄弟，比特幣 All in 就對了，身家壓下去！」它不可能這樣講，因為它沒有Skin in the game啊啊啊
但各位又不是不知道，很多時候你要爆賺，部位一定要非常重（甚至可以說是壓身家）
對吧？？否則不敢重壓的話，其實代表你潛意識裡好像也沒有那麼確信，對吧？
所以你敢為AI分析出的東西重壓你的部位嗎？如果不行的話？那是否代表很多過濾行為，還是要回到「人」身上？那過濾機制怎麼培養？就參考我上面提到的，慢慢修鍊慢慢紮根
畢竟賠錢的是你，分析得頭頭是道的是它，這責任歸屬完全不對等
所以專家觀點之所以重要，是因為很多專家（如果是真材實料的）他們往往也是拿真金白銀在市場裡博弈的，他們的觀點帶有承擔風險的重量，這跟 AI 那種冷冰冰的數據分析是完全不同的維度
所以囉，過濾雜訊的本質，說到底還是修心
我覺得最本質的原因在於，不要把自己暴露在一個容易吸收雜訊的心態裡
不要覺得自己無所不能，不要想要自己從頭研究到尾，更不要把自己當神一樣去膜拜，覺得自己可以戰勝市場上所有的資訊不對稱
把心態調整一下，承認自己的局限，學會停下來，不把那包多力多滋吃完
就像你文章最後說的，你看了多少根本不重要，重要的是你留下了什麼，還有你能不能在這些留下的東西裡，找到讓自己安身立命、睡得著覺的投資邏輯
這年頭，清醒的人最稀缺，而清醒往往來自於知道自己「不知道什麼」，共勉之～"
貼文49_第1串,"AI 公司需要幾兆美元蓋機房，美國政府也需要幾兆美元還債
那兩個巨獸同時在搶錢，錢從哪裡來？
只能靠印鈔嗎？？各位思考思考"
貼文50_第1串,"（Ray Dalio真的那麼不堪嗎?）
這陣子網路上看到一些網友追著Ray Dalio猛打，有人開酸他是過氣反指標大神
看到這些評論，我覺得挺有意思的，我想來講講我對這位大佬的一點「主觀」看法
先說好，這篇文純粹是我個人的觀察，沒有收橋水基金半毛錢（如果有的話我也想收啊！），也沒有要幫他洗白的意思，純粹就是覺得這件事值得我們好好拆解一下
首先，我們得承認一個事實：Ray Dalio的預測紀錄，攤開來看確實挺慘烈的XD
從1980年代那次讓他差點破產的超級大誤判，到後來這十年不斷喊著債務危機要來了、經濟可能回到像是1937年，結果美股不但沒崩，還一路創新高衝到外太空去
如果你是那種跟著他的預測去做多做空的人，那你現在可能已經在公園睡紙箱了
但問題來了，我們用「神準預測」這個標準去衡量他，本身是不是就搞錯重點了？
首先，沒有人是水晶球大師
Ray Dalio真正有價值的東西，我認為是他那一套分析世界的黑盒子，也就是他的思考框架
你可以把他的經濟機器模型想像成一台超級複雜的運算機器
這台機器的邏輯本身（像是債務週期、生產力成長、長期債務循環等等）我覺得是非常有參考價值的
但是，這台機器會跑出什麼結果，取決於你餵了什麼變數進去
Ray Dalio站在他的立場，可能因為他在管理鉅額資產必須避險（或是為了行銷目的？），所以他丟進去的變數偏向悲觀，跑出來的結果自然就是末日論
可是，我們不能因為他算出來的答案是錯的，就否定那台機器的設計邏輯啊！
比如說，同樣看到美國債務飆升，他可能覺得會崩潰，你可能覺得美元霸權還能撐，這是立場不同
但他提供了一個讓我們去理解債務與經濟如何連動的地圖，這張地圖本身是好的
就像拿著一張尋寶圖，他可能路痴走錯路沒找到寶藏，但不代表這張地圖是假的，或許我們拿著同一張圖，能走出不一樣的路，找到屬於我們的寶藏
所以，我看待他的東西，比較像是「學他的邏輯，而不是抄他的答案」
再來聊聊他的基金績效和那本被捧上天（也被罵翻天）的《原則》
老實說，橋水基金這幾年的表現確實沒有以前那麼神，甚至有點平庸
這也讓人開始懷疑，他是不是把太多精力花在造神和行銷上了？
這裡必須科普一下他的招牌策略全天候基金（All Weather）背後的邏輯：風險平價Risk Parity
這套理論簡單說就是，股票波動大、債券波動小，所以我們要給債券加槓桿，讓股債的風險貢獻度一樣，這樣不管經濟好壞都能穩穩賺
這數據回測可能很漂亮，但在過去這段股債雙殺+通膨飆升的時期，這套模型其實吃了不少苦頭
這類大型基金為了維持規模和獲利，有時候會在不同策略之間做一些資源的調配，或者是為了讓基金好賣，把一些績效好的部分拿來做宣傳
這其實是金融圈公開的秘密啦，基金經理人終究是商人，他們最大的獲利來源是管理費（AUM的%數），而不單單是績效費
所以，把自己的形象經營好、書賣好、理論講得頭頭是道，讓全世界的資金都湧進來，這完全符合商業行銷邏輯
這就講到他寫書的動機了
很多人覺得原則、大債危機是神書，也有人網友認為整本書都是廢話，買來只能墊泡麵
各位有想過你買書的目的是什麼？是為了看他預測？還是真的想學他看事情的方法論？
對於Ray Dalio這種還在募資、還在收管理費的基金經理人來說，寫書其實就是一種最高級的行銷文案
他當然不會大剌剌的跟你說「快來買我基金」，他會在書裡跟你講歷史長河、講帝國興衰、講債務循環週期，如果你認同他的理念、認同他分享的框架，你自然會加入他的陣營
但講白話的就是：你自己搞，八成搞不定，不如直接把錢交給我管理！我們有團隊有技術！
他可能丟出99個政治正確但打不到痛點的內容，卻把那關鍵的1%（真正能賺錢的核心參數和資訊來源，也是他吃飯的東西）藏起來不講
你讀完覺得醍醐灌頂，覺得自己渺小，最後乖乖掏錢
這件事情以他的行銷目的來說，我覺得沒毛病，但我覺得真正會讓網友恨的癢癢的，可能是他在對中國態度上，讓大家有對他挑毛病的機會
意思就是說，也許他前面一連串的唱衰美國經濟+預測錯誤讓人很賭爛，但罪不至死，不過親中實在讓人必須判他死刑
比如他說中國會崛起、超車美國，結果現實是房地產爆雷、外資撤離
這中間有多少成分是因為橋水在中國有龐大的業務利益？有多少成分是為了討好中國監管層和金主爸爸？我想大家心裡都有一把尺（這就是典型的「見人說人話，見鬼說鬼話」）
為了商業利益，犧牲掉一部分客觀性，製造訊息不對稱，這在商場上很常見，但也確實讓人覺得他「沒有原則」（愧對自己的著作）
不過，我想說的是，即使他在中國議題上翻車翻得厲害，也不代表他說的所有話「全」都是垃圾
至少他在美國債務問題上的警告（美國債務規模過大、貧富差距擴大可能導致社會動盪）以及對於法幣貶值而支持黃金的這些觀點，這些大方向的判斷是沒有太大毛病的
所以，Ray Dalio真的那麼不堪嗎？我覺得倒也不至於
他就是一個非常聰明、非常會包裝自己、也非常懂得利用人性焦慮來做生意的頂級商人
他的預測你可以當反指標看，他的中國觀點你可以聽聽笑笑就好，但他對於經濟運作的機械化思考框架，以及對於歷史週期的宏觀視野，依然是值得我們學習的工具"
貼文51_第1串,"（聊聊馬斯克口中「Amazing Abundance」的後遺症）
我們不妨大膽假設一下，如果未來幾年內，像是特斯拉 Optimus 這種通用人形機器人真的普及了，或者 AI Agent 能夠接手絕大多數的白領工作，那我們的世界會變成什麼樣子？
從生產力解放的角度來看，極度通縮是絕對會遇到的
如果這世界上多了幾億個機器人，他們不需要睡覺、不需要休假、不會組工會，還能一天工作 24 小時三班倒，那生產效率會是人類的幾倍？？
有人去推算，只要投入 1 億個機器人，哪怕效率只有人類的一半（其實大概也會是倍數於人類），都能幫美國 GDP 憑空增加好幾兆美元
那商品和服務的成本不就會斷崖式下跌？？
比方說蓋房子、寫程式、做客服，所有東西都能有機器人完成，而且會變得便宜到不可思議，這就是馬斯克口中的Amazing Abundance
但這裡有一個巨大的弔詭
為了維持現有的債務體系運作，以及應對人類就業結構的崩壞，政府將被迫進行史無前例的大規模印鈔
（續
/"
貼文51_第2串,"因為我們的金融世界是建立在債務之上的，債務最怕的是什麼？就是通縮，如果物價一直跌，錢變得越來越值錢，那就沒人願意消費和投資，債務的實質負擔會重到讓國家破產
更別提隨之而來的失業潮，這時候一定會有人跳出來說：「哎呀，失業了就轉型啊，去學新技能啊！」
說得倒簡單，現實是⋯你讓一個開了三十年卡車的司機去轉行做 AI 提示工程師？
或者讓一個被 AI 取代的行政人員去修機器人？
這中間的技術落差和學習不用時間跟成本？？轉型根本沒那麼容易～
所以，如果上面的假設都成立，那麼當大批人口失去收入來源，政府可能為了不讓社會動亂，唯一的解方就是發錢，也就是所謂的全民基本收入UBI
那錢從哪裡來？當然是印鈔機開下去
於是我們會看到一個非常魔幻的場景：一方面，因為機器人與 AI 的生產力爆發，買麵包、買手機、甚至買車子都變得超便宜（物價通縮）
但另一方面，為了養活這些無法轉型的人口並維持債務利息支付，法定貨幣的供應量會像洪水一樣氾濫（貨幣通膨）
這時候回到最核心的問題：你手上的貨幣還值錢嗎？
(續
/
View 1 more"
貼文51_第3串,"底下留言區有介紹一些歸納整理好文的方法
轉發留給各位讀者自行尋寶
n2lrd
02/15/26
其實我覺得threads上面有很多不錯的文章
但他的儲存功能偏爛
大家都是如何整理
有用的資訊都？"
貼文52_第1串,"（抱緊英偉達，比抱緊特斯拉還煎熬？——論那些華爾街估值模型算不到的「運氣」與「靈魂」）
最近跟幾位做投資的朋友在聊，為什麼那些整天盯著華爾街估值模型看的人，往往很難把一間好公司從頭抱到尾？
中間稍微震盪一下，或者本益比稍微高一點，就被甩下車了
反而有些投資人，比較少看那些冷冰冰的數字，而是去相信更不一樣維度的東西（像是公司治理、企業文化，還有老闆的人格特質）
有的時候，單靠這些虛無縹緲的感覺，搭配一點點估值概念，反而能抱得更久
先說清楚，我不是說這家公司的文化或老闆的魅力，判斷的維度就一定比財務估值高，並不是這個意思～我想表達的是，有些東西，只有在公司快掛掉的關鍵時刻，才能扮演起死回生的角色
但問題來了，這東西很玄
你要對這個老闆夠瞭解，如果你只是個散戶，隔著厚厚的資訊不對稱，那真的會非常痛苦
就算你有辦法拜訪到公司高層，他們也未必能給你未來的答案，甚至搞不好連他們自己都不知道明天在哪裡
這時候，考驗的真的就是純粹的信心（或者說是信仰）了
這跟你的投資哲學沒什麼關係，講白了，運氣佔了很大一部分
我舉個例子，各位大概就會明白
我們來看看現在的AI教父黃仁勳和他的Nvidia
你現在看他是神，但你回到三十年去看英偉達，你的答案還會一樣嗎？？
（一）那些年，英偉達差點「全劇終」的至暗時刻
如果按照華爾街的CheckList，英偉達在歷史上好幾次早就該被拋售了
這家公司能活下來，真的不只是靠管理，還有好幾次神來一筆的運氣
以下幫大家整理幾個英偉達的至暗時刻，你就知道為什麼我說持有它比持有蘋果、特斯拉還煎熬：
1.創業初期的三十天倒數
早期英偉達做的第一款產品NV1，雖然很有野心，但跟市場主流標準（微軟後來的DirectX）完全不相容，導致最後幾乎賣不出去
那時候資金燒到快沒了，黃仁勳不得不裁掉大部分員工，只剩下核心的35個工程師
他當時跟員工說：「我們公司離破產只有30天…」
如果那時候你用估值看，這家公司就是個快倒閉的垃圾股
結果他們孤注一擲搞了個模擬器，賭在NV3（Riva128）上，剛好趕上市場空窗期，運氣爆棚地活了下來
2.跟微軟吵架，差點被搞死
2000年左右，英偉達雖然幫微軟做Xbox的晶片，但因為價格和合約問題跟微軟鬧翻
微軟老大不爽，下一代主機直接找了對手ATI合作
加上後來的網路泡沫破裂，英偉達股價直接暴跌
那時候如果你看財報，肯定覺得這公司失去大客戶，沒救了
3.凸點門事件，股價又崩90%
2006年到2008年間，因為晶片封裝材料的問題（因為用了不好的焊料），導致顯卡在筆電裡過熱燒壞
這就是著名的凸點門
戴爾甚至取消了英偉達的首選供應商資格
股價在六年內第二次跌掉90%
試問，哪個人的心臟受得了連續兩次資產縮水九成還不賣？
4.被激進投資人逼宮
大概在2013年左右，有個激進投資機構叫StarboardValue，他們的操盤手Jeff Smith專門搞那些業績不好的公司
他寫信質疑黃仁勳，覺得他把錢都拿去搞CUDA（以當時的時空背景來說，那看起來就是個燒錢又沒人用的無底洞），要求他停止亂花錢，甚至暗示要換掉CEO，借問一下，如果你當時是股東，看到專業機構都出來罵老闆亂搞，把利潤都燒在看不到未來的科學計算上，你會不會想賣？？
但諷刺的是，正是這個被罵翻的CUDA，後來成了AI革命的基石，所以是運氣？？信仰加持？？還是真的眼光好？？
5.AI的成功，其實是場美麗的誤會？
這點最關鍵，黃仁勳一開始根本不是為了AI才做GPU的
他最早是為了遊戲玩家，後來是為了科學家做運算，甚至連英偉達自己也沒料到，那個遠在多倫多的AlexKrizhevsky會用兩張遊戲顯卡訓練出AlexNet，引爆了深度學習
這不是運氣嗎？？我認為是，但這是基於願景的運氣，如果沒有這個意外，英偉達可能現在還在跟AMD搶遊戲顯卡的市佔率，而不是在那邊當什麼3兆美元市值的巨頭
（二）信仰+運氣＞公司文化＞合理估值
為什麼說這不是公司文化能解決的？
說真的，你說黃仁勳比馬斯克聰明嗎？我看未必
你說英偉達的企業文化比蘋果、微軟好嗎？也不見得
（甚至有員工吐槽當時公司代碼庫像癌症一樣混亂，管理尚待加強，全是技術債，各位可以看《黃仁勳傳》裡面的一些採訪細節）
所以，當這家公司面臨倒閉、產品失敗、大客戶跑路、投資人逼宮的時候，任何理性的估值模型都會叫你快逃
要在這三十年裡從頭抱到尾，可能的解釋大概只有三種：
1.你買了一間快倒閉的公司，結果它運氣好到爆，剛好踩中人類歷史上最大的AI浪潮
2.你買了股票之後，就把帳號密碼給忘了，隔了幾十年才想起來
3.你就是對老黃有無比的愛，你願意跟他混一輩子
除非你是創辦人，或者是元老級成員，不然一般人（尤其是用理性眼睛盯著他的一般人）真的很難賺到這筆錢"
貼文53_第1串,"（聊聊追風口）
坦白說，我自己對於市場上那些所謂的受惠題材或者是熱門概念股，一直都保持著一種比較謹慎，甚至可以說是刻意保持距離的態度
很多人可能會覺得奇怪，為什麼明明有風口、有題材，我卻不去抓？
其實這背後有一個很現實也很尷尬的問題，那就是這種受惠題材就算我真的運氣好，吃到了風口，後面我也不知道該拿它怎麼處理
這種感覺真的很尷尬，你想想看，當風來的時候，豬都能飛上天，可是我們往往只看到了飛起來的豬，卻忘了風遲早會停
我如果只是因為一個題材衝進去，股價漲了一波，我心裡其實是不踏實的，因為我不知道這陣風什麼時候會停
如果是做趨勢投資，悲劇往往發生在賣晚了，下跌之後又捨不得斬倉，因為這種靠題材炒作起來的東西，一旦趨勢破了就很難修復
與其每天提心吊膽的猜測風向，我更寧願去尋找那些不管風怎麼吹，根基都很穩固的大樹
我回過頭來檢視我個人的財務狀況，從學生時代身價五位數，一路走到現在，其實每一次資產的跳升，基本上都不是靠吃到某一波短線的風口或是頻繁的抓熱點賺來的
我的財富積累路徑並不是線性的，沒有那種說七位數到八位數是吃到這一波行情，八位數到九位數又是靠另外一波行情
我的經驗是有兩波躍級的呈現，比方說從七位數跳到九位數，大概就是單純的壓對了一件事情，然後做到底，或者就是看準了一支股票，然後從頭抱到尾
我相信很多人從六位數賺到九位數的過程也是這樣，可能就是看對了一波大趨勢，比方說像台積電這種有核心競爭力的公司，從頭抱到尾
與其在百家爭鳴的競爭中去猜誰是贏家，不如等到勝負已分，去買那個已經把競爭對手打趴下的龍頭
這種勝而後求戰的策略，遠比在混戰中去賭誰能跑出來要安全得多
為什麼我不喜歡去抓那些新興的受惠題材？
因為很多時候這些所謂的高成長，其實隱含著巨大的陷阱
很多新興行業雖然需求成長很快，但門檻太低，誰都能進來做，結果就是大家殺價競爭，最後誰也賺不到錢
所謂的一將功成萬骨枯，大家往往只看到那個成功的一將，卻忽略了背後無數倒下的枯骨
而且很多受惠題材是靠抱大腿，比如是蘋果供應鏈還是誰的供應鏈，這種寄生式的增長其實很脆弱，因為命脈掌握在別人手裡，隨時可能被替換掉，這種成長是我非常警惕的
如果說你是做投機做起來的，從六位數做到九位數，那你肯定也是把投機這件事情做得非常深入、非常扎實
老實說，投機也是一種功夫，確實是如此
但對我來說，我更傾向於那種有長坡厚雪的投資方式
這把年紀與其去研究那些多如繁星、看不清未來的受惠題材，
我更傾向去守著那些在行業格局中已經如同月亮般清晰的寡頭公司
因為我知道，那種雖然看似熱鬧但沒有門檻的高增長是不可持續的，而我想要的，是那種能夠讓我安心睡覺、不用擔心風停了會摔死的扎實回報"
貼文54_第1串,"（他看著 400 塊的特斯拉勸我下車，但我偏不）
今天早上，我和一位之前在PTT認識的投資老朋友喝咖啡，然後我們針對現在特斯拉的股價有一個小小的debate
他看著現在的股價，「語重心長」的對我進行了一番理性的勸導XD
他問我：你憑什麼還拿得住？
現在的估值已經透支了未來十年的完美預期，所有的利好都已經 price in 了，甚至連馬斯克畫的大餅都被計價了，他覺得我在賭博
我完全認同他前半部分的觀點，但他後面說我在賭博，讓我有些微言～
我們雖然看著同一個股票代碼，看到的卻是兩個完全不同的平行宇宙
對他來說，特斯拉是一張昂貴的財務報表
對我來說，這是一張通往未來的彩票，而我之所以緊握不放，是因為我想看到估值模型以外的東西
這位朋友他是非常精明的投資人，他擁有嚴謹的紀律，會在股價看起來過高的時候理智的離場，試圖在回調時再買回來，身價九位數不說，目前年化報酬率也很猛，能做到這樣的業餘投資人已經很不簡單了
不過他很早就在 200 多美元的時候賣掉了特斯拉因為他當時認為估值過高，結果只能眼睜睜看著股價翻倍到 400 多美元
然後我猜他現在應該很懊悔XD，到處跟別人「勸賣」
但有什麼懊悔呢？那是你投資計劃裡面的一部分，賺好自己看得懂的錢就好，然後我也不會受到勸賣影響，因為我自己是不會動搖滴～XD
Ps.這位朋友總是告訴我他在等一個合理的價格，等一個安全邊緣
但我告訴他，在這個顛覆式創新的時代，「希望」並不是一種策略
你試圖等待那個完美的低點，就像是你試圖在今天去買一箱幾個月前就停產的限定口味可樂，那個機會可能永遠不會再出現了
對於真正的顛覆者來說，傳統的估值模型往往失效，因為線性思維無法計算指數級的增長
如果你因為它貴而下車，你規避了短期回調的風險，但你承擔了最大的風險（那就是徹底錯過人類歷史上最大的技術轉型）
我們的爭論焦點很快來到了 Robotaxi
我的朋友對此嗤之以鼻，他覺得 Waymo、Google、甚至亞馬遜的 Zoox 都比特斯拉更有優勢
他的理由：Waymo 已經在運營真正的無人駕駛，沒有安全員，每週完成幾十萬次的付費行程（而特斯拉呢？絕大多數時候車上還坐著一個像保姆一樣的安全監控員）
他認為特斯拉在技術上落後了，所謂的 Robotaxi 只是馬斯克的營銷話術
這正是我們觀點分歧的核心，他看的是現在的形態，我看的是終局的商業模式
我試圖向他解釋，這不是誰先跑起來的問題，重點是誰能跑得遠、而且還能賺錢的問題
(特斯拉的成本結構非常具備優勢，這個你可以去看一下他們的財報)
各位有去了解 Waymo 造一輛車要多少錢嗎？Waymo、百度、Pony.ai 這些公司，他們不造車，他們必須以零售價購買車輛，然後花費巨資進行改裝，加上昂貴的雷達和傳感器，一輛車的成本可能是天文數字
這意味著他們的擴張速度受限，回本週期極長
但特斯拉呢？特斯拉自己製造車輛
在德州奧斯汀工廠，特斯拉製造一輛用於 Robotaxi 業務的 Model Y，成本可能只有 2.8 萬美元左右，這就是護城河
這就是為什麼即便大家未來都收一樣的車費，特斯拉能賺取暴利，而競爭對手可能會虧損
這種製造業的原子級優勢轉化為軟體服務的利潤，只看 P/E 是算不出來的
至於那個安全員的問題，我的朋友認為只要車裡有人，就不是 Level 4 自動駕駛
難道腳踏車裝了兩顆輔助輪就不是腳踏車？它依然能騎呀，只是為了初學者安全起見加了一層保護
一樣的邏輯，特斯拉目前的車隊雖然有安全員，但這並不改變其自動駕駛系統ADS本身具備 Level 4 能力的事實，更何況，特斯拉已經在奧斯汀開始測試車內無人的 Robotaxi 行駛了
那個安全員只是一個暫時的監管過渡，一旦拿掉（這可能比大家想像的要快）這個成本結構的優勢就會瞬間爆發
我的朋友看到的是安全員的人力成本，我看到的是一旦軟體準備就緒，數百萬輛車瞬間變成印鈔機的潛力
但我持有特斯拉，當然不只是因為這些數學上的考量
我承認，我把這筆投資看作是一張彩票，一張勝率極高且賠率無限的彩票，所以我朋友說我在賭博，我除了小小微言之外，沒有太大的反駁，
但我要解釋的是，這張彩票的背後，是對馬斯克及其公司文化的押注
我的朋友認為馬斯克的情緒化和不可預測性是折價因子，但我認為這是溢價來源
在這個世界上，循規蹈矩的 CEO很多，他們會為了下一季度的財報好看而削減研發預算，他們會為了股價穩定而不敢冒險，這對股東絕對是好事，但以顛覆式創新來說，未必是那麼好的事
馬斯克不同，他是一個會為了物理學極限而睡在工廠地板上的人，他是一個敢於推翻自己、把雷達從車上拆下來只用純視覺方案的瘋子，沒錯，我就是喜歡瘋子！
當我們談論估值時，我們其實是在談論對未來的信仰
如果你只相信眼見為實，那麼現在的特斯拉確實貴得離譜
但如果你相信第一性原理，相信一家公司如果能同時解決能源的可持續性和交通的自動化，它的價值將無法用今天的貨幣來衡量，那麼現在的波動就只是噪音
我告訴我的朋友，你可以繼續等待你的合理估值，繼續在場邊觀望，計算著 Waymo 的訂單量
我會繼續握著這張彩票，忍受它的劇烈波動，忍受外界的質疑，然後跟老馬死磕到底XD
因為真正的顛覆式創新在成功之前，看起來總是像一個笑話或一個泡沫，但這個正在做顛覆式創新的大象，偏偏人家現金又很多，所以囉…
我買的不是一家汽車公司的股票，我買的是對這個世界將會變得更高效、更智能的認同票
在這場與未來的賭局中，我寧願因為樂觀而犯錯，也不願因為精明而錯過"
貼文55_第1串,"02/16/26
（從負油價到 AI 缺電：回顧那些年我們看不懂的石油瘋狂）
這幾天有朋友在問原油市場的事，這讓我想起大概十五年前，幾個做研究員的朋友推薦我看一本書，叫《Oil101》，作者Morgan Downey有30年研究油的經驗，我算他這本書的忠實粉絲之一
這本書裡面整理的內容算是講得非常透徹，算是當時研究大宗商品的必讀的聖經吧（不過應該絕版找不到了，可能要去海外二手市場問有沒有大神願意割愛～）
既然大家最近都在問油價到底要看近遠月價差，還是看庫存變化？
是看供給還是看需求？畢竟原油需求很難捉摸，供給雖然稍微好抓一點，但也沒那麼簡單
所以我想趁這個機會，利用書中所學框架並且結合我個人的一些小小經驗，整理成一篇長文跟大家分享一下
（類似的文章，我過去寫過幾回，各位如果有機會也可以利用關鍵字功能去翻舊文）
1）原油市場的底層邏輯：不只是供需那麼簡單
首先，我們得建立一個觀念：原油通常會比聯準會還領先一些～
說到這，有些人可能不同意，認為聯準會的利率決策才是王道
但如果你把一個交易員關在房間裡十年，只給他看油價的走勢圖，不告訴他聯準會的消息，他能比任何經濟學家都更準確的告訴你這十年全球經濟發生了什麼事，甚至做出交易決策
為什麼？因為所有的經濟衰退，在發生之前，幾乎都伴隨著油價的飆升
過去三五十年的數據都驗證了這一點
比方當油價因為供給緊張或者地緣政治衝高到某個極限時（比如衝到120美元甚至更高），它會直接抑制消費，進而引發衰退
反之，只要油價維持在一個相對合理的區間（比如70到80美元），這通常意味著經濟供需平衡，不會有什麼大衰退發生～掌握上面幾個簡單的原則，基本不會差太多
那麼，大家可能會覺得，通膨是不是要看核心通膨、非核心通膨？
其實最簡單粗暴的看法是：所有的通膨本質上都是能源通膨～
能源價格驅動了所有商品的生產和運輸成本
你以為食品價格上漲只是因為天氣不好？其實化肥、農機運作、物流運輸，哪一樣離得開石油和天然氣？所以，盯緊油價，你就抓住了通膨的命門，很多東西他會像骨牌效應一樣自己傳遞出去
2）供給側的殘酷真相：制裁無效與技術革命
講到供給，大家最常聽到的就是OPEC減產、俄羅斯制裁這些新聞
但這裡面有幾個非常反直覺的觀點，大家一定要聽進去
第一，石油制裁通常是無效的，甚至對被制裁國有利
這要用物理的觀點來解釋
石油市場就像一個巨大的連通水池，你不可能只降低某一邊的水位
如果西方國家制裁俄羅斯，不買它的油，這油就不見了嗎？不會
這油會流向印度、流向中國
就算俄羅斯因為制裁不得不減產20%，但只要油價因為供給緊張上漲了30%甚至50%，俄羅斯的總收入不僅沒少，反而還變多了
這就是為什麼制裁在數學上往往是失敗的
而且，石油沒有DNA，你很難追蹤它的確切來源
一艘船在海上關掉追蹤器，或者在公海上進行船對船轉運，混入一滴其他國家的油，這船油的國籍就變了，煉油廠根本不在乎（也不可能知道）這些分子確切來自哪裡～
第二，美國頁岩油革命改變了遊戲規則，但關鍵在於產權
為什麼頁岩油革命發生在美國，而不是技術同樣先進的歐洲或資源豐富的俄羅斯？
關鍵在於美國獨特的礦權制度
在美國，你買了這塊地，你通常就擁有了這塊地從地表到地心的所有權～
這意味著如果地底下有油，那是你私人的財富
這極大的激勵了無數中小地主和獨立石油公司去冒險、去鑽探
而在世界其他地方，地下礦產歸政府所有，這就扼殺了這種分散式創新的動力
至於，頁岩油技術的出現，把油價的長期底部抬高了
以前你的傳統鑽井成本低，油價跌到20美元可能還能活
但現在頁岩油的成本結構決定了，大概在40到50美元是一個生死線
低於這個價格，美國的產能就會被淘汰，供給減少，油價自然就會回去
這就是市場的自我調節機制
3）煉油與庫存
再來聊聊下游
很多人以為開加油站、做煉油廠很賺錢，其實這是一個苦差事
全球煉油產能長期過剩，因為每個國家出於戰略安全考慮，都想自己煉油，不想依賴別人
結果就是大家拼命建廠，導致利潤微薄
（這個行業的特點是：長達20年的苦日子，偶爾來個2-3年的暴利期）
至於庫存，這是我這幾天看到大家討論最多的
我們要分清楚戰略庫存SPR和商業庫存
大家還記得2023年為什麼美國經濟能軟著陸，沒有像大家預期那樣衰退嗎？
這不是聯準會的功勞，這其實是因為當時拜登政府充當了能源央行的角色
他們從戰略石油儲備SPR中大量釋放原油，每天釋放一百萬桶，持續了六個月
這就像是向市場注入了巨大的流動性（只不過是石油而非美元），硬生生把油價壓了下來，避免了高油價引發的衰退
這是一個非常規的操作，但也說明了庫存在平抑價格波動中的巨大作用
還有一點很有趣，大家記得2020年那個負油價的時刻嗎？
很多人覺得單純只是原油ETF的持倉問題，其實只對了一半，負油價其實完全是合乎邏輯的
因為石油儲存是非常昂貴的（每桶每月可能要0.5到數美元）
當需求瞬間消失（大家都關在家裡），而油井又不能馬上關掉（關掉再開成本極高），儲存槽滿了怎麼辦？生產商只能付錢請人把油拿走
這在物理和經濟邏輯上是完全合理的，雖然在金融市場上看起來很瘋狂
4）價格訊號：看現貨價格？還是看期貨變化價格？如果是後者，近遠月價差怎麼看？
直接給結論：價差比絕對價格更準確的反映供需緊張程度
逆價差：也就是近月價格高於遠月價格（現貨比期貨貴）
這通常意味著市場現在非常缺油，大家急著要現貨，這是一個看多的信號
這種情況下，持有現貨是有利可圖的，但也意味著庫存正在被快速消耗
正價差：也就是遠月價格高於近月價格
這意味著市場現在不缺油，甚至油多到沒地方放
這時候，儲存石油是有利可圖的（因為你現在買便宜的油存起來，以後可以賣貴的期貨），但這通常是一個看空或市場供應過剩的信號
所以，如果你看到油價在上漲，同時期貨曲線呈現陡峭的逆價差，那說明這個上漲可能是有基本面支撐的（真的缺貨）
如果油價上漲，但曲線是平的甚至是正價差，那可能只是金融炒作或者是預期心理，基礎可能並不牢固
5）2026年及未來的市場展望與風險
展望未來，特別是到2026年這段時間，我們可以從幾個維度來思考：
1.長期均衡價格區間：
市場目前的結構似乎在告訴我們，65到80美元可能是一個長期的均衡區間
這個價格既能讓美國的頁岩油商有利可圖（維持供給），又不會高到讓消費者受不了（引發衰退）
只要油價維持在這個區間，全球經濟大概率會保持溫和增長
如果油價長期低於60美元，未來的供給可能就會出問題（因為沒人投資鑽井了），這反而會導致幾年後的油價暴漲
但現在因為面對AI能源需求，再加上美國頁岩油好挖的地方都挖的差不多了，未來大概會有一個很強烈的供需缺口～
2.電動車的影響被高估了：
雖然大家都在談能源轉型，但電動車目前對石油需求的影響我個人判斷是不會有太大的差別
全球目前還有十幾億輛燃油車，一台車平均使用壽命可以長達10-20年
即便新車銷售中電動車佔比提高，存量市場的燃油需求你說他會驟減嗎？？大概也非常困難
真正能結構性摧毀石油需求的，可能不是特斯拉
除非科技讓人們不需要通勤、不需要商務旅行就能完成工作，那才會對石油需求的釜底抽薪
但更遠的未來不好說，這是一個長期的變數，不過在2026年之前，石油需求大概率還是會隨著人口和經濟增長而緩慢上升～
3.地緣政治的假象：
我們常覺得中東很亂，但從長週期來看，我認為中東其實正處於一個相對穩定的時期，為何這麼說？
沙烏地阿拉伯等國正在拼命搞經濟轉型（比如NEOM新城），他們大概也需要穩定的油價來籌集資金
這意味著OPEC可能會更積極的管理油價，不讓它跌得太慘，也不希望它漲得太瘋狂（以免加速能源替代）
4.留意油服公司：
如果油價維持在70-80美元以上，石油公司就會有動力增加資本開支去鑽井，這時候像Schlumberger、Halliburton這樣的油服公司就會受益
這是一個從油價上漲中獲取的二階收益
5.風險點：
最大的風險在於中國經濟的恢復速度以及全球央行的貨幣政策是否會導致硬著陸
如果全球經濟真的進入深度衰退，油價跌破50美元也不是不可能，但現在因為有AI硬體投資需求，所以上面這一個邏輯線可能會反過來
以上做一些簡單的整理，大概是我這十幾年來看待原油市場的核心框架，基本上不會有太大的變化跟差異，唯獨需要關注就是產業面的追蹤，其他分析方法都大同小異，希望這些整理對大家有幫助～"
貼文56_第1串,"講到2008年那場選舉，我要先自首，當年年輕不懂事，我也是那種覺得要給民進黨一個教訓的人，所以那張票，我確實是投給了馬英九（掩面
現在回頭看當然是馬後炮啦，但在當下的時空背景，阿扁執政末期那些風風雨雨，貪污案也好、社會氛圍也好，真的會讓人想換人做做看
那時候年輕嘛，看到馬英九那種溫良恭儉讓的樣子，心想：「這應該就是我們要的穩定跟清廉吧？」
想說讓一個受過完整教育、看起來正正派派的人上來，台灣應該會走向一個更正常的法治社會
結果這接下來的劇本大概都知道了
我眼睜睜看著這個百年大黨，從我以為的穩定力量，變成各種光怪陸離的神操作製造機
當年的期待，現在看起來真的有點像是在繳智商稅
尤其是後來那些越來越不加修飾的親中言論，還有那種為了反對而反對、甚至不惜把國家安全當籌碼的邏輯，真的是讓我看到懷疑人生
以前我們會覺得，政黨輪替是民主常態，做得爛就換下來
但這幾年看下來，有些事情是不能試誤的，比如國防，比如主權（當我看到當年我寄予厚望的政黨，現在有些人講話的邏輯跟對岸國台辦越來越像，甚至有些言論比紅的還紅，越走越「走鐘」（台語：走樣），我心裡除了哈哈哈的乾笑之外，更多的是一種幸好我醒了的慶幸
(續
/
pikumomo
02/14/26
2008年的總統大選是我心中永遠的痛
謝長廷加上蘇貞昌真的是一個超強的組合
但當時因為遇到阿扁事件民進黨真的是最低潮的時期～
而且永遠不會忘記我那時的男友家裡是深藍
明知道我是深綠還邀請我去他們家慶祝
我直接：慶祝你阿嬤
想當然過沒多久也就分手了
（結論就是交往跟結婚一定要遇到政治理念各種價值觀相符合這點真的非常重要要擺在第一位）‼️
/"
貼文56_第2串,"所以回到樓主講的，為什麼我現在對擋軍購這件事這麼反感？
因為我曾經誤以為「顏色」可以輪替，但後來發現「核心價值」不能交換。
我有過那段「投錯票」的歷史，所以我現在更清楚，一個政黨如果連自己國家的防衛力量都不支持，那不管它包裝得再怎麼漂亮，我都吞不下去。
這算是一個過來人、前「馬迷」（雖然現在講出來很丟臉）的深刻反省吧。
說出來不怕大家笑，但人是會成長的，當年的天真就留在當年，現在我們看的是誰真的能守護這個家。
這是我對自己過去的一點小揭醜，真心希望台灣越來越好
/"
貼文57_第1串,"有鑑於這幾個月Exxon Mobil股價衝到快$150實在跑太快
所以我最近特地問了一圈身邊的朋友：「你們覺得這波在漲什麼？」
結果得到的答案幾乎千篇一律，全是關於川普的制裁、覺得俄羅斯的石油會因為政治壓力消失，或者是擔心伊朗捲入戰爭導致供應中斷⋯
聽到這個，我判斷未來會有很大的機會回調⋯為什麼我這麼說？
市場現在的情緒是認為政治制裁能真的掐斷供應
但歷史告訴我們，石油總會找到出路流向市場
如果大家是因為這些短期的新聞炒作去追高，那當政治煙霧散去，價格回調是必然的
這波上漲最大的情緒在於，大家在賭一個因為制裁導致的短缺
但問題是⋯全球石油產業每天在維持性資本上的投資短缺高達 10 億到 20 億美元
這已經是實打實的資本破壞，美國頁岩油那些容易開採的一級井位已經被鑽掉了 85%，剩下的都是很難挖的區塊（這部分的短缺就跟川普制裁沒有太大關係了，這已經是地質結構的問題了）
(續
/"
貼文57_第2串,"Ps.現在快接近150 美元的Exxon Mobil實在有點衝太快，大概就只能耐心等它回調了～
如果未來幾個月，因為那些政治預期落空（例如俄油沒有消失、戰爭沒有擴大）
導致油價和股價回調，那我會很開心進場掃一點貨
除了Exxon Mobil，也可以把目光鎖定在那些能解決長期產能不足的公司
特別是那些擁有長壽命資產、能配發高股息（抵消等待成本）的企業
方向點到這裡，剩下各位就自己研究唄
/"
貼文58_第1串,"（關於風格漂移的反思）
一個有趣的哲學思考：
某位長期持有微軟賺大錢的朋友，其實經歷了三次完全不同的投資邏輯
2012年，買它是因為便宜（10倍本益比），當作價值股買
2017年變成雲端成長股
現在2025～2026則變成 AI 霸主（35倍本益比）
各位可以反思一下
如果他當初是因為便宜而買進，現在變成超貴還繼續持有，這算不算風格漂移？
Ps.我想說的是，賺錢有沒有可能是因為運氣好碰上了轉型，而不一定是當初看對眼？？
（對比同樣是科技巨頭的 IBM 就沒轉型成功）～運氣成分其實有時候還是很重要的"
貼文59_第1串,"（管理層如何利用資訊不對稱來進行合法的搶劫）
有些上市公司在宣布私有化或是搞這種複雜的資產拆分的時候
各位股東千萬不要只看公司宣布的最後那個總價，一定要拿計算機按一按
最近在看一些類似的案例，就要提到去年美國有一間公司 Golden Entertainment (GDEN，這家公司主要是在做賭場跟老虎機運營的）
就在這家公司宣佈要私有化、要賣掉的前一天
公司官網上投資人關係頁面的所有舊簡報跟電話會議記錄，突然間全部「被消失」了
為什麼要刪？
因為那些舊簡報就是證據，他們以前為了股價，拼命跟投資人宣傳說：「哎呀，我們光是把房地產賣掉（售後回租），那個錢就已經超過現在的股價了，意思就是我們的運營業務（OpCo）根本是免費送給市場的！」
結果現在到了要私有化的時候，他們為了想低價買走公司，恨不得大家集體失憶，忘記他們曾經講過這段話，
為什麼我說的是合法搶劫？
魔鬼藏在細節裡，這筆交易被包裝成一個每股大約 30 美元的收購案，比起當時的股價是有溢價的，所以很多散戶一看覺得「喔，有賺頭耶」，可能就傻傻投贊成票了
但如果你把這 30 塊拆開來看，你會發現裡面充滿了坑，
這 30 塊其實是由兩部分組成的，第一部分是把賭場的房地產賣給一家叫 VICI 的大地主，這部分大約值 27.25 美元，VICI 會幫忙還債，並給股東 VICI 的股票，這部分價值$27.25沒問題，價格算公道
問題出在第二部分，也就是剩下的運營公司（包括賭場經營權、老虎機、還有那些源源不絕的現金流）
管理層竟然只想用 2.75 美元就把這部分買走，
這時候就要來算算數學了，這家運營公司扣掉以後要付給地主的租金，一年還能穩穩賺進大約 7000 萬美元的 EBITDA（稅息折舊及攤銷前利潤）
如果用同行最保守、最爛的估值倍數 5.5 倍來算就好，這家運營公司至少也值個 3.76 億美元，換算成股價應該是每股 14 美元，
結果現在管理層說：「我們要用 2.75 美元把它買下來喔」
如果5.5倍公允又合理，那現在$2.75就不是單純打折了，幾乎可以說是打到粉碎性骨折XD
也就是管理層想用一折的價格在買公司最核心的賺錢引擎，換算下來，他們收購的價格大概只有 1 倍 EBITDA（在賭場這個行業，哪有什麼 1 倍這種行情的？通常都是 5 到 8 倍起跳的）
這中間的價差，也就是 14 塊減掉 2.75 塊，乘以總股數，大概就是 3 億美元的財富
就這樣從散戶的口袋合法轉移到了管理層的口袋裡
你覺得事情到這樣就結束了嗎？
錯，
假設管理層只要花大概 7500 萬美元（就是那個 2.75 乘以股數）就能買下這家很賺錢的公司，買下來之後，因為公司現金流很強，他們立刻去銀行借錢搞槓桿重組，隨便借個 2.5 倍 EBITDA，然後發個特別股利給自己，搞不好可以直接拿回 1.5 億美元現金，
這意味著什麼？
意味著管理層不僅一毛錢都不用出，還可以先從銀行搬走一大筆現金放口袋，然後這家公司以後賺的錢還全部都是他們的，穩穩的空手套白狼
治理套利的坑很多，管理層賭的就是你看不懂這複雜的拆分交易，
賭你看到總價 30 塊覺得還可以就懶得去吵，那股東該怎麼辦？
當然不能就這樣被當韭菜割啊！這種時候就要當個奧客，股東應該要求把這兩筆交易分開投票，大家都很樂意接受 VICI 用 27.25 買房子，但絕對要拒絕管理層用 2.75 買經營權，應該要求董事會進行公開競價，開放讓其他買家來出價，
如果有別人願意出 5 塊、7 塊甚至 10 塊買經營權，憑什麼要賣給出價只有 2.75 的管理層？
嗯…所以魔鬼真的都藏在這些細節裡，別被賣了還幫忙數錢啊！"
貼文60_第1串,"親中一直都不是選項，毫無疑慮
nausca.hsu
台日美
02/12/26
過年前最後簡單說一下.
1.美國看到台灣和日本一些小動作,也知道台日在打甚麼算盤.
2.身為盟友,美國的方式是『用錢說話』暴力投資台灣,把台灣半導體/AI/電子相關的人才和產業『美資化』
3.台日聯手起來科技力和製造實力和未來的軍力會很驚人.
4.美積電淪落到要靠美國退伍軍人肝良率,表示美國徹底失去製造業文化了.
5.最近幾個美商把IC設計外包給聯發科創意等等的案例顯示,美國連IC設計的產業也要慢慢讓渡給台灣,剩下軟體業.但軟體業是最容易被AI取代的. 矽谷更進一步的空心化.(也就是高層領得更多,華爾街更狂歡)
6.不論任何時刻都要有實體製造業.
7.台灣再靠這波吃個十年紅利,加上現有的37兆壽險業/金控的台幣遊資到全世界佈局,十年後大約估計會有兩兆美金的遊資在國外 『食利』,對照台灣兩千萬人這是個很驚人的數字.
8.不要在要求台灣要有下一個台積電了,能制霸全世界讓其俯首稱臣的企業本來就不多見. 未來就靠兩兆美金『食利』,半導體和其他隱形冠軍賺取『合理利潤』即可
9.未來十年後台灣要追求的是繼續相對低的生活成本,持續健保長照,穩定治安.
10.不用抱怨房價了,人人住蛋黃區舉世都不可能.
/"
貼文61_第1串,"這陣子看新聞，針對那個軍購案吵得沸沸揚揚，說真的啦，我覺得白營最近好像終於有一點醒了的感覺，開始有一點自覺，知道不能再這樣瞎挺下去了，這絕對是好事。
講白了，阻擋軍購這個議題，對民眾黨來說就是一攤絕對不能去淌的渾水。你不能因為討厭民進黨，就殺紅了眼，不管三七二十一什麼都擋，搞到最後連國家安全這種核心價值都賠進去。
你為了鬥爭把自己的核心價值整個丟掉，這根本是拿石頭砸自己的腳。
你想想看，支持民眾黨的那些小草裡面，難道沒有人支持國防自主嗎？難道大家都覺得台灣不需要武器嗎？我相信一定有很多人是理性的，他們投給你是希望看到理性問政，而不是看到你變成國民黨的附隨組織，在那邊為了反對而反對。如果連軍備這種大是大非的問題都搞不清楚，到時候整個黨的定位模糊不清，變成藍色形狀，最後就是兩邊不討好，連原本的支持者都會跑光。
其實我們用博弈論的觀點來看這件事就非常清楚了。民眾黨過去這一兩年，路線跟國民黨綁得太緊，這從戰略上來看根本就是一個超級大的誤判。
在博弈理論裡，身為一個關鍵少數的小黨，你的最佳策略永遠是保持彈性，在老大（民進黨）和老二（國民黨）之間維持動態平衡，甚至還要有點槓桿作用。
（續
/"
貼文61_第2串,"結果你倒好，一開始就選擇跟老二（國民黨）徹底綁死要去幹掉老大
在博弈理論裡，身為一個關鍵少數的小黨，你的最佳策略永遠是保持彈性，在老大（民進黨）和老二（國民黨）之間維持動態平衡，甚至還要有點槓桿作用。結果你倒好，一開始就選擇跟老二（國民黨）徹底綁死要去幹掉老大。各位要知道，如果你們真的聯手把老大幹掉了，你以為老二會分你一杯羹嗎？別傻了，接下來老二絕對是回過頭來把你這個小黨吃乾抹淨，因為你的票源跟他是高度重疊的啊！
所以說，民眾黨一開始這個藍白合或是全面親藍的套路，邏輯上就是錯的。你看看現在都2026年了，眼看新北市長選舉要到了，國民黨現在對民眾黨是什麼態度？根本就是在修理你了嘛！他們現在覺得自己氣勢回來了，就開始要邊緣化你，甚至把你當成累贅。這時候你如果還傻傻地跟著國民黨的指揮棒走，擋軍購、擋預算，那你就是典型的被人賣了還在幫人數鈔票
好在最近看到一個比較好的現象，就是民眾黨似乎開始在一些政策上願意跟民進黨配合，不再是鐵板一塊。
（續
/
View 2 more"
貼文61_第3串,"（那些年，我們一起追錯的庫藏股...）
講到股票回購這件事，一般股民看到公司拿錢買自家股票通常都會嗨翻天，覺得老闆真是佛心來著要幫大家抬轎，但在房地產信託REITs這個圈子裡，就不一樣了
這裡面的邏輯其實很像是在經營一家麵包店，想像一下如果你是麵包店老闆，店裡的麵包都是三天前的舊貨，這時候你是應該把錢拿去買麵粉做剛出爐的新麵包？還是把錢拿去把自己架上的舊麵包買回來吃掉？
房地產本身是有壽命的，房子會老、地段會過氣
如果你身為老闆只知道拼命回購股票來討好股東，最後的結果就是你雖然擁有了公司很大比例的股權，但這家公司手裡握的全是沒人要租的破銅爛鐵，這就變成本末倒置了
我舉一個例子好了，當時有一家叫 Griffin 的公司，遇到華爾街大咖 Mario Gabelli 一直在碎念，逼著公司說：「你們股價被低估了，快點給我回購股票！」
如果是一般的 CEO 可能就照做了，但 Griffin 的老闆很有種，他理都不理，反而把錢拿去搞舊換新，
他把那些在康州那些沒什麼成長性的舊資產賣掉，然後把錢拿去熱門地段 Lehigh Valley 蓋最先進的現代化倉庫
（續
/"
貼文61_第4串,"結果幾年後這家公司的資產品質整個升級，最後直接被新加坡主權基金跟黑石集團用兩倍的價錢買走，
如果當年那個老闆聽了華爾街大咖的話乖乖回購，那現在這家公司大概還抱著一堆沒人要的舊地皮，根本不可能創造出這種倍數的獲利
Ps.不過REITs 這些公司的膽子其實都很小，因為他們是靠借錢過日子的，最怕信用評級掉下來導致利息變貴，所以他們通常不敢亂花現金去回購股票，怕銀行不高興
但是！就是因為他們平常這麼膽小，所以當你看到某些保守的公司，竟然開始動手回購股票的時候，這就要小心了，有沒有可能代表股價已經便宜到連這些最保守的老闆都覺得「現在不買簡直是對不起列祖列宗」？？所以讓他們願意冒著一點點信用風險也要買，這時候的回購某種程度上又變成了一個超級低估信號，而不是單純為了護盤
所以…回購不能只看表面，要看它是為了讓資產回春？？還是老闆真的覺得便宜到不撿會遭天譴？？這必須用個案做認定，不能一概而論
/"
貼文62_第1串,"這幾天一直在跟幾位朋友聊到，目前某些能源類股還有礦業錯誤定價還蠻明顯的⋯
我大概簡單交代一下裡面的邏輯：
由於美國頁岩油的黃金時代已經過了（那些最好挖、產量最高的一級礦區幾乎都被鑽光了，剩下的都是比較難挖、成本比較高的石頭）
所以你會看到，雖然油價不低，但美國產量卻很難再像以前那樣無腦噴出
再加上現在資本支出不足，所以全球原本依賴美國頁岩油來壓低油價的時代可能結束了
那既然陸地上的頁岩油挖不動了，油從哪裡來？
其中一個解法就是往海裡找（慢慢有一些人開始看好海上鑽井這一塊）
這個產業過去幾年因為油價低迷，根本沒人造新船，導致現在海上的鑽油平台數量少得可憐
現在需求回來了，想要租船去挖油，租金肯定會飆到天上去
像是那些擁有深海鑽井船隊的服務商，或者是專注於傳統油田開發的老牌能源公司
可以留意這些公司現在的估值以及未來可期的現金流
這裡就不提示投資機會了，自己去悟吧～
套用一句
@schumi_.__.___1102
大大說的：以上個人觀點，如果你有不同意見，那一定是你對，請千萬務必相信你自己，不要以為我會跳下去跟你辯論XDD"
貼文63_第1串,"我知道現在很多人還在期待美國通膨會回到以前那個 2% 甚至更低的美好年代，但我覺得這機率真的很低，因為結構變了
以前物價低是因為勞動力便宜，但現在美國人口結構變了，最有生產力的嬰兒潮世代大批退休了，他們現在只消費（尤其是醫療）但不生產
而接棒的年輕人雖然要買房買車生小孩，但人數補不上那個勞動力缺口，再加上川普驅逐移民，短缺又會更明顯
所以這就導致了一個結果，缺工會變成常態，工資推升物價，所以通膨會變得很黏，大概會卡在 3% 到 4% 這種區間，很難再降回去
那麼既然通膨降不下去，那你覺得長天期的利率（比如 10 年期公債）有可能回到 1% 或 2% 嗎？
從數學上來算，如果FED長期目標利率加上投資人借錢給政府十年的risk premium ，合理的 10 年期公債利率應該要在 4.35% 左右
所以，如果你看到市場利率掉到 3.5% 甚至更低，除非你覺得明天經濟就要崩盤（硬著陸），不然那個價格難免有些偏離公允
那這種環境下就會看到殖利率曲線變陡
簡單說，FED為了不讓經濟死掉，可能會稍微降一點短期的利率（比如降息），讓大家喘口氣
但是長期的利率因為通膨預期壓在那邊，根本降不下來，甚至還會往上走
這時候如果你滿手都是長天期公債，可能會很痛苦
不過，這裡面也不是沒有機會，譬如昨天發文提到的房地產債券MBS，現在有個很奇葩的現象，就是因為之前利率太低，一堆人鎖住了 3% 的房貸死都不肯賣房，導致房市急凍
這對舊的房貸債券不好，因為存續期變長了
但是對於新發行的房貸債券來說，因為它有政府擔保，收益率又比公債高出一大截，反而變成一個很香的標的（這就像是在撿鑽石，雖然都是房貸債券，但新舊命運大不同）
至於要怎麼在這種高利率+高波動的鬼故事裡保護自己？這裡可以利用選擇權的不對稱性
既然前陣子短端利息這麼高（現金放在那邊就有 5%），你可以把大部分的錢（比如 85-90%）放在很安全的短期票據裡領高利息，然後拿出那一點點利息錢（比如 2-3%），去買一個如果利率崩盤就會大賺的長天期選擇權（像是深價外的公債買權）
這樣做的邏輯是，如果經濟真的硬著陸+利率暴跌，你那個小小的選擇權會翻好幾倍，幫你補血
但如果經濟沒事，利率維持高檔，你也只是損失了一點點利息，本金還是在那邊穩穩賺
算一種進可攻退可守，用利息去買保險的概念
總之，未來的劇本大概是通膨比你想像的久，利率比你想像的高
在這種環境下，單純賭多或賭空都很危險
以上就是我的一點閒聊與推演，大家將就參考囉"
貼文64_第1串,"事實早已證明，在投資市場裡試圖教育大眾
本質上就是一個明知不可為而為之的愚蠢決定
我們這種人，常犯的一個錯誤就是「好為人師」
但現實是，你試圖傳遞知識，只會引來一群蠢蛋與你辯論
而在你起心動念想跟對方解釋的那一刻，其實你就已經輸了
解釋不需要成本嗎？你的能量、你的時間、你的專注力，就在這些無效的來回中被消耗殆盡
只要解釋，你就輸了；只要想說服傻逼，你離傻逼也不遠了
我也曾經無數次想停筆，因為市場上的智障真的多到像是喪屍圍城
後來我給自己設了幾個過濾機制，或許對還在場內的人有點參考價值，但對前輩你來說，現在放下才是大智慧：
第一，看聲譽成本 (Reputation Cost)。
躲在螢幕後面的匿名帳號，通常是一群現實生活中的失敗者
他們沒有臉孔、沒有名譽，所以攻擊你不需要成本。如果你跟這種人計較，那是降維打擊自己。除非對方是實名，知道他是誰，有頭有臉，那才有對話的基礎
第二，看脈絡 (Context)
投資邏輯是成體系的，看一篇文章就想抓漏洞的人，這輩子大概也就這樣了
（續
/
zhongdezhuang
02/08/26
*決定停筆了！
我在房市和股市投資已經40年，都有不錯的獲利，所以想做一些回饋，因此從去年開始在網路上寫文章，分享一些投資經驗，希望能多多少少幫助到一些年輕人！
主要是房市從去年開始，就已經走空了，並不是進場的時機，股市走空當然也是遲早的事，因為二者都已經漲了將近20年，所以在股市沒有投資超過20年的年輕人，根本不曉得風險之大，更不知道崩盤的可怕！
反應雖然不錯，一個月有高達270幾萬的投資人點閱我的文章，我也希望能幫助到他們，但老是遇到一些不懂股票投資，又喜歡留言嗆聲的人，雖然我都一律封鎖，但還是覺得很煩，所以決定文章寫到這個月就停筆了，比較過意不去的是，已經有4900多個粉絲，難免感到失望！
最後還是再強調一下，看量就知道股票已經在高點，投資人真的不要一心只想要賺錢，而完全忘了風險，因為只要稍一不慎，就會套牢至少好幾年，而且也回不到你買的價位，不但這幾年賺的錢，全部都會吐回去，而且還會賠得很慘！"
貼文64_第2串,"如果對方沒有讀過你一系列的文章，不了解你的核心哲學，只想針對單點進行槓桿式的抬槓，這種人直接封鎖就好。不需要讓雜訊進入你的大腦。
最後，也是最殘酷的一點：有些人的貧窮，是寫在基因和認知裡的。
這話講起來很刺耳，但卻是真理。這就像前陣子台灣吵得沸沸揚揚的主動投資 vs. 長期被動投資大戰。
那些擁抱指數的人，信誓旦旦地說主動投資賺不到錢，因為數據顯示 99% 的散戶都賠錢。他們用大數法則的平庸，來否定極少數人的卓越。
為什麼？因為這些人這輩子沒吃過真正的好料
這就是資訊差，更是認知差。你沒吃過頂級的和牛，你就會覺得牛肉全是乾柴的；你沒在市場裡真正享受過主動交易帶來的暴利與快感，你自然會覺得那是騙局。
你不需要跟他們解釋這東西有多甜，因為他們的舌頭只配吃粗糠。你跟他說再多，他只能用自己貧瘠的世界觀來解讀，最後還覺得你在割韭菜。
所以，前輩，雖然很可惜市場上又少了一位願意分享實戰經驗的人，這絕對是那些想學習的人的損失。但轉念一想，這也是你的解脫。
人性本賤，與其對現況失望，或是妄想能扭轉這些人的命運，不如就承認現實吧。
放下助人情結，尊重他人命運。
(續
/
View 1 more"
貼文64_第3串,"有一個在美國朋友分享他現在遇到的一個小困境，之前在疫情期間，FED把利率降到零，幾百萬的美國屋主鎖定了 3% 以下的 30 年期房貸
前陣子利率飆到 6% 或 7%，造成了一個很扭曲的現象，這些屋主就算想搬家或是換大房子，也不敢賣房(因為一旦賣了，那個 3% 的便宜貸款就沒了，新房子要背 7% 的利息，同樣的貸款金額，月供直接翻倍)
這導致美國市場上沒有中古屋釋出，供給量歸零，然後年輕人根本買不到房，整個市場流動性被鎖死
我就在那邊想為什麼不讓原本要賣房子的人，把原本那個 3% 的低利貸款帶著走，轉移到下一棟新房子上？？
比如說，你原本欠銀行 50 萬美金、利率 3%，你要買個新房子 80 萬，那你前 50 萬繼續算 3%，只有多出來的 30 萬才用現在的 7% 計算
（這樣一來，屋主就沒有捨不得賣的理由了，庫存會瞬間釋放出來，房市的交易量才會恢復正常）
（續
/"
貼文64_第4串,"當然，有人說這對持有舊房貸債券（MBS）的人（包括聯準會自己）是不利的，因為這些低利貸款本來應該在賣房時被結清，現在卻活得更久了（存續期變長），這會讓債券價值受損
但這好像也不是不能解決，比方釋放勞動力流動性（讓人們可以為了工作搬家），讓市場重新轉動，不然美國房市會一直處於這種沒量又高價的植物人狀態，對整體經濟的長遠傷害應該會更大
/"
貼文65_第1串,"（淺談戰略資源—鈾）
過去十幾年，因為福島核災，鈾價長期低迷，價格甚至跌到低於生產成本，結果變成沒人願意挖礦了，礦場關閉、勘探停止、新項目被擱置
大家都不幹了，但全球對電力的需求卻沒停，尤其是現在AI數據中心對基載電力的需求爆炸性增長
這就造成了現在這個不可逆的供需錯配（舊的礦還沒重開，新的需求已經殺到家門口了）
要理解這裡面的賺錢邏輯，我們要看激勵價格怎麼運作
簡單說，現在鈾價雖然漲了一些，但還沒有高到讓礦商覺得值得砸幾十億美金去開新礦的程度
如果價格不漲到每磅75甚至90美元以上並維持住，新供給根本出不來，可核電廠不能沒有鈾，它們對價格不敏感（鈾只佔核電成本的一小部分），所以它們必須買，這就逼著價格往上走，這是一個純粹的賣方市場（治癒低價格的解藥，大概只剩下低價格本身）
再來談談定量的部分，也就是這些資產在公司層面是怎麼運作的，
賺錢邏輯大概主要分成三類：
第一類最直接，就是屯現貨，這裡最典型的例子就是Sprott Physical Uranium Trust (U.UN)這類公司的運作模式非常簡單粗暴，它們從市場上直接買入物理狀態的鈾，然後鎖進倉庫裡
這樣做有兩個效果：一是讓投資人可以直接參與鈾價漲跌，二是它們把市場上流通的現貨買光了，導致供給更緊缺，進一步推高價格
這是一種純粹的beta收益，鈾價漲多少，你大概就賺多少，風險相對低，因為沒有礦坑淹水或是管理層亂搞的風險
第二類是生產商與開發商
像是Cameco (CCJ) 或是Kazatomprom（雖然它有地緣政治風險）
這類公司的資產運作邏輯是槓桿效應
假設挖一磅鈾的成本是50塊，現在賣60塊，它賺10塊
如果鈾價漲到80塊（漲幅33%），它的利潤就變成了30塊（利潤翻了300%）
所以當鈾價進入牛市時，這些礦企的股價爆發力會遠遠超過鈾價本身
隨著價格上漲，那些手裡有優質礦權、處於開發階段的公司（比如Encore Uranium），價值會被重估，因為大公司為了補充儲量，會溢價收購它們
第三類是地緣政治溢價
現在全球供應鏈正在去全球化（或者說美中雙軌化）
原本美國和歐洲很依賴哈薩克和俄羅斯的濃縮鈾服務，但現在因為俄烏戰爭和制裁風險，西方國家急需建立自己的供應鏈
這就導致了位於北美（比如加拿大Athabasca盆地）或澳洲的鈾資產會享有更高的溢價。這是一種戰略性的資產重定價，市場會為了安全感多付錢
Ps.這東西一天跌個 10%、20% 都是日常
因為這個市場很小，華爾街一點點錢進來就暴漲，一點點錢撤出就暴跌。
所以，如果你要參與這個機會不要開槓桿（這種波動率你開槓桿會被掃出場）
然後老話一句…要有耐心，這種基本面的供需修復是以年為單位的，不是炒短線兩天就跑
（免責聲明：以上內容僅為基於提供資料的邏輯推演與整理，不代表具體的投資建議。資源類投資波動極大，甚至可能面臨本金全損的風險，請務必自行評估判斷。）"
貼文66_第1串,"(來分享一下最近發神經做的「人體冷凍實驗」心得)
大概兩個月前吧，不知道是被演算法推薦還是怎樣，一直刷到國外那些身材好到不科學的網紅、還有那種頂級運動員在推廣冷水澡
說什麼這是有良好習慣的成功人士標配，沖完不只會醒腦，還能調整荷爾蒙、改變氣場，甚至讓你整個人煥然一新
我這人就激不得，心想：「好啊，來驗證一下我是不是那個萬中選一的練武奇才，搞不好我基因裡就寫著抗凍這兩個字？」
於是，我就這樣開啟了為期兩個月的自虐實驗Xd
原本我的幻想是，這一個月沖下來，我應該會氣色紅潤、雄性激素爆棚，直接進化成變形金剛或是美國隊長那種等級，走在路上都有風
結果實驗證明：並沒有，我還是原本那個死樣子～
但你要說沒效嗎？倒也不是
我現在每天兩次，早上起床一次，晚上睡前一次，早上是因為我有偶像包袱（誤），不習慣蓬頭垢面出門，總要整理一下，順便把自己從被窩的封印裡拔出來
說實話，剛開始在台灣這種濕冷的冬天開冷水，那真的需要一點勇氣，那個水龍頭轉下去的前一秒，身體本能是想逃跑的，心裡會有個聲音大喊：「你有病喔！這麼冷！」
這時候就需要一種「幹，老子跟你拼了！」的氣勢，水沖下去的那一瞬間，真的會讓你想起當兵時被班長幹飛的恐懼，不管三七二十一，沖就對了。
神奇的事情發生在沖完之後。
你會發現內心好像有一頭沈睡的野獸被巴醒了。那種感覺很難形容，你的皮膚跟肌肉雖然因為冷水收縮放鬆了，但你的潛意識跟大腦卻處於一種高度警覺的狀態，這時候做事的專注度跟效率，真的高得嚇人，比方我要在晚上發佈文章，我這個時候效率就特別好～
Ps.我覺得這至少比喝黑咖啡還有用
喝黑咖啡是靠化學物質硬把你的交感神經拉起來，有時候搞過頭會心悸，甚至像我這種半夜三四點腦袋還在轉的人，咖啡喝多了晚上睡眠品質直接爛掉，變成惡性循環~
但冷水澡不一樣，它是一種物理性的重開機
沖完你是清醒的，但心是靜的。那種精神抖擻是一種通體舒暢的銳利感
當然啦，我也看過國外冰島挪威的狠人，直接在浴缸放冰塊把自己泡成冰棒(我看著都覺得蛋疼，佩服是佩服，但我目前還不想挑戰生命極限）
最後還是要加個免責聲明：
這純粹是我個人的人體實驗跟生活習慣，完全沒有任何醫療背書～
如果你本身是那種嬌皮嫩肉，或是吹個冷風就會咳三天的林黛玉體質，拜託，千萬不要學
這東西沒什麼偉大的科學背景，單純就是我皮在癢。如果你硬要學結果感冒了，那是你的問題，不要來找我賠醫藥費XD
至於我會不會繼續？目前這感覺挺上癮的
但也許哪天年紀大了、扛不住了，我就會乖乖轉回熱水澡，在那邊泡枸杞養生了吧。但在那之前，讓我繼續當個清醒的瘋子吧"
貼文66_第2串,"最近比特幣暴跌，市場又開始把量子電腦破解加密技術這種陳年鬼故事搬出來嚇人，連帶著比特幣不具備儲值價值的論調也跟著死灰復燃
這些技術威脅與質疑哪是今天才有的？
但在 K 線跳水的時候，人的恐懼本能總是急著找個理由來合理化下跌
價格決定敘事在金融歷史一直都在上演，事情都有反身性的
當巨鯨在拋售、交易所流出量大增、合約市場一堆人爆倉的時候，市場情緒本身就極度脆弱，這時候任何已知的風險都會被情緒槓桿放大成末日的訊號
坦白說，看著這波因為流動性博弈和情緒殺跌產生的劇本，我內心其實毫無波瀾，甚至覺得有點躍躍欲試XD
現在市場正在演示籌碼如何從恐慌者手裡轉移到有耐心的信仰者手裡"
貼文67_第1串,"（聊聊 Circle 股價腰斬：是天上掉下來的禮物，還是接刀子？）
有個朋友私訊問我對 CRCL（Circle）的看法
坦白說，對於 Circle 這家公司，我其實研究不深，真的沒啥話語權，所以我這篇發文前要先舉手投降，先承認自己有些東西其實不太懂 XD
但我大概可以用我習慣的投資框架，用排除法做個簡單的初步篩選，比較偏向防守的層面，沒辦法告訴你是否該揮棒打擊，如有疏漏或是觀點不深，也懇請各路幣圈大神多多指教，並提供寶貴意見，把這篇當作拋磚引玉，讓大家有個討論空間
先講講我對這間公司的初步理解，Circle 比較像是一家穿著科技外衣的銀行
它的主要產品 USDC 大家都知道，就是美金穩定幣，它的賺錢邏輯就是你拿美金換他的 USDC，他把你給他的美金拿去買美國國債或放在銀行生利息
由於這間公司將近 9 成以上的營收都是來自這些儲備金的利息收入，我猜這也是為什麼在 2026 年初，它的股價會從 IPO 的高點摔得這麼慘，跌了快 70%（聯準會之前的升息循環結束了，現在利率往下走或是持平，Circle 的獲利引擎自然就只能看天吃飯了，對我這種喜歡長期持有、看重企業本身定價權的人來說，稍微有點扣分）
再來聊聊護城河，Circle 一直主打的就是一個合規（跟一直被質疑儲備不透明的 Tether 形成強烈對比）
尤其 GENIUS 法案通過後，Circle 這種擁抱監管的策略看似很有優勢，甚至拿到了有條件的銀行執照
但我心裡會有個問號，當合規變成一種標準配備，而不是差異化優勢的時候，護城河還在嗎？
現在法規清楚了，像摩根大通這種傳統銀行巨頭，或者是 PayPal 這種支付巨頭跳下來做穩定幣，Circle 真的能擋得住嗎？畢竟人家的通路跟用戶基礎可是海量的，你拿什麼跟人家比，所以這個我心裡是存疑的
雖然他們管理層也知道這個問題，現在拼命在轉型，想要把公司從賺利息的變成賺網路手續費的（比如說他們搞了Arc 區塊鏈，還有 CPN 支付網絡，想要做未來網路金融的基礎設施），這願景聽起來很宏大，像是要變成區塊鏈版的 Visa 或 SWIFT，但目前這塊非利息收入佔比還是太低了，轉型能不能成功，還需要時間驗證～
而且最近看到他們內部高管在持續賣股票，這對市場信心也是個打擊，畢竟春江水暖鴨先知嘛，內部人都先跑了，我們散戶是不是該謹慎點？
不過，話說回來，有沒有可能這些利空因素（利率下降、競爭加劇、轉型陣痛）都已經反應在那跌爛的股價裡了？這也不是不可能
如果你信仰夠堅定，覺得未來所有的金融交易都會跑在區塊鏈上，而 Circle 會成為那個不可或缺的水管，那現在或許是個撿便宜的機會？這就要仰賴大家對於這東西的信仰了（嗯…我自己是承認我看不懂，所以我選擇 pass）
最後也要跟大家說，不用因為我不看好而不去買。如果你有自己的想法，覺得 Circle 的生態系未來會大爆發，那就堅持你的判斷，沒關係的。
因為我看的是十年、二十年的週期，如果你操作的是一兩年的波段，或者你對 Web3 的信仰比我深，那你的決策邏輯肯定跟我不一樣。投資這條路，本來就是每個人看到的風景不同，不用被我的看法影響XD"
貼文68_第1串,"（聊聊「資訊過載如何毀掉你的投資績效」？？如何透過「減法」來獲取超額報酬）
這幾天有個金融圈的小老弟私訊我，語氣急得像熱鍋上的螞蟻，劈頭就說他最近慌得要死。這年輕人剛入行不久，每天一睜開眼就是滑手機，FB、Threads、各種財經群組刷個沒完，越看越覺得自己像個廢物。為什麼？因為他看到網路上那些大神，怎麼每個人都跟鬼一樣，今天發一篇半導體深度分析，明天又能馬上噴出一篇生技股的看法，後天還能貼出一張賺得盆滿缽滿的對帳單。他覺得自己吸收資訊的速度慢得像烏龜，好像少看一眼就會錯過好幾億，深怕自己跟不上這個世界的脈動，那種焦慮感，隔著螢幕我都能聞得到。
說真的，這種資訊焦慮或者說是FOMO（錯失恐懼症），在現在這個時代簡直就是一種流行病，甚至可以說是一種絕症。但我今天要很不客氣的講，這種心態如果不改，你在投資這條路上，遲早會把自己玩死，甚至在人生這場遊戲裡也會輸得一塌糊塗。
我們先來聊聊這個資訊過載的問題。你以為你每天在那邊刷手機，像個海綿一樣瘋狂吸水是在學習嗎？別騙自己了，那根本不是學習，那是在吸毒。大腦的多巴胺機制是很賤的，它喜歡新鮮、喜歡刺激、喜歡那種我好像懂了什麼的快感。你看到別人貼賺錢單，大腦會分泌多巴胺讓你興奮；你看到聳動的財經標題，大腦會讓你覺得自己掌握了財富密碼。但實際上呢？這些碎片化的資訊塞進你的腦子裡，就像是你把一堆垃圾食物塞進胃裡，吃的時候很爽，吃完只會讓你消化不良，甚至便秘。
你想想看，做一個真正的行業研究需要多少功夫？你要真正搞懂一個行業，從宏觀經濟背景、產業生命週期、到競爭格局，再到微觀的企業護城河、財務報表，這哪是一個晚上就能搞定的事情？那些真正的專業研究員，或是想要把一家公司摸透的投資人，他們是要去跑斷腿的！他們要去拜訪上下游供應商，要去工廠看產線有沒有在動，要去跟競爭對手聊天套話，甚至要去數人家的出貨量。這些髒活累活，需要的是大量的時間沈澱，需要的是像老牛耕田一樣的耐心。
所以，當你看到網路上有人今天講AI、明天講航運、後天講重電，好像什麼都懂、什麼都能賺的時候，你要有判斷力啊！沒有人是全知全能的神，除非他背後有一個龐大的團隊在餵資料，否則這種頻繁切換賽道的分析，含金量通常低得可憐。你看到的那些大神，很多時候只是倖存者偏差的集合體。今天張三買AI賺了，他貼出來；明天李四買航運賺了，他貼出來。你就像個傻子一樣，把張三李四王五的成功全部疊加在一個人身上，然後拿這個虛構的完美投資人來霸凌你自己，覺得自己怎麼這麼爛。這不是自找苦吃是什麼？
這種焦慮會讓你做出最愚蠢的決策：跟單。因為你慌了，你覺得自己研究來不及了，別人已經在車上數錢了，所以你腦子一熱，管他三七二十一，先買再說。結果呢？通常你都是買在人聲鼎沸時，然後就是漫長的套牢，或者一個回調就把你洗出去。為什麼？因為你心裡沒底啊！你根本不知道這東西值多少錢，你是憑著恐慌在下單，而不是憑著認知在下單。
真正的投資，說穿了，其實是非常無聊的。金融大鱷索羅斯講過一句話，如果你覺得投資很有趣，那你大概沒賺到什麼錢。好的投資都是無聊的。這句話真的要刻在腦門上。為什麼？因為一個好的投資機會，是需要等待的，是需要耐得住寂寞的。你不可能每天都在那邊殺進殺出，好像在打電動一樣。
我自己關注的領域，十根手指頭數得出來。我就守著這一畝三分地，深耕、細作。我不去羨慕別人賺那些我不懂的錢。就像巴菲特說的，如果你人生只有一張打洞卡，只有二十個孔，你打完就沒了，你會怎麼做？你一定會超級謹慎，每一次出手都是經過深思熟慮的。你不會像拿著機關槍一樣到處亂掃射。所以，縮小你的打擊範圍，只揮棒打那些你最有把握的球，畢竟你沒有每天都要發佈訊息的壓力，你也不用向別人解釋你不懂的投資機會，專注好自己就好！
這裡我要特別提一個觀念，就是長坡厚雪。這也是巴菲特老爺子的概念，滾雪球要找雪夠厚、坡夠長的地方。這意味著什麼？意味著你要找那些長期趨勢向上、護城河夠深、商業模式可持續的資產。比如說台積電、或是美國那幾家科技巨頭。這些公司或資產，你閉著眼睛都能說出它們十年後大概率還會存在，而且會活得不錯。
對於這種長坡厚雪的標的，最笨但也最有效的方法是什麼？就是跌了就買。這聽起來很簡單，甚至有點像廢話，但真的能做到的人少之又少。大部分人看到台積電從一千塊跌到六百塊的時候，想的絕對不會是「哇，打折了趕快買」，很多拿不住的人心裡都會O S：「靠北，會不會跌到三百？我是不是該停損？」
我們來算筆帳，假設你很看好台積電未來會上兩千。現在股價一千（為了方便舉例，我取整數關卡作為說明）。如果你想賺快錢，你可能會開兩倍槓桿買進。結果股價一個回調跌到八百，你心態就崩了，甚至可能被斷頭出場。但如果你是有長坡厚雪思維的人，你留著現金，等它跌。跌到八百，你買一點；跌到六百，你再買一點。你的平均成本會被拉得很低。當股價回到一千，甚至漲到兩千的時候，你的報酬率是會呈現非線性爆發的，而且中間你睡得著覺，不用擔心被追繳保證金。這就是慢即是快的道理。你不需要去預測短期的波動，你只需要確信長期的價值。
可是，為什麼大家都不願意這麼做？因為無聊。因為耐不住寂寞。比起窮困，現代人更怕無聊。我們被手機、被社群媒體訓練成了多巴胺的奴隸。一秒鐘的空白都無法忍受，等紅綠燈要滑手機、上廁所要滑手機、連吃飯都要配著影片看。我們把大腦填得滿滿的，好像這樣就很充實。但實際上，這種充實是虛假的，是廉價的。
有些心理學研究指出，人類在無聊的時候，大腦其實並沒有在休息，大腦會切換到了一種叫做預設模式網絡（DMN）的狀態。這個狀態非常重要，它就像是電腦在重組硬碟碎片一樣，大腦在後台幫你整理記憶、連結看似不相關的知識、進行自我反思和規劃未來。很多偉大的創意和靈感，都不會是在忙碌中產生的，真正的思考往往在發呆、散步、洗澡這些無聊的時刻蹦出來的。
你想想看，牛頓如果坐在蘋果樹下滑TikTok，蘋果砸下來他只會罵一聲「靠北」然後繼續滑，哪來的萬有引力？JK羅琳如果在火車誤點的時候有智慧型手機可以玩，她可能就在刷IG看朋友去哪裡旅遊，而不是在腦子裡構思哈利波特的世界。無聊，其實是大腦在給你一個訊號，告訴你：「嘿，現在有點空閒，我們可以來搞點有深度的東西了。」
但我們現在的人，一收到這個訊號，馬上就用手機把它掐死。我們用別人的生活、用垃圾資訊來填滿自己的空虛。結果就是，你看了一百支短影片，看了別人跳舞、吃播、炫富，兩個小時過去了，你得到了什麼？你只得到了一雙乾澀的眼睛，一顆更空虛的心，還有一種我今天又浪費了生命的罪惡感。這種罪惡感又會讓你更焦慮，更想找東西來填補，於是你又拿起手機……這就是一個死循環。
對於投資人來說，這種死循環是致命的。因為你沒有時間去思考，沒有時間去覆盤，沒有時間去建立自己的投資哲學。你只是隨波逐流，跟著市場的情緒起伏。別人喊多你就追，別人喊空你就跑。你就像是一片在暴風雨中的樹葉，完全沒有自己的根。
那些真正賺到大錢，賺到十倍、百倍回報的投資人，他們通常有什麼特質？根據一些針對長期大牛股的研究，這些投資人通常都有極強的定力。他們買入一家公司，是因為他們深入研究了這家公司的產品、管理層、競爭優勢，他們相信這家公司未來會變得很大。然後呢？然後他們就什麼都不做。他們就抱著，死死的抱著。中間股價可能會腰斬，可能會盤整好幾年不漲，市場上可能會有各種雜音說這家公司不行了。但只要他們當初買入的邏輯沒有改變，他們就不會動。
這種不動，在旁人看來可能很傻，很無聊。但就是這種無聊，讓他們享受到了複利的威力。他們不需要每天盯盤，不需要每天看幾百則新聞。他們有大把的時間去生活，去讀書，去運動，去陪伴家人。他們的生活是從容的，是優雅的。而那些整天在市場裡殺進殺出，把自己搞得神經兮兮的人，最後往往只是在幫券商打工，甚至把本金都賠光。
所以，我給那位朋友的建議，也是給所有正在焦慮中的朋友們的建議：試著去擁抱無聊。
給自己一點時間，把手機丟到另一個房間，最好鎖起來。就坐在沙發上，或者躺在床上，什麼都不做。一開始你一定會很痛苦，就像毒癮發作一樣，你會覺得手癢，心慌，腦子裡會有各種聲音叫你去拿手機。但你要忍住。你要告訴自己，這是在排毒。
當你撐過前面那段最難受的時間，你會發現，你的心慢慢靜下來了。你會開始聽到自己內心的聲音。你會開始思考：我到底想要什麼？我現在的投資策略真的適合我嗎？我是不是太急功近利了？我也許應該花點時間去把那本一直想讀的經典財報書讀完？或者我應該去深入研究一下那個我感興趣但一直沒時間看的產業？
這個時候，你的求知慾會從內心深處長出來。這種求知慾不是被焦慮逼出來的，不是為了跟別人比較而產生的。它是純粹的，是為了滿足你自己的好奇心和成長需求。當你帶著這種心態去學習，你的效率會高得驚人。你會進入一種心流的狀態，你會發現原本枯燥的財報數據其實也挺有意思的，原本複雜的產業邏輯其實也有跡可循。
你會發現，當你不再關注別人賺了多少錢，不再關注網路上那些嘈雜的聲音，你反而更能看清市場的真相。你會知道，哪些是機會，哪些是陷阱。你會知道，什麼時候該出手，什麼時候該等待。
而且，你會發現生活其實很美好。你看著窗外的雲，看著光影的變化，你會感受到一種久違的平靜。這種平靜，是再多的按讚數和轉發量都給不了你的。這就是所謂的致虛極，守靜篤。你的杯子空了，才能裝進新的水；你的心靜了，智慧才能生出來。
再說回那個長坡厚雪的概念。既然我們知道有些資產長期就是會漲，有些行業就是會不斷創造價值，那我們為什麼要那麼急？為什麼要開那麼大的槓桿去博那一點點短期的波動？人生不是百米衝刺，是一場馬拉松。甚至可以說，人生根本不是比賽，人生是一場旅程。
你有看過那個關於複利的故事嗎？兩個人，一個每年賺50%，但中間有幾年大賠；另一個每年只賺15%，但從來不賠。二三十年後，你猜誰的資產比較多？通常是那個穩穩賺的人。因為虧損是複利最大的敵人。而無聊和耐心，就是避免虧損最好的護身符。
所以，真正的高手，都是在那邊默默的蹲點，默默的滾雪球。他們看起來可能很廢，可能很無聊，但他們的內心是強大的，他們的資產是扎實的。
你要學會做減法。減掉那些不必要的關注，減掉那些讓你焦慮的群組，減掉那些頻繁的交易。把你的時間和精力，集中在少數幾個你真正看懂、真正有信心的機會上。就像獵豹一樣，平常懶洋洋的趴在草叢裡曬太陽，一旦鎖定獵物，就全力以赴，一擊必殺。
當你覺得週末沒局、一個人在家很無聊的時候，試著跟自己說：「太棒了，我現在正在充電，我正在進化。」去讀一本好書，去研究一家好公司，或者乾脆就睡個好覺。相信我，這比你在網路上跟風瞎忙，要有價值一萬倍。
最後，我想說的是，這個世界充滿了雜訊。有些雜訊是無意的，有些雜訊是有意製造出來割韭菜的。保護自己最好的方式，就是建立自己的過濾系統。而這個過濾系統的核心，就是獨立思考的能力。而獨立思考的能力，只能在安靜、獨處、甚至無聊的狀態下，才能慢慢培養出來。
所以，別怕無聊，別怕跟不上。只要你走在正確的道路上，哪怕走得慢一點，也比那些在錯誤道路上狂奔的人要強得多。把心定下來，把眼光放長遠。你會發現，原來投資可以這麼輕鬆，原來人生可以這麼自在。
別再讓那些紅紅綠綠的數字綁架你的人生了。把手機放下，去感受一下真實的世界，去擁抱一下那個被你冷落已久的自己。這或許是你今年做過最正確的投資決策。XD"
貼文69_第1串,"02/05/26
Kevin Warsh 上來會暴力重啟 QT??
我認為頗難，卡關的點其實就在負債端
現在銀行的準備金水位跟 RP 市場其實都很緊繃
（簡單講，就像是水管裡的水壓已經不夠了，你硬要再把水抽走，最後只會搞到馬達燒壞，不得不停下來重新補水，所以現實上的考量還是得顧）
至於現在搞的那些買短債動作，純粹是為了讓利率不要失控，別把它過度解讀成是要去壓低長債利率
（市場總愛腦補大行情，但現實往往只是無聊的技術性調整）
這年頭解釋得再多，大家還是只信自己想信的XD"
貼文70_第1串,"（把合作夥伴逼上絕路=逼死自己，聊聊當年 Sony 能夠逆襲任天堂的關鍵）
最近看網友分享他入手了一台 Switch，搞得我最近也心癢癢的，正在猶豫要不要也弄一台來玩
說真的，看著任天堂這家公司，有時候會覺得他們真的很神，硬體規格從來都不是最強的，但那個遊戲性和 IP 的魅力，就是能讓你乖乖掏錢
這讓我想到以前在學投資的時候，大家都很推崇巴菲特說的那種定價權，好像只要公司說了算、漲價你也得買單，就是最頂級的護城河。
但關於任天堂早期的故事，又讓我對定價權這件事有比較深的一層思考
就是說，你有能力定價是一回事，但如果你仗著自己強勢，把合作夥伴（特別是上游或開發商）逼得太緊，錢都自己賺盡了，不留一點肉給別人吃，這種關係其實是很脆弱的
當年紅白機稱霸全球的那個年代，任天堂真的是喊水會結凍
那時候他們為了控制品質（當然很大一部分也是為了利潤），設下了一個超級嚴格的規矩：所有的遊戲卡帶都必須由任天堂統一製造
這招真的很絕，意思就是說，你是像 Konami 或 Square 這種第三方遊戲開發商，你想賣遊戲，不但要付給任天堂高額的權利金，連裝遊戲的卡帶本身，都得跟任天堂買。
這在商業邏輯上看起來是任天堂擁有絕對的優勢，它控制了通路、控制了硬體，甚至控制了生產成本
任天堂那時候基本上是掐著開發商的脖子，如果當時記憶體晶片缺貨，任天堂絕對是優先保留給自家的遊戲（像是瑪利歐或薩爾達），其他的廠商就只能乾瞪眼排隊
這種做法讓任天堂在當時財報毛利高到嚇人，因為它幾乎吃掉了整個產業鏈大部分的利潤
可是，這就是我們剛講的，它其實跟上游關係處得很緊張
雖然開發商為了生存不得不依附你，但心裡其實是累積了很多怨氣的
這也解釋了為什麼後來 Sony 推出 PlayStation 的時候，明明是一個剛進遊戲市場的菜鳥，卻能瞬間逆轉勝
因為 Sony 用的是便宜的光碟CD-ROM，生產成本低，而且對開發者超友善，不像任天堂那樣處處設限又愛抽重稅
結果就是大家熟知的歷史，像是Final Fantasy這種神作直接跳槽，原本任天堂以為堅不可摧的堡壘，因為「人和」的問題，瞬間就被攻破一個大洞
所以現在回頭看這段歷史，真的覺得很有意思，我們在看投資機會的時候，常常會喜歡那種強勢壟斷的公司，覺得這樣才賺得多
但如果這家公司的利潤是建立在「壓榨」供應商或是合作夥伴的基礎上，那其實風險蠻大的
真正厲害的商業模式，應該是有錢大家一起賺，雖然我有定價權，但我願意讓利，維持生態系的平衡，這種護城河通常比單純的合約限制來得長久
不過話說回來，感覺現在的任天堂比當年那個暴君時期聰明多了，雖然對 IP 還是保護得很緊，但在合作上也比較有彈性
看著 Switch 上面現在百花齊放的獨立遊戲，我想他們應該也是有從歷史學到教訓吧"
貼文71_第1串,"02/02/26
這幾天看市場在那邊恐慌，我就又默默撿了一些幣
我也沒什麼高深的分析，說穿了就是一種逆向投資的 sense 吧，有些人攤牌離場了，我就進場接了一些～
目前我也不敢說這邊是不是底，不做預測
搞不好還會繼續探底，who knows？
反正越跌我是越開心的
總之，有些時候該動腦
有些時候則該像個傻瓜一樣慢慢買，買完就乖乖回去工作，做自己的事情，人生就是這樣子～"
貼文72_第1串,"（記憶體飆成這樣，沒上車會不會很嘔？）
說來慚愧，今天早上跟幾個年輕朋友聊天，被問到一個很直接的問題：「這一波記憶體狂噴，你有沒有吃到？」
聽他們說這波有跟到的，那獲利真的就是「哇靠」兩個字形容，大概今年的績效都已經達標，甚至不愁吃穿了。
老實講，聽到這種成績，你問我會不會嘔？會不會覺得心裡酸酸的？
其實我還真的覺得還好，甚至滿坦然的。
講出來也不怕大家笑，因為這一塊本來就不在我的守備範圍裡面，既然不在我的射程範圍，沒賺到也是合情合理的。那些年輕朋友能抓到這一波，不是運氣好，是因為人家可能早就關注這個題材很久了，花了很多時間去研究佈局。市場就是這樣，該給人家賺的就要給人家賺，那是人家的本事和功夫；我們沒做功課、沒關注，自然就沒我們的份，這真的沒什麼好羨慕的。
(續
/"
貼文72_第2串,"仔細想想，人生本來就是一直在錯過啊，錯過的東西可多了，又不是只有記憶體這一塊XD
我們的精力本來就有限，不可能市場上每一種錢都想賺。總有別人看得懂而我看不懂的機會，反過來也是一樣。你只要專注把自己看得懂的那一份賺好，其實就夠了。什麼都想賺，最後通常什麼都賺不到。
我覺得投資有時候跟談戀愛滿像的，你既然選了這條路（比方說你愛巴菲特這套），就全心全意迷戀一個人、一個流派就好。不要今天看到隔壁鄰居用索羅斯那套賺了大錢，心就癢了想換跑道，覺得別人的老婆比較漂亮（誤）
選好一個領域，專心投入到底，時間自然會讓你手上的部位發酵。
所以啦，這一波沒吃到又怎樣？日子照樣過，該打球的去打球，該顧小孩的顧小孩，生活還是要繼續。保持專注，遠離 FOMO，這大概也是成熟投資人必修的一課吧。
廢話講完，週末愉快，大家輕鬆點！哈哈！
/"
貼文73_第1串,"（路易莎的致命傷：成也插座，敗也插座？）
今天假日一大早，想說跟我那幾個老友去樓下星巴克喝杯咖啡聊個天，一進去，哇賽，滿滿都是在準備期中考、期末考的高中生，筆記本電腦、參考書攤得跟什麼一樣
我想說這環境不太適合談事情，那就轉戰附近的路易莎好了。
結果一推開門，心裡馬上 OS：「靠，完蛋了！人更多！」而且那種壓迫感比星巴克還重，根本就是K書中心附設的餐飲吧台嘛！我在那邊等朋友的時候，看著這景象，職業病就犯了，腦袋開始轉這兩家店的 Business Model 到底差在哪XDD
話說以前路易莎剛出來的時候，不少人覺得它很難變成下一個星巴克（雖然大家都是賣咖啡，但那個底層邏輯跟 Target Audience 完全是兩碼子事）
比方說，路易莎早期的策略很明顯，為了搶市佔，插座給得超大方，加上單價親民，一杯拿鐵幾十塊，結果吸引來的是一群點一杯飲料坐一整天的學生跟國考族
這對消費者來說當然是佛心，但站在我們做投資、看生意的角度，這根本是災難
餐飲業最講究的是翻桌率啊！你位置都被這些高停留時間、低客單價的族群霸佔了，我要進去消費的人看到沒位子就走了，這在單體經濟上是很難跑得動的。
反觀星巴克，雖然也有一堆學生，但仔細觀察，它的客群裡商務人士、上班族的比例還是比較高
這些人去星巴克是為了什麼？是為了那個 Vibe，為了談事情，或者是拿著那個杯子的一種 Social Status
這些人的消費力高，而且通常談完事情就閃人，翻桌率相對漂亮很多
然後我有個小小的個人體會，不知道是不是每間星巴克都這樣子？？就是星巴克的椅子其實沒那麼好坐，很多店甚至故意設計得讓你坐久了會腰痠，不知道是不是為了逼你趕快喝完趕快走，把位子讓給下一個會花錢的人？？XD
而且你注意看財報就知道，
星巴克的利潤來源很多元，它那個周邊商品、馬克杯、咖啡豆賣得嚇嚇叫，品牌資產夠強，就算咖啡賣貴一點大家也買單
但路易莎主要還是靠餐飲收入，加上它的加盟擴張速度雖然快，但這種低消高佔用的模式，讓它的坪效（每坪產值）其實很難拉上來。
雖然現在路易莎也想轉型，開始搞什麼商務店型、把插座封起來，或者是餐點漲價，但消費者的既定印象已經形成了，大家就是把你當成平價K書中心，這要扭轉回來真的很難
所以說，兩家店底層的商業基因從一開始就不一樣。路易莎這種打法，在規模小的時候還可以靠靈活取勝，但要走到像星巴克那樣的資本市場巨頭，光是那個被學生長期佔領導致的低翻桌率，就是一道很難跨過去的坎
今天在那邊等朋友等到我都想去幫那個店長算一下，這桌如果不趕人，到底要賣幾杯平價拿鐵才能付得起今天的房租，想到都替他覺得累～"
貼文74_第1串,"剛好近期被問到幾次高收益債跑輸股市的問題
利用今晚把問題梳理梳理～
（網友問題）
白大您好，我是来着马来西亚的，最近也在学习着以不同的角度来看宏观经济。
想跟您请教一个我最近在拼的宏观逻辑，感觉市场可能正在接近一个流动性临界点，但不确定自己有没有提前或误判阶段。
我目前看到的几个现象是这样拼在一起的：
第一，RRP 的缓冲正在快速消失。
过去一段时间财政部发债，主要是抽走 ON RRP 里的钱，对银行准备金是相对中性的；但如果 RRP 接近见底，后续新增国债就会开始直接消耗 Bank Reserves，这一点对流动性结构的影响会明显放大。
第二，债市这边我有点纠结。
中期美债（IEF）近期走弱、收益率上行，但这看起来更像是供给与融资压力，而不是典型的避险买盘；同时高收益债（HYG）明显跑输股市，信用端开始不配合，但股指还能被权重和被动资金托着。
第三，我的核心疑问在这里：
如果 RRP 这个“蓄水池”真的耗尽，接下来 Treasury 继续发债、银行准备金下滑，会不会把压力直接传导到 Repo 市场？
一旦 Repo / SOFR 出现明显抬升甚至阶段性脱锚，期货和衍生品这种高度依赖回购融资的市场，会不会面临**被动去杠杆（forced deleveraging）**的风险？
我现在的判断是：
可能还没到系统性崩溃，但像是处在一个
“RRP 见底 → 银行准备金承压 → 融资成本边际上升 → 信用先行走弱”
的门槛期。
想请教您的是：
1）您是否也认为真正的风险点不在 RRP 归零本身，而在于后续 Repo 与信用利差是否同时失控？
2）目前这个阶段，更像是“结构性收紧”，还是已经在为一次去杠杆事件做铺垫？
想听听您的整体判断，看看我这个拼图有没有哪一块方向搞反了。🙏
（我的回答）
哈囉，你的拼圖大方向是對的，但容我做幾個關鍵的修正與補充：
第一，關於 RRP見底的定義：不需要等到歸零～
實務上看流動性不會等到RRP水庫全乾，RRP 裡面有一部分資金是屬於那種對利率極度不敏感、或是因為 Mandate 只能停在那裡的死錢
所以，當 RRP 餘額降到某個摩擦水位（比如說 2,000-3,000 億美金左右）的時候，它的緩衝功能其實就已經失效了
我們現在可能已經處在你說的那個階段，財政部每發一塊錢的新債，或是 Fed 做一塊錢的 QT，都是在從銀行體系抽血（直接消耗 Reserves），這個痛感會比你預期的來得更早
第二，債市與信用背離的部分
HYG跑輸股市，應該不是信用端不配合，何以？
股市（特別是 SPX）很容易被那幾檔大型權值股或是企業回購給粉飾太平
但債市沒辦法騙人，企業要再融資面對的是真金白銀的高利率與擴大的利差
HYG 的走弱，代表Smart Money已經在定價流動性分層撤退的風險
當最脆弱的企業債開始跌，通常就是流動性緊縮週期進入尾聲、準備出事的訊號
嗯，所以你的觀察沒錯，這是確認信號～
第三，Repo 暴漲與 Basis Trade 的連鎖反應
如果 RRP 沒了，Repo（SOFR）肯定會失控的，
而且這裡還有一個FED設下的陷阱
你可能知道 Fed 弄了個 SRF當作 Repo 市場的天花板
理論上，沒錢就找 Fed 借，利率不該飆高，但要留意SLR
比方現在市場上累積了天量的Basis Trade，這些對沖基金開了 50 倍槓桿在做空美債期貨+做多現貨，他們的命脈就是 Repo 利率
一旦 RRP 耗盡導致流動性緊張，Repo 利率飆升，這些基金想借錢，卻發現中間商因為 SLR 的監管限制，資產負債表卡死了，沒辦法把 Fed 的錢中介出來給他們，管路直接阻塞
結果Fed 明明有錢（SRF），但對沖基金借不到，最後被迫平倉，引發美債現貨拋售潮，這才是我們最擔心的流動性螺旋
如果可以的話，接下來可以緊盯SOFR 與 IORB 的利差（看 Repo 有多緊？）
還有關注MOVE Index，一旦這兩個同時飆升，很可能代表去槓桿的骨牌開始倒了"
貼文75_第1串,"（今天發現日債多了40bp，再加上黃金又創了新高，針對這個「異常」如何解讀？分享一下我的「猜想」）
有論者認為這個現象是因為高市早苗為了二月大選亂開支票，喊要凍結消費稅卻沒說錢從哪來，搞得大家怕日本政府又要瘋狂印債，嚇得外資跟滿手虧損的壽險業都不敢接刀
先撇除對高市早苗政治言論的批判，單純從宏觀carry trade資金流向的角度來看這件事，其實不難理解(老樣子了，就是一杯水在不同杯子互相倒來到去的型態）
日本公債持有者雖以國內為主，BOJ自己也買一堆，這沒錯，但是我們看金融市場不能只看存量，要看的是那個邊際變化跟預期心理
你要知道，日圓長期以來就是全球金融市場的Funding Currency，這個大家應該都知道，也就是說，全世界很多投機或投資的錢，借了便宜日圓跑去買美債、買科技股、買各種高息資產
那現在問題來了，當市場這個集體意識開始預期日本那邊的貨幣政策可能（我是說可能喔～不一定馬上）會改變，或是YCC稍微改變一下（觀察者效應），當市場所有人的意念都聚焦在這裡的時候，那個原本穩定的能量場就會開始擾動
(續
/
godfather_of_asian
01/20/26
望周知
/"
貼文75_第2串,"雖然日債是國內持有為主，但這會影響到那些壽險、退休基金原本放在海外的部位要不要搬錢回家
那…這跟黃金有什麼關係？
如果全球FICC市場最底層的那個資金成本錨點開始變動，那種不確定性會瞬間拉高，導致資金會想要找一個跟信用貨幣比較沒關係的地方躲，黃金就變成那個顯化出來的出口～(不過我買黃金跟這個理由沒有太大關聯就是了）
而且這東西也會連帶影響到未來的波動率，大家可以去觀察一下美債的MOVE Index跟我們常看的VIX
這兩個東西如果開始跟著日債殖利率一起波動，那就可以「推測」資金流向正在發生結構性的逆轉
這其實就是一種金融市場的能量守恆～
當原本便宜日圓供給的能量縮水了，或是大家覺得它要縮水了，那個資產價格的實相就會被迫重新排列組合。
這過程可能不會很平順，甚至會有點顛簸，畢竟資金流向這種東西，一旦形成趨勢，往往就是一波大的「量子塌陷」，直接改變現狀。
以上純屬個人猜想，不構成部位投資建議
/"
貼文76_第1串,"以前大家都覺得 Quant非得要是名校 PhD 或是基金經理人才能碰，但這三年真的變天了，現在技術下放，門檻早就被拆得差不多了
但「門檻低≠容易賺錢」
這完全是兩碼子事
現在 AI 雖然強，ChatGPT 幾秒鐘就能噴出一大段 Python code，很多人就覺得自己也能搞量化～
但假設沒有系統性的知識體系，光靠 AI 幫你寫程式，最後通常都是死在 Overfitting上，比方回測曲線看起來很厲害，Sharpe Ratio 高得嚇人，結果一上 Live Trading 直接被市場教做人，資金怎麼不見的都不知道~
原因其實很簡單，有人靠 AI 寫 Python 跑量化也賺不到錢，關鍵就在於你可能沒去探究市場運作的本質、你的對手是誰，光靠自己憑空想像的邏輯去猜，結果一開始方向就錯了。
沒事可以多多看一些期刊學術論文，看人家怎麼挖 Alpha、怎麼分析 Market Microstructure，如果沒有去落實這些功夫，只是整天跟 AI 問答，很可能就是把自己困在信息繭房，完全突破不了認知框架～
（續
/"
貼文76_第2串,"另外，做量化也未必要跟頂級機構拼 HFT，去軍備競賽搞什麼微秒級的光速下單，其實對於一般的 Individual Investor 或是小型團隊，可以尋找低頻的 Alpha，透過簡單的 Algo Trading 去執行策略就夠了，但重點來了，AI 可以幫你寫 Code，卻不能幫你思考，如果你腦袋裡沒有機率論或隨機微積分這類數學底子，你根本不知道該問 AI 什麼問題，你也無法分辨它給你的策略是不是存在倖存者偏差。
所以這都需要系統性的知識，不要覺得看幾篇文章、滑滑 Threads就能學會（碎片化的資訊敵不過體系知識）如果要做到降維打擊，必須站在更高的維度去審視市場。
這就需要你乖乖去啃書，建立從宏觀到微觀的完整架構。
Btw講到微觀，可以去讀 Larry Harris 寫的那本《Trading and Exchanges》，這本書之前好像有推薦過？這是講市場微結構的聖經。
為什麼這很重要？因為很多人的策略之所以回測會贏、實盤會輸，就是因為不懂市場微結構
（續
/
View 1 more"
貼文76_第3串,"今天有位兄台說他很羨慕我35歲就能退休
然後整天跟人出去打球，好像什麼事都不用做一樣
羨慕什麼…
我以前在煩惱下一餐的時候，你可能沒看到￼
人生到新的階段都有該要煩惱的東西，
只是煩惱的點不一樣而已~"
貼文77_第1串,"就是為什麼我一直強調，Tesla 根本不能只用「一間造車廠」的 valuation 去看（也不要試圖用一般線性思維，去度量 Musk 的那個 Vision）
Ps.撇除那些「現在上車還來不來得及」的雜音…
這感覺其實很像 2016 年老巴開始大買 Apple，或者像是 2005 年騰訊準備要進入爆發期那樣
當時很多人都覺得股價已經漲多了、Premium 太高，但在我看來，這反而是基本面正要產生質變的時刻
這張彩票背後的 Upside，遠比大家想像的還大…stay tuned
wjsfinance
Tesla
01/19/26
上禮拜我去跟法人做簡報，一位資深主管在 Q&A 時很直接地說，他研究機器人很久了，不看好，理由是「看了幾十年，從來沒成功過」。那一瞬間，我其實並沒有想反駁，只是腦中突然閃回到 16 年前。
2010年，我還在券商當分析師，去向一家壽險報告 iPhone 供應鏈，那位主管當場逐一點名底下研究員，問一句很簡單的問題：「你會不會買 iPhone這種華而不實的玩具？」沒有人敢回答。最後他下了結論：既然沒人會買，那這個市場不會起來。
後來的故事大家都知道了。不是那群人不聰明，而是他們都犯了同一個錯誤，用「過去沒有成功」去否定「正在發生的範式轉移」。
這也是為什麼，當我最近重新仔細研究 Tesla Optimus Gen 3 的技術路線與商業假設時，我反而越來越確信：如果你的機器人認知還停留在「會走路的玩具」，或是「波士頓動力做了三十年也沒量產」，那你其實已經站在錯過下一個 iPhone 的那一側。
真正的分水嶺，不在於機器人會不會走，而在於 AI 是否正式從虛擬世界，跨進物理世界。
/"
貼文78_第1串,"（在這個世界上，沒有一條偉大的路是直線的）
我們先把那些學校教你的線性思維拋一旁，從小到大，老師跟教授都給你灌輸一種工廠流水線的邏輯：設定目標 A，然後寫個漂漂亮亮的計畫書，接著執行計畫，最後達成目標 A，全劇終，大家拍手。
這套邏輯在工業時代造螺絲釘或許有用，但在真實的商業戰場和人生 Online 裡，這一招就直接失靈了，跟拿著地圖去找已經消失的寶藏沒兩樣。
真實世界的運作邏輯，通常是充滿了隨機性跟荒謬感的。
你試想一下這個劇本，你一開始雄心壯志想做生意 A，譬如你想開一家那種很有質感的文青精品咖啡廳，覺得自己能成為下一個星巴克。
結果做一做發現，來店裡的客人都只點你的手工餅乾，你的咖啡根本沒人喝，甚至還被嫌苦。
為了生存，為了付房租，你不小心偏航到了 B，被迫專注做餅乾禮盒，變成了一個烘焙坊。
然後呢，在做餅乾的供應鏈裡，你發現麵粉的進口渠道有個巨大的套利空間，因為你發現別人的進貨價都把你當盤子敲，你自己跳下去搞，結果你又跑到了 C，變成了一個原物料貿易商。
故事還沒完喔，最後你在搞貿易的時候，發現現有的物流系統太爛、效率太低，你自己跳下來搞物流科技，寫了一套軟體來管理貨運，結果在 D 這個領域發了財，最後變成了物流大亨。
你覺得這是扯淡嗎？這叫做複雜適應系統中的路徑依賴演化，你一開始想的東西，跟你最後成功的東西，通常是完全不一樣的，甚至八竿子打不著。
這就像生物演化一樣，你以為長頸鹿一開始就計畫好要長脖子去吃樹頂的葉子嗎？
當然不是，那是因為無數次的基因突變跟環境篩選，最後才得到了這個結果。
商業也是物競天擇，不是「智競天擇」，不是誰聰明誰就贏，是誰能適應誰就活下來。
我就來舉例我最熟悉的例子好了，有在做投資的朋友可能並不陌生，波克夏原本是個快倒閉的紡織廠！
巴菲特一開始買它，純粹是因為覺得股價低於淨資產，想賺個煙屁股錢就跑，甚至想把管理層換掉重整紡織業務，這是他的目標 A。
結果呢？紡織業在美國當時就是夕陽產業，跟現在的傳統媒體差不多，怎麼救都救不起來，這就是 B 的挫折。
但他沒有在那邊死磕，也沒有在那邊哭說「我買錯了」，他利用波克夏僅存的現金流轉向保險業GEICO，因為他發現保險業有源源不絕的浮存金可以用，然後開始併購（到達 C），最後變成全球最大的投資控股公司（到達 D）。
現在誰還記得波克夏賣過布料？連他自己都說買波克夏是他人生最大的錯誤之一，但這個錯誤卻變成了帝國的基石，這不是很諷刺嗎？
還有那個大家都在用的 Slack，也是一個無心插柳柳橙汁的經典～
創辦人 Stewart Butterfield 一開始是想做一款叫《Glitch》的線上遊戲，這是他的目標 A。
結果遊戲做得爛透了，沒人玩，伺服器裡大概只有幾隻蒼蠅在飛。
但是他們為了開發遊戲寫的一個內部溝通工具卻意外地好用，工程師們發現用這個罵人比寫 Email 快多了（偏航到 B）。
最後他們果斷把遊戲砍了，把這個溝通工具變成 Slack，直接上市發財。
失敗的副產品比原本的目標更值錢⋯⋯
再講個威而鋼（Viagra）的案例
Pfizer藥廠一開始是想研發一種治療心絞痛跟高血壓的藥，這是目標 A。
結果臨床實驗做下去，發現對心臟根本沒啥幫助，反而是受試者回來之後，對於繳回剩餘的藥丸都支支吾吾，甚至不願意還回來。
原來這藥有個「副作用」，就是會讓男性的某個部位硬起來。
輝瑞的高層一開始可能也覺得莫名其妙，但他們馬上意識到這個偏航才是金礦，於是直接轉彎，把副作用變成主作用，這才有了藍色小藥丸的傳奇。如果你堅持目標 A，堅持要治心臟病，這顆藥早就被丟進垃圾桶了。
還有 YouTube，你以為它一開始就是要做影音平台嗎？錯！它最早的設想是一個影音約會網站，口號是 ""Tune In Hook Up""，這是目標 A。
結果根本沒人要在上面上傳自介影片找對象，反而是有人上傳了大象在動物園的影片，大家覺得好玩就開始亂傳生活影片。
創辦人一看，苗頭不對但又好像對了，直接把約會功能砍掉，變成通用影片平台，後來就被 Google 天價收購了。
所以啦，邏輯真的很簡單：你原本的目標 A，其實只是一個誘餌。它的功能你不要純粹只是當成「為了被實現」，建議把它當成引誘你行動的trigger。
如果沒有那個目標 A，你根本不會踏出家門，你會繼續窩在棉被裡做白日夢。
寶藏很多是藏在你行動後遇到的那些意外裡，藏在那些你看起來像是倒楣事的轉折裡，從來都不在 A 那裡
再來聊聊為什麼我說「先開槍，再瞄準」很重要。
人生就像是發射一枚導彈，而不是在那邊射飛鏢。導彈不是在發射前就設定好完美的飛行軌跡，它是先發射出去，然後依靠感測器不斷偵測誤差，不斷進行負回饋修正，如果你堅持要瞄到 100% 精準才開始，你會陷入分析癱瘓，你會變成那種在起跑線上綁鞋帶綁了三年還沒出發的人。
為什麼？因為你的目標（靶心）是移動的，市場是變動的，你自己也是會變的。
當你花三年瞄準完畢，市場早就變了，AI 都出來了，你的技能都過時了，靶心早就跑到十萬八千里外了，這時候你還在瞄準十年前的靶心，這不是搞笑嗎？
存在主義大師沙特講過一句話：「存在先於本質。」
這句話用在創業跟人生規劃上非常受用。
什麼意思？意思是你必須先「存在」（先開始做，先跳進場），然後在做的過程中，透過你的選擇跟行動，慢慢定義出你的「本質」（你到底是賣電鍋的還是做 PS5 的，你是搞遊戲的還是做 Slack 的）。
你不能坐在家裡空想你的本質，不能在那邊冥想說「我這輩子的使命是什麼」，那是神學家做的事，不是創業者做的事。
你得先跳進水裡，嗆幾口水，才知道你會不會游泳，或者你其實是一條魚？
尼采提出一概念叫Amor Fati（翻譯過來就是熱愛命運）
這不等於逆來順受，它是叫你熱愛發生在你身上的一切，包括那些混亂、那些偏航、那些狗屁倒灶的鳥事。當你原本想做 A 卻被迫去做 B 的時候，不要抱怨，要覺得這就是命運給你的驚喜，擁抱它。這就是一種強者的心態。
所以，你不用瞄到非常精準，大概有個方向就好。因為我可以跟你打包票，中間一定會偏航，一定會偏到其他地方去。至於你會不會再次把它偏回來？這個我也很難說，搞不好你偏出去的地方（C 點）比原本的終點（A 點）更有錢途啊！
好，既然偏航是必然的，甚至可以說是宇宙的真理，那決定輸贏的關鍵是什麼？
不是你的起點，也不是你的終點，在於你的「修正能力」。這是最多成功人士具備的特質，但這種修正能力不是天生的，它要求極高的心理素質和認知技巧，我把它拆解成幾個關鍵點：
首先是「輕裝上陣」，也就是極致的認知卸載，你要能快速轉彎，你的車身就不能太重。
這裡的「重」，是指你的心理負擔和認知負荷。很多鄉民沒辦法轉彎，是因為患了嚴重的沈沒成本謬誤。
他們會想：
「我都讀了四年財金系，不進投行不是很可惜嗎？」
「我都花了一百萬裝潢這間店，現在轉型賣別的不是虧大了？」
「我都追了這個女生三年，現在放棄不是白費了？」
這就是你的裝備太重，你的包袱太重。
你的大腦記憶體被「懊悔」、「面子」、「焦慮」、「別人的眼光」這些雜事佔滿了，你就沒有頻寬去思考轉彎這件事。
有些人轉彎的速度很快，他們能瞬間把情緒和事實剝離（斯多葛學派的特質），你要有辦法去抵擋這些很雜的事情，而且你有辦法瞬間化解掉。
「這條路不通」只是一個數據，是一個冷冰冰的 Fact，不是對你人格的否定，收到了數據，馬上 Delete 負面情緒，進入解決模式，不要在那邊演內心戲。
再來是「轉換力與洞察力」，也就是能不能看見「雜訊」裡的「訊號」。當你從 A 偏到 B 時，普通人看到的是「失敗」，覺得自己很衰，強者看到的是「機遇」，覺得這是老天爺在指路。
這需要極強的洞察能力和想像能力，你要不斷問自己問題：「這個意外的 B，是不是其實比 A 更好？」如果答案是 Yes，你馬上轉彎，不要猶豫。這就是轉化力。
就像歷史上的漢高祖劉邦，他原本的目標 A 是當個好亭長押送犯人去驪山，結果半路人跑了，這是嚴重的偏航，甚至要殺頭的。
他沒有在原地哭，也沒有在那邊寫檢討報告，他馬上轉念：「既然橫豎都是死，不如落草為寇（B）。」
最後莫名其妙變成皇帝（D）。如果他沒有這種瞬間轉化的能力，還在那邊糾結「我一定要完成押送任務」，那歷史上就少了一個大漢王朝，你也看不到現在的這篇文章了。
還有一個很重要的概念叫反脆弱，這是黑天鵝作者Taleb提出來的
脆弱的東西喜歡安穩，一震盪就碎；強固的東西不怕震盪，但也沒好處；
但反脆弱的東西，是會從混亂、壓力和隨機性中獲益的，你的創業計畫如果是線性的，那就是脆弱的；但如果你是準備好隨時偏航的，那你就是反脆弱的。每一次的失敗（偏航），都提供你新的資訊，讓你變得更強。
接著講「速度」，天下武功，唯快不破。這裡要講一個軍事戰略概念叫 OODA Loop（觀察 Observe、調整 Orient、決策 Decide、行動 Act）。誰的 OODA 循環轉得快，誰就贏。
在戰場上，你不需要完美的情報，你需要的是比敵人更快的反應。
商業也是一樣，你要去想的是你要去想中間轉彎的速度你快不快，你變化的速度快不快，你的抉擇的速度快不快，至於你一開始有沒有辦法從起點到你要的目標目的地 A，反而沒那麼重要
甚至，「不轉彎」也是一種選擇，但也需要速度來判斷。
如果是「主動不轉彎」，那是因為我看到了新機會，但我評估後覺得原路更有潛力，所以我選擇堅持，這是定力，是經過大腦計算的。
但如果是「被動不轉彎」，是因為我不知道該怎麼辦，我很害怕改變，所以我只好繼續走這條死路，那這就是待宰的羔羊，是鴕鳥心態。
重點是你做選擇的速度要很快，而不是因為你沒有辦法做選擇，或是因為決策癱瘓而沒辦法做決策。這是不一樣的道理，一個是戰略定力，一個是戰術懶惰。
人生這場遊戲，其實很像量子力學裡的雙縫實驗，那個粒子在被觀測（也就是你採取行動）之前，它是機率雲，它同時存在於所有地方，也就是說它沒有固定的路徑。
你不需要在一開始就畫好地圖，因為地圖是走出來的，不是畫出來的。你看過哪個探險家是先買好地圖才去探險的？如果有地圖，那還叫探險嗎？
從命運的角度來看，這叫遍歷性，這是一個統計學的概念，意思是你必須透過不斷的偏航、嘗試，把自己暴露在各種可能性的「幸運表面積」上。
你走的冤枉路越多（當然要是有效的試錯，不是無腦送頭），你碰到黑天鵝事件（爆紅、發財、遇到貴人）的機率就越高。
你坐在家裡想破頭，幸運表面積是零；你出門亂撞，撞得頭破血流，幸運表面積就是無限大。
你以為你在浪費時間偏航？其實你是在掃描地圖，你在開圖。你以為你做生意失敗了？其實你是在累積參數，你在訓練你這個人工智慧模型。
最高級的智慧，不是預知未來，那個叫算命；
你要學會擁抱不確定性，並且在混亂中找到秩序。
你要練的不是神射手的準度，因為風會變，靶會跑；你要練的是「特種部隊」的應變力，不管被丟到沙漠還是雨林，都能活下來並且完成任務。
所以，別再糾結會不會到終點了，那真的很無聊。那個所謂的終點根本不存在，直到你走到的那一刻，它才存在，它才被坍縮成現實。
那條不斷修正、不斷打臉自己、不斷發現新大陸的過程，本身就是最精彩的終點。"
貼文79_第1串,"（粉絲問題）
白大你好，我是個尚在考取精算師資格的加拿大準精算師。平常看你的分享，連結工作和考試內容，甚感充實，簡直是群魔亂舞的Threads上的唯一清泉
請問白大如何看待儲蓄保險（北美這邊是Par/UL)？一般網絡所見保險業務都是以「保障」來包裝儲蓄險，可是要應對tail risk的話，我想buy term and invest rest似乎是更好的選擇？我嘗試將儲蓄保險與Term life+US treasury/銀行定期比較，得出的結論是如果不是理財紀律極差，就算是投資小白也是後者較優。當然也有富翁以此為避稅工具的考慮，但我在加拿大工作經驗所見，似乎一般人也很熱衷於買儲蓄型的Par產品。你認為他們都是沒有紀律/不懂投資的人嗎？還是我有忽略甚麼儲蓄保險的好處？
問題稍長，如蒙白大賜教，不勝感激🙏
（我的回覆）
哈囉，說賜教不敢
術業有專攻，對於保險精算結構的理解絕對不如你專業，尤其是加拿大的具體法規環境（畢竟我不在那邊生活），所以我這裡就不班門弄斧談法規細節了
不過，關於Buy Term and Invest the Rest（BTIR）大戰儲蓄型保險這個千古難題，我想我可以從行為金融與資產屬性的角度切入，提供一些稍微不同的非典型視角給你參考～
如果一個人是絕對理性的經濟人，BTIR 的期望回報率通常會跑贏儲蓄險
但為什麼 Par/UL 還是賣得這麼好？我想可以從以下三個層面來思考，這或許是你數學模型裡沒算進去的變數：
1. 買的是反人性的服務費，比方你提到的Invest the Rest，在現實世界中最大的 Bug 是絕大多數人根本不會把那個 “Rest” 拿去 Invest，反倒是拿去 Spend
儲蓄險的高昂費用和解約懲罰，對精算師來說是低效率（但對普通人來說，這是一種約束機制）這就像健身房的教練費，你自己練也能長肌肉，為什麼要付錢給教練？因為那筆錢付下去了，你才會強迫自己去執行。
儲蓄險其實是在販賣紀律
對於沒有投資專業的普通人來說，這個產品雖然回報率低，但它確保了20年後這筆錢一定還在（而 BTIR 雖然理論回報高，但往往第 3 年那個 “Rest” 就變成了一台新車或一次旅遊了）
2. 波動率的平滑是昂貴的
精算師看的是長期平均回報，但客戶過的是每一天的日子。
如果在這個禮拜（像最近市場這種波動），你的 Term + ETF 組合可能回檔了 5%，客戶會恐慌、會想賣出。
但 Par 產品（分紅保單）通常有一個機制，保險公司會通過平滑儲備金把市場波動熨平，每年給客戶一個相對穩定的分紅宣告利率。
這在數學上看似是左手換右手，但在心理帳戶上，它提供了一種極高的情緒價值（確定性）很多middle class願意犧牲 2% 的潛在回報，來換取晚上睡得著覺
3. 法律上的資產隔離功能
這一點我不確定加拿大的具體條款，但在許多英美法系國家，保險資產應該都具有獨特的債權人保護功能
如果是 Term + 股票帳戶，一旦個人發生債務糾紛或破產，股票帳戶是會被清算的
但某些結構下的人壽保險現金價值，是可以避開債權人追索的。
對於做生意的小老闆或專業人士來說，這可以用來資產保全（這是 US Treasury 或定存無法提供的法律屏障）
至於你覺得 BTIR 優於儲蓄險，是因為你是用portfolio manager的眼光在追求 Alpha，但大多數普通市民買儲蓄險，其實是用防守型的眼光在追求 Safety 和 Discipline（為人性弱點付出的溢價）
以上是我的一點淺見，畢竟法規層面非敝人專業，沒辦法提供較深入的見解，如有疏漏也懇請先進不吝指正～"
貼文80_第1串,"這幾天因為通勤因素比較少發文，先跟大家說聲歹勢，剛好今天在香港轉機的時候，遇到一件蠻有趣的事情，想說上來跟各位哈拉一下
事情是這樣的，我在機場找了一間餐廳準備要吃飯，正站在旁邊研究menu，旁邊剛好也有一群大陸那邊的遊客也在看
看完之後他們就開始用那種很有穿透力的聲音大喊：「服務員！服務員！」印象中至少喊了三次有吧？
我看那個服務生在忙進忙出，好像沒聽到一樣，完全沒理他們
接下來的發展真的有點超乎我想像，那個服務生忙完之後，竟然直接繞過他們，走過來問我要點什麼
想當然爾旁邊那群大陸客直接炸鍋，很不爽質問我也質問店員說：「服務員，咱們先來的！」
當下我也很尷尬啊，想說我們台灣人在外形象很重要，而且確實也是他們先到的，我很怕被誤會是插隊，就趕快跟服務生說：「欸不好意思，是他們先來的啦～可以先幫他們點，我慢慢看～」
結果那個香港服務生回我的內容大概是說：「他們沒要消費的意思...」
原來…剛剛不是沒聽到，是選擇性聽不到...
後來因為我手上剛好拿著我們那本綠色的護照，再加上我一開口那個台灣腔，那個香港店員馬上就知道我是台灣來的，態度整個很親切
（續
/"
貼文80_第2串,"雖然我在香港轉機這麼多次，但這種差別待遇，還真的是第一次遇到，蠻有意思的
Btw我當下只想趕快用餐完儘速離開，避免尷尬（因為大陸旅客強烈認為我是故意插隊…這完全是誤會一場）
/"
貼文81_第1串,"（聊聊「民間神人」這檔事）
昨天跟朋友在那邊瞎聊，他們覺得投資要績效好一定要是Finance相關科系畢業，或是待過Goldman這種Tier 1的頂尖投行
這觀念我需要稍微修正一下…
我必須說實話，台灣民間真的臥虎藏龍，很多散戶的Sense可能比一些Junior分析師還敏銳
當然啦，受過正統訓練的人比較有Systematic的架構，比較不容易犯低級錯誤，但這不代表不會翻車
（比方說LTCM）
聰明人也會有聰明人的盲點，有時候過度自信反而忽視了極端狀況下的Tail risk
反觀我看過很多民間高手，真的是靠實戰累積出來的Street smarts，那個績效拿出來真的會嚇死人
Ex有些當年的少年股神，經過幾次多空循環沒被抬出場，現在都活成「中年股神」了XD
投資這件事，最後比的不是學歷，是心態跟資源
最無敵的其實是那種本業超強、Cash flow源源不絕的人
這種人有無限子彈當後援，大跌時敢進場Pick up value，完全不Care短期帳面波動
只要不亂開槓桿太短視，這種人用時間換空間的打法，活下來並且爆賺基本上是八九不離十～"
貼文82_第1串,"最近趁著搭飛機的空檔，又翻了翻蔡瀾先生的書
說真的，這老爺子的功力實在不簡單…
明明書頁裡連張食物照片都沒有，但光靠那些精煉的文字，就能把燒鵝的脆皮、煲湯的鮮甜，直接在你腦海裡顯影，
這大概是一種對生活通透的人才寫得出這種品味吧
看他描繪食物，彷彿能聞到鍋氣，那種畫面感強烈到讓人忍不住在三萬英呎高空猛吞口水
這種能把「饞」寫成一種文學氣質的境界，真的只有蔡瀾做得到，太讓人佩服了"
貼文83_第1串,"之前看到有個大學教授上節目講一個觀點，他說一個國家公務員的比例，跟那個國家的民族性有很大的關係，還特別點出如果一個國家的人特愛面子，公務員比例通常就會很高
剛開始聽到的時候心裡想說：「靠，這什麼鬼？這兩件事有什麼狗屁相關？」
但我後來回去稍微沈澱了一下，再加上最近在讀《國家為什麼會失敗》這本書，讓我有了一些些想法，發現這邏輯還真的通，而且背後有一種很深層的社會心理學在運作
講白了，這就是一種刻在血液裡的文化基因，不管是台灣還是其他華人社會，我們普遍都有一種很強烈的人設包袱（就是那個死要面子、講究排場，而且非常「輸不起」的基因）
相比之下，歐美那邊的文化基因好像就比較沒在care別人的眼光，他們比較重視個人主義，覺得老子爽就好，雖然個案是有差異的，但就整體來說，大概是這麼一回事～
設想一下生活在愛面子的社會氛圍下，一個人的人生KPI早就被長輩、被社會定好了
你差不多快三十歲的時候，如果去相親或是過年回家，長輩劈頭問的一定是：「買房子了沒？」、「開什麼車？」、「在哪裡高就？」
這種環境逼得你必須在很短的時間內拿出世俗認定的成功證明
這時候如果你跟丈母娘說：「喔，我還在租房子，我在車庫搞創業，雖然現在沒收入但未來很有希望。」我看對方臉大概直接垮下來，覺得你是個不務正業的魯蛇
但在歐美，這種在車庫搞個三五年、吃泡麵創業的故事，是被視為英雄旅程的開端，大家對「職業」沒有那麼強烈的貴賤之分，可是在東方社會，因為你背負著那種三十歲要五子登科的壓力，這直接導致你的風險承受度變得極低。
你要繳房貸、你要維持那個光鮮亮麗的樣子，你就絕對不能斷糧，所以你的容錯空間基本上是零
這就連結到為什麼大家搶著考公務員，還有為什麼我們創業風氣相對保守
這其實要回溯到我們那個幾千年的科舉制度遺毒，以前古時候說「萬般皆下品，唯有讀書高」，這句話我認為有點禍害千年XD(它那個讀書指的不是做學問，是花時間考取功名)
在古代，士農工商，商人地位最低，只有當官才有面子、才有權力、才能光宗耀祖，這種觀念一代傳一代，傳到現在變成了什麼？變成了爸媽眼中的鐵飯碗
現在的高普考其實就是現代版的科舉，你會發現，華人父母很難忍受小孩去冒險創業，因為創業的不確定性太高，會讓父母在親戚面前抬不起頭
相反的，如果你考上公務員，雖然發不了大財，但那個「穩」字，加上社會賦予公務員那種正經八百的地位，剛好完美符合了愛面子文化裡需要的「安全感」跟「體面」
所以大家寧可把大把青春耗在補習班背法條，也不願意去市場上殺出一條血路
這對國家經濟有什麼影響？這影響可大了
當一個國家百分之七八十的菁英腦袋，都在想著如何尋求安穩、如何趕快買房揹房貸來證明自己，那誰來做破壞式創新？誰來搞那些高風險高報酬的黑科技？大家都變得很保守，因為背著房貸、顧著面子，沒人敢犯錯。
反觀那些能容許你在車庫瞎搞、容許你三十幾歲還一事無成但懷抱夢想的文化，反而能孕育出那些改變世界的怪才。
所以說穿了，那個教授也許講的真沒錯～
公務員比例高，某種程度上代表這個社會普遍缺乏安全感，大家都想躲進體制的保護傘下取暖，這是整個民族為了維持「門面」集體犧牲掉「冒險精神」的代價
如果不打破這種覺得創業就是不務正業、覺得當官才是正途的舊思維，那我們大概就只能一直在代工跟微利裡面打轉，很難真的搞出什麼驚天動地的新創產業～"
貼文84_第1串,"（聊聊「該死的決策癱瘓」）
其實講白了，這東西在戰略博弈論裡面，就是一個典型的在不完全訊息或是訊息不對稱的賽局裡，玩家因為試圖尋找一個完美的納許均衡，結果搞到自己當機的狀況
這種感覺大家一定都有過吧？比如說你現在三十幾歲了，站在人生的十字路口，左邊是繼續待在那個雖然薪水不錯但讓你每天想死、完全沒時間陪家人的老工作，右邊是一條看似充滿希望但充滿不確定性的新跑道，可能是換產業、創業，或是乾脆去國外闖一闖
然後你在那邊卡了半天，真的就是卡了半天，甚至卡了半年，每天在那邊內耗，心裡想著「如果我走了，那邊真的會更好嗎？」「如果我留下來，我是不是就廢了？」整天在那邊演內心戲，搞得自己精神衰弱，這不就是標準的決策癱瘓嗎？XD
我們先從經濟學的視角來拆解這種情況
在個體經濟學裡面，我們都假設人是理性的，我們會追求效用極大化，但問題來了，現實世界跟教科書最大的差別就在於訊息不對稱和不確定性，在教科書裡，你擁有上帝視角，你知道所有選項的報酬率，但在真實人生裡，你是處在一個戰爭迷霧裡面啊！你根本看不清楚前面那條路是懸崖還是康莊大道
這時候，你的大腦為了保護你，就會啟動防禦機制，這就是為什麼我們會恐懼
這種恐懼來自於我們想要在「事前」就獲得「事後」才能知道的確定性，這根本是不可能的任務嘛！
你想想看，誰有辦法在還沒結婚前就百分之百確定這個人幾十年後不會變心？誰有辦法在還沒離職前就百分之百確定下一間公司不是火坑？沒有嘛！
所以很多人就在那邊等，想說「再看看」、「再觀察一下」，看能不能等到局勢明朗一點再做決定，
我要跟各位講一個很殘酷的博弈論觀點：時間本身就是成本。在選擇權定價理論裡面，有一個東西叫做Theta，就是時間價值，你的猶豫不決，其實是在消耗你的時間價值。
你以為你在「等待更好的時機」，但其實你只是在讓你的籌碼隨著時間流逝而貶值，如果你在那邊卡了三年才決定不換工作，那你這三年在那邊糾結的痛苦成本，也就是你的精神內耗，加上你可能錯過的其他機會成本，這些都是實打實的虧損啊！
這就講到我常說的一個哲學觀點，其實有點像是基因決定論或者宿命論的變體
就是說，有時候你根本不用想那麼多，因為「你會成為你該成為的樣子」（段永平說過這句話，我一直記在心底XD)
這句話你仔細品，你的基因、你的性格、你的風險偏好，其實早就寫在你的代碼裡了，比如說你天生就是一個喜歡冒險、坐不住的人，那叫你去公家機關坐一輩子櫃台，就算那是一個「理性計算」下最穩定的最優解，你也做不住啊！你遲早會爆掉的。
反過來說，如果你天生就是追求安穩、看到波動就睡不著的人，那叫你去全職交易或創業，你大概沒兩年就心肌梗塞了
所以，這時候的決策，其實不是在算數學題，某種程度上你是在自我溝通，然後「認清你自己」。
你總不可能選擇一些跟你本身基因不相配的決策嘛，對吧？如果你順著你的本能走，通常那個決策即便不是財務上的最優解，也會是你人生滿意度的局部最優解。
這時候肯定有人會問：「啊我就真的不知道怎麼選啊，我不做決定不行嗎？」
嘿，這裡我要引用一個戰略上的觀點：不做決定，本身就是一個決定。
而且這個決定通常是最爛的，除非（注意喔，除非）你這個「不做決定」是經過深思熟慮後的「戰略性等待」
比方說，你在投資的時候，現在市場渾沌不明，多空交戰，你看不懂，所以你選擇空手觀望
這時候你的「不做操作」，是為了保留現金流動性，是為了在局勢明朗時有子彈可以打，這是主動的、有意識的決策，這沒毛病～
但如果你是因為「害怕虧損」、「害怕做錯」，然後在那邊抱著爛股票不賣，或者在那邊看著機會流口水不敢進場，那這就是被動的癱瘓
如果是後面這種情況，也就是你單純是因為恐懼、因為看不清未來的不確定性而卡住，那我會很直白的建議你：你就往前衝吧！
反正兩條路，大概率就是50/50的機會～
這就像是在德州撲克裡面，當你的底牌跟對手差不多，且賠率合適的時候，你就是要打得激進一點
人生很多時候是一個重複賽局，但某些關鍵節點，比如升學、結婚、第一份工作，它看起來像是一次性賽局
這時候你如果不下注，你就永遠沒機會翻牌，反正往前走，有一條路可能會成功，另一條路可能結果沒那麼好，但不管怎樣，你都打破了那個僵局
這裡我要帶入一個很重要的觀念，叫做「不要以結果論英雄」，我們常常犯一個錯誤，就是用結果來回推當初的決策對不對
比如說，你當年為了夢想辭職去創業，結果三年後失敗了，負債累累
這時候隔壁鄰居阿姨可能就會笑你：「你看吧，當初就叫你乖乖待在大公司，不聽老人言。」然後你自己也開始後悔，覺得當初自己腦子進水，錯！大錯特錯！
如果你當初在做那個決策的當下，你是基於你當時掌握的資訊、你的熱情、你對市場的判斷，認為這是一個期望值為正的決策，那你當時的決定就是「對」的
結果不好，那是因為「機率」和「運氣」站在了你的對立面，或者是系統性風險把你掃出去了，而不是你決策邏輯有問題
同樣的，如果你閉著眼睛隨便買一支股票，結果隔天漲停板，你也不用太高興，覺得自己是股神。那純粹是你矇到的，那是運氣，不是實力
在不確定性下做決策，我們能控制的只有「決策過程的品質」，而不是「結果」。
這就像我們在做投資、以及在訊息不對稱的環境下，你必須要控制好你的「賭注」和「籌碼」，這就是資金控管的概念。
那麼，對應到人生上，什麼叫控制籌碼？
就是說，你可以去冒險，可以去換工作，可以去嘗試新的跑道，但你要給自己留一條後路，或者說，你要確保這個失敗不會讓你爆倉
比如說你想全職寫作，那你能不能先不要辭職，利用下班時間寫？或者你存夠了一年的生活費再辭職？這就是在不確定性下，利用避險思維來降低你的下檔風險。只要你不會死，你就有翻盤的機會。就像Taleb說的，要有反脆弱性
再舉個大家最常遇到的例子：結婚
這絕對是人生最大的訊息不對稱賽局。
你在交往的時候，雙方都在展示最好的一面，這就是典型的訊號傳遞。
等到結婚後，那個訊號消失了，真實的本性露出來了，這時候很多人就崩潰了，想說「天啊我怎麼會嫁/娶這個人」…
然後就開始在「離婚」跟「湊合著過」之間決策癱瘓。這時候如果你用經濟學的角度看，如果你已經發現這是一個負期望值的賽局，而且看不到改善的可能，那沈沒成本（也就是你投入的青春和感情）是不應該納入決策考量的
理性的做法是即時停損。但在真實人生中，因為我們有感情、有社會壓力、有小孩（這又是另一個巨大的變數），所以我們很難做到完全理性。
這時候，回到我前面講的，順著你的感覺走。
如果你的痛苦已經大於了改變帶來的恐懼，那就動手吧。如果不做決定本身是為了給彼此一個緩衝期，那是策略；如果是因為怕以後找不到更好的，那是恐懼。
所以說啦，面對人生這種充滿雜訊的系統，你想要等到看清楚再走，那你這輩子大概哪都去不了。
因為等你把所有資訊都收集齊全的時候，機會早就沒了，或者你也老了。這就像你在戰場上，你要等到確認敵人的一兵一卒位置才開槍嗎？那你早被打成蜂窩了。有時候，模糊的正確遠比精確的錯誤來得好。
你大概知道方向是對的，比如這個行業是朝陽產業，或者這個人雖然有點小缺點但大方向跟你是合拍的，那就夠了，剩下的就是邊走邊修正。
這其實也牽涉到個體心理學的一個層面，就是我們太害怕後悔。
我們總覺得如果選錯了路，人生就毀了。
但我跟你們講，人生這條路很長，它不是線性的，它是非線性的。你現在走錯一步，說不定在兩年後這一步反而成為你某個成功的養分。就像賈伯斯說的，你不能預先串聯起人生所有的點滴，你只能在回頭看的時候把這一切串起來。
所以，當下那個決策好壞，真的很難說。
你以為你是因為選了A錯過了B而失敗，搞不好你選了B會死得更慘，誰知道呢？哈哈！
而且，還有一個很弔詭的事情是，當你面臨兩個選擇，而你真的選不出來的時候，這通常代表這兩個選擇的價值其實是差不多的
你想想看，如果一個是給你一千萬，一個是給你一巴掌，你會選不出來嗎？當然秒選一千萬啊！你會猶豫，就是因為A有A的好（比如錢多但累），B有B的好（比如錢少但閒），這兩者在你的效用函數裡分數太接近了。
既然分數這麼接近，那你選哪一個其實差別根本沒你想的那麼大！那你還在那邊糾結個屁啊？丟個硬幣決定都比你在那邊內耗來得划算，至少省下了時間成本，對吧？
所以最後我想講的就是，不要把人生決策看得太過沈重。我們都只是在玩一個無限賽局，這次決策錯了，只要沒死，就是學個經驗，下次調整參數再來過就好。那些整天在那邊想著要「一擊必中」、要「完美選擇」的人，最後往往都是最痛苦的。
你要學會像一個高頻交易員一樣，接受市場的不確定性，接受虧損是交易的一部分，然後在機率對你有利的時候果斷下注
如果輸了，就笑一笑說：「靠，這把運氣不好。」如果贏了，也不要覺得自己無敵，就淡淡地說：「運氣不錯，剛好矇到。」
這種心態，至少能在這種混沌世界過的稍微舒坦一些吧～
你不需要當先知，你只需要當一個勇敢的玩家。
反正路是人走出來的，你不走，路就在那邊長雜草；你走了，就算是一條爛路，你也至少看過風景了，我說的沒錯吧？
人生短短幾十年，與其在那邊擔心明天會不會下雨，不如先想好萬一下雨我要去哪裡躲雨，或者是乾脆就在雨中跳舞也挺浪漫的啊！
重點是你的人還在場上，你還有籌碼，這才是最重要的。不要因為害怕輸，就連牌桌都不敢上，你越是害怕自己變成輸家，結果你最後真的成為輸家…
大家共勉之啦！希望這些戰略博弈的觀點能幫大家治好那個該死的選擇困難症，該衝就衝，該斷就斷，別在那邊婆婆媽媽的，人生很貴的，浪費不起啊！"
貼文85_第1串,"剛剛看到台積電創新高，我就想到之前某位仁兄，從4月就在那邊喊什麼川普關稅要來了、這下慘了，前幾個月看到台積去美國設廠，又在那邊靠北說賴神賣台、一副台積電快亡了的樣子
現在看他安靜得跟什麼一樣，真的有夠趣味～
說真的啦，哪來這麼多騷操作啊？
你如果真的看得懂這家公司的價值，你就乖乖拿著就好，整天在那邊追高殺低到底是在忙什麼？XD
如果你整天只想做短線投機，心情隨著那些短期雜訊起起伏伏，一下擔心關稅一下擔心政治，結果呢？
時間一到，股價咻一下上去，你根本拉不住，完全被甩下車
然後你又要開始在那邊猜「利空是不是出盡了？」、「現在是不是高點要跑了？」、「還是要重新追回來？」。
你不累我都替你覺得累，你幹嘛不去抓一個最簡單、最長期的本質變量就好？
台積電的技術護城河就在那裡啊
你每次都去抓那些市場雜訊來做決策，又要判斷進場又要判斷出場，說實在的啦，靠這種做波段搞一輩子，也很難賺到什麼大錢啦～XD"
貼文86_第1串,"XDD蠻好笑的其實…
esmondyouds
01/04/26
Replying to @chao.xie.3
馬杜羅為什麼之前這麼自信，因為刷了太多抖音。越刷越有信心。"
貼文87_第1串,"假設在同一個產業裡，有兩家性質相似的公司，一個是產業龍頭 A（比如台積電），另一個是二線廠小 a（比如聯電或是其他更小的晶圓廠）
經過你的研究，你發現 A 的技術護城河深不見底，良率高、定價權強
而小 a 只能撿 A 吃剩下的訂單，景氣不好時還會率先被砍單
這時候，你的決策會是什麼？
如果你為了所謂的分散風險，你可能會想：「哎呀，為了安全起見，我 A 買一點，小 a 也買一點好了，這樣好像比較穩？」
錯了，這在大邏輯上完全講不通
既然你都已經研究透徹，確認 A 的競爭優勢大於小 a，那你買小 a 的那一刻起，你就在主動稀釋你的潛在報酬
你買小 a 的資金，其實是從本來可以買 A 的資金裡挪出來的
這就像你明明知道哪匹馬是赤兔馬，你卻硬要把賭金分一部分去壓在旁邊那匹跛腳馬身上，只因為你怕赤兔馬突然跌倒？
如果赤兔馬（A）都跌倒了，那匹跛腳馬（小 a）通常只會死得更難看
這就是為什麼我認為，在你看得懂的前提下，過度分散其實是在增加風險（增加你平庸化的風險）
/"
貼文88_第1串,"其他用衍生品對沖的部分，我就不回答了，舊文都有自己去翻吧～
/"
貼文89_第1串,"必看！
vincentyucw
12/31/25
經營人生如經營公司：用資產負債表重寫時間管理
​
你可能經歷過這種悖論：行事曆塞滿、待辦永遠追不完，一天工作十二小時，卻仍覺得進展緩慢、甚至內心空虛。你換了方法論、優化流程、番茄鐘與子彈筆記輪番上陣，但到了週末依然覺得自己不夠努力、不夠有效率。
​
很多人把這歸因成自律不夠。但其實更深層的問題是：我們錯把時間當成了生產的核心，卻忽略真正決定產出的是能量、注意力與資源配置。
​
試想如果你昨晚徹夜未眠導致精神萎靡，今天下午就算擠出三小時空檔可能也毫無價值。換句話說，癥結點並非時間不夠，而是你沒有足夠的能量 × 注意力去創造價值。
​
但是只把討論停在「注意力管理」，其實仍然只是在處理效率問題。絕大部分這類建議都侷限在流程效率的改善，就像認為人是一台穩定的機器，永遠可以靠更好的輸入換取更好的輸出。但現實是機器會過熱、零件會老化、輸出會跳電。這是效率以外的問題。
​
我寫這篇文章的緣起，是因為上週曼報 Pro 的線下聚會中，有位朋友提出了時間管理問題。我回家後整理想法與過往的彎路，發現用「人生資產負債表」切入會更清楚——時間管理是管現金流，人生管理是管資產負債表。
​
時間管理可以教你準時交件，但人生資產負債表教你怎麼思考投資回報。當你開始以「資源配置」而非「時間填充」的眼光看待生活，你會發現許多看似勤奮的行為，在這張報表上其實是慘不忍睹的虧損。
​
這篇文章不打算教你怎麼更有效率（這個領域的專家夠多了），而是鼓勵你重新思考：你到底在怎麼經營這家名為「你自己」的公司。
​
▉ 時間不是問題，能量與認知才是核心資產
​
在這套人生資產負債表中，資產不只包含銀行存款或股票類的財富，還有「持續產出能量與選擇權」的能力。它可以分成三層：
​
1. 產能資產：你的基礎運轉能力
​
包括睡眠、體能、心理韌性、能夠深度工作的環境。它決定你的「日產量上限」。
​
這裡最常見迷思是把產能當成可伸縮的橡皮筋。例如有些人對於高工時有著病態的熱愛、把睡眠當作一種成本。以為只要意志力夠強、咖啡因夠多，就能在產能不足時強行產出。
​
但事實上缺乏產能不是可以短期補回的缺口。這種高強度的精神壓力、缺乏睡眠，就像是讓設備超載運轉。而長期焦慮、慢性發炎、情緒透支，則會永久壓低你的產能上限。
​
因此休息、運動與高品質復原都不該被視為浪費時間，它們是必要的維修性資本支出。把這些當作純成本的人，其實是在挪用維修預算來充當短期淨利，等於用未來潛能去支付當下壓力。
​
更重要的是高品質的睡眠與放空，本身就是研發與升級費用。深度睡眠期間大腦會進行神經突觸修剪與資訊重組，也是系統迭代最關鍵的時刻。當你挪用這筆預算，就是冒著同時失去了體力與創新能力的風險。
​
2. 生產力資產：你的能量轉換率
​
這層資產包括技能、思考系統與知識庫，它決定了你的「能量如何被放大」。
​
常見的錯誤信念是以為勤奮可以彌補系統的缺失。有些人每天忙著應付瑣事只換來微小成果，就像一家公司高投入低產出，資產週轉率極低。
​
真正有經驗的人會把一部分能量與注意力當成研發成本，投入系統與流程的改進。短期看起來像沒產出，但長期能提升你的 ROIC（能量投資報酬率）。
​
如果你覺得越做越累，原因往往不是你不夠努力，更可能是你一直用勞力密集型的方式營運，卻沒有升級成資本密集型的系統。
​
3. 選擇權資產：你的自由與緩衝能力
​
這包含信譽、人際資本、可動用資金與時間緩衝，它決定了你的反脆弱能力。
​
時間管理狂人最容易犯的錯，就是把每一分鐘都排滿，把空白視為浪費。但在資產負債表上，完全沒有緩衝只意味著脆弱。
​
真正的選擇權，是「不做的權利」。
​
當外界丟給你一個高壓但低價值的爛案子時，你能夠沒有壓力地拒絕，因為你有緩衝，而不需要賣掉健康、信譽或尊嚴來應付。
​
在你開始精算之前，不妨先問問自己，你是哪種資產失衡的人？
* 明明技能強，卻總覺得時間不夠用（產能過度折舊）？
* 還是每天忙碌但成果乏善可成（生產力效率低落）？
* 或是有產能卻被瑣事推著跑（選擇權資產貧乏）？
​
弄清楚資產哪裡失衡，才知道該補哪個洞。
​
▉ 承諾是債務，而忙碌是利息
​
很多人在時間管理上出現問題，並不一定是他們真的很「忙」（這是結果），反而他們太容易「答應」（這是因）。
​
一次答應，一次負債。
​
答應這個會、那個專案、那場飯局、那句「晚點我會做」。你其實是在把未來的注意力、體力與情緒安全，賣給別人、賣給面子、或賣給無謂的焦慮。
​
負債本身是中性的，關鍵在於你借這筆債換到了什麼？
* 如果你用它換得能複利增長的資產，它會帶來正向成長；
* 如果你換來的只是消耗品（面子、無效社交、碎片資訊），你就成了窮忙者。
​
更糟的是未履行的承諾會持續消耗你的背景注意力——那就是利息。
​
當你背著 50 個待辦事項，光是想到它們就足以吃掉你用於深度思考的燃料。這種利息像非線性的高利貸：越欠越焦慮、越焦慮越低效、越低效欠越多。
​
所以管理這類債務的第一步並非還錢，而是債務重組：止付那些對資產增長無貢獻的情緒性承諾，不讓低價值負債侵蝕你的核心利潤。
​
但也別因噎廢食。有些人聽到「承諾＝負債」就開始極端拒絕：不答應、不承諾、不參與。這樣乍看人生確實比較不痛苦，但也比較不會長大。因為他把自己經營成一張零槓桿、低成長的資產負債表。
​
真正的高手懂得使用戰略性負債：用適當期長的壓力融資，去換取能提升產能或信用的成長機會。平庸者借債只是維持現狀；高手借債是為了改變結構、升級系統。
​
至於什麼叫「好的負債」、什麼時候會變成壓垮駱駝的最後一根稻草，我會在後面討論槓桿的段落中，用三個必要條件講清楚。
​
▉ 營運風險：資不抵債與期限錯配？
​
那什麼原因會讓「你自己」這家公司破產？
​
第一種就是資不抵債（負債 > 資產）。這是比較容易理解的風險。
​
你答應太多事，換來的資源卻沒投入能增厚資產的地方，你的人生就不會有保留盈餘，因為所有能量連利息都不夠付。
​
而一張漂亮的資產負債表也不保證獲利。如果你有強韌的體魄和高超的技能，卻用能量投入在低價值市場或夕陽產業，你的公司仍會停滯。
​
我們應該像企業做產品 × 市場分析一樣檢視自己：你目前的能量配置，是否對應到最高回報的機會？而且記得永遠要往前看——該思考的是兩到三年的可能性與格局，而不單是眼前的機會。
​
如果技能無法轉化為複利資產，那勤奮只是把一間註定虧損的工廠更快帶入深淵。
​
第二種是經常會被忽略的是期限錯配與流動性危機（Liquidity Crisis），會計上稱之為「黑字倒閉」，用短期負債硬扛長期資產。
​
用生活版的方式來解釋，就像你需要深度投入的長期資產（研究、創業、新技能、關係），卻被一堆短期交付（會議、邀約、救火、例行任務）消耗殆盡。結果兩邊都做不好：長期資產荒廢、短期債務壓力爆表。
​
這種情況往往伴隨著極低的精神剩餘。當你的日程表 100% 滿載，一旦發生意外（身體警報、家庭緊急狀況、關係衝突），你的流動性瞬間枯竭，公司只能宣布倒閉。
​
我大學時期也是行事曆優化強迫症患者、深夜用疲勞感證明努力的人：每學期 25–30 學分（塞滿經濟系與會計系必修課）、避險基金實習每週 8–10 小時、跟教授做大專生專題研究計劃…等。
​
那時候的我表面看起來高效，實際上是在用每天的精神剩餘（極短期流動資產），去支付「學位與經驗」（超長期資產）。一遇到大型外部風險（生病、失戀），整個系統就會崩盤。
​
雖然我很幸運的挺過來了（倖存者偏差），但中間有段時間真的「忙得太理直氣壯」，甚至沒時間問自己到底在忙什麼。那種狀態像走高空鋼索，沒有抓環只靠盲目自信。
​
所以這篇文章絕對不是我站在高處叫你優化人生，而是用分享過往經驗，避免你承擔過高的風險。也許你是這家公司唯一的股東與 CEO，那我希望你至少學會如何當個像樣的 CEO。
​
▉ 善用槓桿，而不是被槓桿壓垮
​
前面我提到戰略性負債：好的承諾不是讓你更忙，而是讓你換到更會生利息的資產。槓桿的本質，是用可接受的融資成本，去換更大的產能釋放。
​
一個常見的例子就是當你有機會被晉升為管理者，或是引入一套複雜的 AI Agent 自動化系統。
​
這些其實都是在為資產負債表加槓桿。因為你的負債端會立刻上升：你必須承諾未來一部分高品質注意力做協作、溝通與維護——這就是融資成本。目標是借外部資源清掉低附加價值、耗費注意力的重複活動，釋放核心產能。
​
如果這些外部資源（團隊或 AI）能穩定產出，讓你原本80%的瑣事被清空，把注意力押回那20%真正會改變局面的決策上。那麼這筆交易的淨現值（NPV）就是正的。你的資產規模變大，同時「單位能量產出」更是成倍增長。
​
但同時你也面對著不小的失敗風險。它反映在管理成本可能比想像中高得多：你原本以為 AI 能幫你寫 code，結果你花了更多時間在 debug 和餵資料；你原本以為授權能省事，結果你花在處理人際衝突與重做的能量，遠超過你自己動手做的消耗。
​
在財報上看，這變成是一筆淨回報為負的交易。你的負債（管理負債）吃掉了所有的利潤，甚至開始侵蝕你的原有資產（健康與情緒資產）。你以為你在加槓桿擴張，其實你只是買了一堆拖累營運、產生赤字的垃圾資產。
​
所以戰略性槓桿成功的條件有三：
* 要有緩衝：你必須撐得過學習與磨合階段的赤字期，否則你還沒看到槓桿效果就先流動性枯竭。
* 要有投資計畫：槓桿帶來的壓力要用來升級系統，而不是維持舊流程與「我很忙」的人設。
* 要有止損規則：當利息開始侵蝕核心資產（健康、關係、判斷力），就要介入調整，甚至含淚砍掉。
​
槓桿的本質是交換。別為了換取虛榮的管理規模，而賣掉了你最珍貴的深度專注力與能量。
​
▉ 如何應用這些概念到實際生活
​
很多人會說：「這聽起來要大規模重整人生才行。」
​
每個人都有適合自己的一套做法。多數人只需在現有架構下做幾個小而明確的資本配置決策就夠了。以下是我自己的一些操作方法：
​
* 產能資產：每週至少安排 2–3 次中低強度運動（我現在可以加碼到6-7天）。把它當作維修性資本支出，而非意志力的表演。找到固定且高品質的睡眠節奏，往往比學AI工具更能有效提高產出。
* 生產力資產：在週末花一小段時間反思工作流程與模式，而不是每天追著瑣事跑。抓住高投入產出比的任務。我個人不喜歡列出詳細的計劃，但需要掌握整體大方向的感受，再隨著每天的精神狀況進行調整。
* 選擇權資產：不填滿每一個空檔，設定一個邀約的最低門檻（通常一週3到4次是我的最佳比例）。刻意累積信譽資本，因為信譽越高，我的選擇權越大。
* 好槓桿策略：引進有潛力、能提升你產能的合作，比如 mentorship 或能自動化的系統。即便前期成本較高，只要能長期持續並穩定交付，那就是用別人的時間來創造更高的價值。
* 避免負槓桿陷阱：別為了看起來有槓桿而增加複雜度，結果反倒因為維護、溝通耗盡我的產能。若進展不順，及時止損不硬撐。
* 設立「承諾前評估機制」：每次有人要我答應一件事，先問三個問題——這件事如果我不做，會發生什麼嚴重後果？（是義務還是面子？）、這件事能幫我累積什麼資產？（技能？信譽？還是只有累？）、這件事的實際成本是多少？（時間？精力？情緒耗損？）。
​
▉ 邊界與歸宿：你才是這家公司的唯一股東
​
寫到這裡，我也必須誠實地說：這套「人生資產負債表」並不適合所有人。
​
如果你正處於極端的生存模式（失業、病痛或財務壓力），你需要的是先穩住現金流，而不是優化結構；如果你天生追求活在當下，這套框架對你而言可能是種窒息。對你來說，「不計算」本身就是最高級的選擇權資產。
​
更重要的是，我們必須警惕工具理性的過度膨脹。當你開始把所有關係都看成人際資本、把所有休息都看成維修支出，你雖然活成了一台完美運轉的機器，卻失去了最核心的人性。
​
有時候我們就是想做一些資產負債表上很蠢的事——為了愛、為了義氣、為了一個不切實際的夢、為了證明我與別人不同。而這些不可量化的選擇，也許才是人生最精彩的部分。
​
所以這套報表真正的價值，是讓你有餘裕去做那些「即使不給錢、沒回報你也想做」的事。（如果你還不知道自己真的想做的是什麼，這或許是你更該認真面對的問題）
​
我也常問自己：如果我真的經營出一張完美的資產負債表：產能充沛、系統高效、選擇權豐富、正向槓桿。那然後呢？
​
一家只會盈餘再投資、卻從不配息的公司，本質上是一家沒有靈魂的空殼公司（如果沒有一個二級市場可以提供流動性的話）。假設你資產雄厚卻感到枯竭，那極可能是因為你長期拒絕分紅給自己。
​
我會建議放棄這種苦行僧思維。你的分紅可以很簡單：是那杯慢慢喝的咖啡、是與老友的深夜小酌、或是更加努力地投身在你有興趣的專案上。這些分紅是你向自己的努力買單，將回報轉換成情緒盈餘。沒有配息的成功是一場數據上的自嗨，隨時會因為失去意義感而面臨經營權危機。
​
最高級的資本配置，是知道什麼時候該停止配置。我們不必再透過產出來證明自己值得活著。當你想做一件不划算但很想做的事時，請無視這張表，去做就對了。
​
把這些問題想清楚，你會發現一件諷刺但解脫的事：
​
你不需要更強的自律。你需要更清醒的資本配置、學會分紅、學會說不、學會留一些做蠢事的空間給自己。
​
這才是真正的時間管理。"
貼文90_第1串,"（淺談黃金短期波動）
看著黃金價格上沖下洗，很多朋友心裡總是七上八下，總覺得是不是基本面出了什麼大問題
大家在螢幕上看到的那個跳動價格，很多時候跟實體的供需根本沒太大關係~
何以？
現在的黃金定價權，短期內其實是掌握在期貨和選擇權手裡的（期貨因為槓桿高、反應快，往往是價格的第一個trigger ，然後選擇權市場裡的Market Makers幫忙火上加油）
比方當市場情緒一激動，散戶或是那些避險基金瘋狂買入看漲期權的時候，作為對手方的造市商，手裡就堆了一堆空單~
這些造市商沒在跟你賭方向，他們為了控制風險，必須讓手裡的部位保持中性，這就觸發了一個很要命的機制（Gamma 效應）
簡單講，就是當金價漲的時候，造市商為了避險，模型會強迫他們在期貨市場追買更多黃金～
反過來，金價一跌，他們又得跟著殺跌，這種機械式的追漲殺跌，就是為什麼你會看到金價有時候會莫名其妙出現那種直上直下的極端行情，背後其實是機器人在互相踩踏
那這個波動是怎麼燒到現貨的？
這就要講到期現貨之間的傳導管道(EFP期轉現機制)
當期貨價格被算法和造市商炒得太高，跟現貨拉開了價差，那些搞套利的機構就會進場，買現貨、賣期貨，把這個利潤鎖住
這股力量，硬生生的把期貨的波動搬運到了現貨市場，所以，你看到的現貨價格劇烈波動，很多時候只是衍生品市場情緒宣洩的結果
但也因為這樣，我一直強調，對於這種由微觀市場結構引發的短期震盪，你心裡要有個底，但別太認真，
為什麼？因為這些波動，說到底只是流動性博弈，它改變不了真正的大局
這就回到了我們真正該關心的宏觀底層邏輯（大國博弈）現在全球央行，特別是中國陣營，他們買黃金圖的才不是那點差價，人家那是戰略性的去美元化，是為了國家資產的安全
這種買盤是剛性的，是對價格不敏感的，不管華爾街的期貨怎麼亂殺，只要價格跌到一個份上，這些實實在在的大鯨魚就會進場接走
這是一個長達數十年的趨勢，根本不會被幾天的 K 線圖給動搖
所以，回到操作層面，既然我們很難去跟那些毫秒級的高頻算法博弈短線，倒不如換個思路
你可以用一種博弈論的視角來看待這件事：把那些因為 Gamma 效應或流動性抽離導致的暴跌，看作是市場送給你的噪音
當所有人都被價格嚇得亂砍倉的時候，往往就是價格偏離價值的極致
這時候，你的決策邏輯應該很簡單，既然長線的地緣政治邏輯沒變，央行還在後面撐著，那這種短期的價格錯殺，其實就是我們做長線佈局、分散風險最好的進場點
我們不需要知道風暴什麼時候結束，只要知道這個風暴是人為製造的短期現象，利用這個資訊不對稱，在別人恐慌的時候慢慢撿便宜，然後耐心拿著，基本上能幫忙躲過很多博弈短期波動造成的虧損"
貼文91_第1串,"這位大大的觀點真的蠻有趣的，我這邊大概做一些補充跟延伸
說穿了，在這個充滿惡意、隨時都有人想補你一腳的時代，你的「弱」本身就有可能被視為一種原罪
你看網路上那些地獄梗就知道了，只要有人PO出先天基因缺陷的照片，底下留言區往往不是溫暖的加油，而是一堆自以為幽默的嘲諷跟霸凌，躲在鍵盤後面的人性往往最赤裸、最嗜血
轉頭看看職場也是一樣，你以為退一步海闊天空？別傻了，你只要稍微展現出一點軟弱、好講話的樣子，雜事馬上就堆到你桌上，連那些平常笑笑的同事，背地裡可能都在把你當軟柿子捏，這就是現實的寒意
這種邏輯放大到國家層級更是殘酷，國際社會從來就不講溫良恭儉讓，你拳頭不硬、經濟不行，就是等著被大國勒索、被邊緣化
這是血淋淋的事實，不是我們在被害妄想
所以我覺得啦，與其在那邊期待別人善良，不如死命地茁壯自己
這是不是唯一解我不知道，但我很確定，弱太久絕對無解，唯有讓自己強大到別人不敢忽視，你的善良才會有鋒芒，別人才會聽你說話
Ps.這位老哥以前是當檢察官的，常常分享一些以前遇到的爛人爛事，大家有興趣真的可以點進去看看，畢竟他見識過的那些「劣等人」，等級絕對比我們一般人高出好幾個檔次
kuoandlaworder
12/30/25
弱小的人不會因為挑釁招惹大國
因為弱小本身就是挑釁
跪下來也是挑釁
當你敢露出拳頭的時候，即便心裡想挑釁，對方反而不覺得是挑釁
我不知道為什麼，但這就是John"
貼文92_第1串,"這幾天在吵Privilege的話題... 誒，這不是大家早就有默契的社會常識了嗎 XD
身為一個建中畢業快三十年的校友，我也來湊個熱鬧喇賽一下好了
回想我高中的時候，身邊同學真的很多都是「學霸製造機」產出的成品(父母不是醫生、就是國中小老師，那種家庭氣氛就是書香門第)
不過你要說我們這群人很有錢嗎？那倒也未必。講白了，真正家裡有礦、富到流油的，早就移民去溫哥華或加州當小留學生了，哪還跟你在那邊擠公車去南海路？所以精確點說，我們大概就是標準的中產階級
這中產階級聽起來好聽，其實就像希臘神話裡推石頭的西西弗斯，餓不死但也被那顆叫「階級複製」的石頭壓得喘不過氣。
我們那時候身上都有一種莫名的傲氣，覺得自己天資聰穎、只要拚就會贏，這就有點像以前讀孟子說的彼丈夫也，我亦丈夫也，大家都覺得自己是天選之人
但我這人比較特別，我是從南投上來的，家裡也不是什麼書香門第，家裡就種茶的嘛！跟那些從小資源灌到大的小孩比，根本沒辦法跟他們比
（續
/"
貼文92_第2串,"在建中經歷過幾次段考被血洗之後，發現自己排在一千多人的後段班，那個打擊真的是... 哈哈！瞬間覺得以前的自信根本是達克效應發作，自己在那邊自我感覺良好而已。
後來雖然運氣好考上政大，也不算太差，但我很早就看開了，這有點像莊子說的無用之用，早早承認自己在讀書考試這條賽道上贏不了那些資源滿點的同學，反而是一種解脫，物種要生存得找對自己的生態位嘛！既然拼裝備拼不贏，我就不跟你玩同一個遊戲了 XD，這種被社會現實打磨出來的灑脫，或許才是我在那個第一學府學到最珍貴的一課吧！
/"
貼文93_第1串,"（當寂寞成為一種剛需：從我女兒的一隻狗，看懂兆元寵物經濟的情感溢價）
昨天晚上，剛結束一場跟墨爾本家人的 Video Call，心情有點複雜。
起因是我那個正在念小學的女兒，突然興致勃勃地跟我說：「爸爸，我們想要養一隻狗！」
我當下的第一個反應就是皺眉頭，直接說：「母湯啦！妳們住的那區雖然有個不算小的庭園，但那又不是什麼中古世紀歐洲莊園，隔壁鄰居離得那麼近，狗如果在那邊亂叫，妳們會被投訴到死，到時候我也救不了妳。」
我老婆這時候在旁邊補了一刀。她說：「這是一種生命教育，女兒這把年紀了，讓她學會照顧一個生命，培養責任感，陪伴她長大，這比妳在台灣那邊講一堆大道理有用。」
聽到「生命教育」這四個字，我閉嘴了
好吧，既然這是太座大人的旨意，加上為了女兒的成長，我這個遠在台灣的老爸也只能點頭說 Yes。這最後的結果就是，她們準備去挑一隻喜歡的 Doggy 回家供著。
掛掉電話後，我一個人坐在台灣的書房裡，看著空蕩蕩的腳邊，突然湧上一股回憶。
2015 年的那個轉折點，我剛結束在新加坡的工作回到台灣。那時候的心境其實蠻微妙的，一方面是有點累了，想休息；另一方面是當時正在思考接下來的路要怎麼走，這也意味著我有大把的時間會感到無聊
就在那個時間點，我接手了我媽養的一隻老貓。那隻貓非常親人，在我獨自研究產業的無數個夜晚，牠就是那個唯一聽我碎念的對象。後來前幾年牠走了，那種衝擊是很巨大的。那種感覺就像是你生活中的一部分突然被挖空了。那時候我就暗自發誓：「X的，這輩子絕對不要再養寵物了，這種情感債太重，我不想要再來一次。」
但昨天女兒的要求，讓我重新審視了「養寵物」這件事。這不僅僅是家庭瑣事，身為一個投資人，我的職業病又犯了：如果連我這種理性至上、發誓不再養的人，都會為了「情感」或「生命教育」這種無形價值買單，那寵物經濟這條賽道的護城河到底有多深？
今天這篇文章，不聊那些冷冰冰的定量數據，反正財報你們自己會看。我想用比較定性、比較本質的角度，來聊聊為什麼我認為寵物經濟，會是未來人類社會少數幾個能跟「遊戲產業」並駕齊驅的超級剛需。
一、 情感投射與孤獨經濟的黃金交叉
我們以前讀經濟學，講剛需通常是指柴米油鹽；講非必需品是指旅遊、奢侈品。
但我覺得在未來，寵物經濟會從非必需品，徹底變成剛需。
這跟亞洲，甚至全球的人口結構劇變有關。少子化、高齡化、單身化，這三股力量交織在一起，形成了一個巨大的情感空缺。
你看台灣，數據顯示養貓的人口增速已經超過養狗了，這是一個很有趣的黃金交叉，為什麼？因為現代人住大樓、工時長，貓咪那種陪伴但不干擾的特性，完美符合現代社畜的需求。
更核心的心理機制是情感投射
以前農村時代養狗是為了看門，養貓是為了抓老鼠，那是功能性的。現在誰在乎狗會不會看門？貓會不會抓老鼠？現在的寵物是毛小孩。這不僅僅是一個稱呼的改變，這是人類將自我延伸到了動物身上。
我們把寵物當作是我們的小孩、我們的室友，甚至是我們理想中的自己。我們在職場上受氣、在人際關係中受挫，回到家，只有這隻生物會無條件地看著你，搖著尾巴，那種無條件的愛，是人類社會中極其昂貴且稀缺的資源。
所以，我們願意花錢，而且是花大錢。這就是為什麼我常說，寵物經濟販賣的其實是寂寞的解藥，至於那些飼料以及寵物周邊商品啊，只是人類情感宣洩的載體而已
二、 有一種餓，叫「阿嬤覺得你餓」，我們正在用人類的標準，去定義動物的幸福
講到花錢，最有趣的觀察點就是寵物食品。
但在寵物經濟裡，飼主買的不是飼料，本質上是買「贖罪券」和「自我滿足」。我們常常看到飼料包裝上寫著「人食用等級」、「無穀」、「頂級和牛風味」…
但你家那隻狗真的在乎這牛肉是不是 A5 和牛嗎？？（他也許在乎的是那個味道夠不夠腥、夠不夠香…）
以前我看過一些報告，現在市面上流行什麼無穀（、人用等級、生食…人類流行吃有機，就要給狗吃有機；人類流行生酮，就要給貓吃生肉。
但這裡有一個巨大的矛盾悖論，其實動物的味覺跟人類完全不同，牠們更依賴嗅覺。
很多健康的飼料，就像我們人類吃的健康餐一樣，淡而無味，狗根本不想吃。但飼主看到狗不吃，就會覺得「這飼料不好」、「我虧待了我的寶貝」。
很多被行銷成超級健康的食物，如果沒有添加那些適口性增強劑，也就是我們俗稱的誘食劑，狗根本連聞都不想聞。
反過來，那些高油、高鹹、加滿香料的食物，寵物吃得津津有味。這時候飼主就會產生一個誤判：「哇，牠好愛吃這個，這一定是好東西。」
結果就是，劣幣驅逐良幣，或者說，情緒價值驅逐了科學事實。我們買單的，往往不是真的為了寵物的健康，本質上是為了消除我們平常沒時間陪牠們的內疚感。這也是為什麼越貴的飼料賣得越好，因為價格本身就是一種「我很愛你」的證明，這就是標準的情感溢價
這就延伸出一種很荒謬的現象。你在 Instagram 或 TikTok 上常常看到那種阿嬤養的狗，胖得跟瓦斯桶一樣，還有人在旁邊配音說「好幸福喔」。甚至有人會拍自家寵物吃播，把動物養得肥肥胖胖當作是一種成就感。
但說句難聽的實話：把自己吃成那樣叫三高，把狗吃成那樣叫虐待，哪來的幸福？這種幸福，是你「以為」的幸福，不是牠真的幸福。
把一隻狗養到關節變形、心臟負荷過大，只為了讓你在社群媒體上有一張看起來很可愛的照片，這本質上是一種自私的社交貨幣。我們透過展示「我把寵物養得很好」，來獲得他人的點讚，來證明「我是一個有愛心、有能力的主人」。
這就就說明了寵物經濟中最核心的心理學：購買者和使用者是分離的。買單的是人，吃的是狗，所以所有的行銷，都是在討好人，而不是討好狗，畢竟…狗不會給商家負評，人會！廠商賣的是讓飼主感到「安心」與「優越」的情緒價值
三、 服務業的極致擬人化：從馬殺雞到身後事
未來的寵物經濟，我認為最有爆發力的不在於賣飼料（那已經是紅海了），寵物服務升級反而是新商機～
前陣子我看到網路上有人在幫狗馬殺雞，那隻狗爽到眼睛都翻白眼。下面留言區一堆人說：「下輩子我也想當狗」、「人不如狗」。這種影片的傳播力極強，為什麼？因為它滿足了我們的想像。
當我們看到動物享受著人類的服務時，我們會產生一種莫名的療癒感。這也預示了未來會有更多荒謬但好賺的服務出現：寵物瑜珈、寵物溝通、甚至是寵物長照。
特別是「寵物溝通」這件事，在台灣和亞洲真的非常紅。不管你信不信那個心靈感應，從商業角度看，這是一個完美的商業模式。它解決的不是動物的問題，而是人的焦慮。
當你的貓亂尿尿，你找溝通師，溝通師跟你說：「牠是因為覺得你最近太晚回家，牠在抗議，牠很想你。」
你看，這個答案完不完美？它瞬間把一個惱人的行為問題，轉化成了一個充滿愛的「依戀問題」。飼主聽了不但不生氣，反而還會覺得內疚，然後更愛這隻貓。這就是情緒價值的高級變現。
這讓我想到如果未來 AI 應用落地後，很可能會出現那種「AI 寵物翻譯機」，比方說它可以透過分析狗的叫聲波長，告訴你：「主人，我現在很無聊，想出去玩。」
重點來了，這個翻譯準不準根本不重要….重要的是，它給了飼主一種「我們心靈相通」的感覺，只要這個 AI 能講出飼主愛聽的話，這就是一個數十億美金的 SaaS 生意
還有一個我看好的領域，那就是寵物善終經濟，就像我當初那隻貓走的時候一樣，那種痛是很深刻的。現在的人不生小孩，寵物就是小孩。小孩走了，你會隨便找個垃圾袋丟了嗎？不可能。所以現在有寵物火化、寵物禮儀，甚至把骨灰做成鑽石（雖然我覺得那是智商稅，但有人買單就是好生意）
這是一個從生到死，全生命週期的產業鏈，只要人類還需要情感寄託，這個產業就永遠有護城河～
四、 投資與人生的思考
回到投資的角度，之前段永平（步步高創辦人，也是我很欣賞的對岸價投大佬）講過一句話很有意思，他說：「遊戲這東西，沒有人是不玩的。」意思是遊戲是人類的天性。
我想套用這句話：「情感寄託這東西，沒有人是不需要的。」經濟再差，你可以少喝一杯星巴克，但你絕不敢讓你家的貓餓肚子，甚至在經濟衰退期，這種「口紅效應」（Lipstick Effect）會更明顯，因為寵物是你最後的心靈堡壘。
未來的世界，AI 會越來越強大，人與人之間的實體連結可能會越來越疏離（想想現在的年輕人多恐懼打電話），在這種高科技、低情感的未來，寵物這種有溫度、有心跳、不會背叛你的生物，其價值只會越來越高。
所以，對於我女兒要養狗這件事，我最後是釋懷的～
雖然我知道，未來要把屎把尿的可能是我們（或者我要出錢請人清），雖然我知道鄰居可能會翻白眼，雖然我知道十幾年後我們又要面臨一次心碎
但這就是人生吧，我們透過付出愛，來確認自己的存在
如果你問我怎麼看寵物經濟的未來？我會說，只要人類還會感到寂寞，只要我們還需要一個忠誠的眼神來確認自己被需要，那這個產業就不是泡沫，它會像跟可口可樂一樣堅硬的 Consumer Staples
至於那隻即將加入我們家的墨爾本小狗，我只希望牠不要太吵，還有，希望我老婆不要把它餵成一顆奇異果
Happy Investing, Happy Life.
(本篇文章為個人觀點分享，非投資建議。)"
貼文94_第1串,"認同他的觀點
你買標普500ETF，我從來就沒有跟你講什麼無腦照著回測數據進場～
我講的只有一件事：你信不信資本主義會修復自己？
如果你相信資本主義不會倒、企業會想辦法賺錢、制度會修補漏洞，那標普500本來就不是在等完美進場點的東西
反之，如果你不相信這件事，只要遇到持倉體驗變差的週期，那麼你很可能會「質疑」你當初的回測數據
Me personally,信仰＞data
stellamatutinacapital
12/28/25
這兩年網紅,教授宗教式的在喊All in 0050 or VOO,拿一堆所謂的""回測""結果去佐證,然後跟你說這是投資唯一正解,其他方法都是智障/資產配置都是垃圾
我自己覺得這純粹就是用後照鏡開車-你先去找到了贏家再去驗證,
就像是你開發一個策略去fit in過去歷史的資料,基本上任何人都可以得出神一般的報酬
你用上帝視角回去看一個近15-20年超級強勢的資產,你當然會得出很高的預期報酬,很棒的Sharpe ration, 並且計算出All in是勝率最高的做法,並得出其他資產跟垃圾無異的結論
(即使你把測試的時間拉更長也會得出類似的結果,但如果你測試的時間點是1989/2009年往回15-20年你也會得出一樣的結果嗎?)
這些歷史東西算完得出一堆數字後,對於你現在這個時間點往後看30年的幫助是甚麼?
你是否理解這些報酬背後的驅動理由為何,並且對於未來來這些理由是否會持續或者可能被反轉有想法或假設,還是你只是在追求一個簡單粗暴但虛無的確定感
(定期定額VOO/0050 30年後就會有多少資產)
/"
貼文95_第1串,"(最近我腦袋一直在轉幾個關於未來 AI 時代的衝擊點，這邊把這些問題丟出來拋磚引玉，留給各位去燒腦一下~)
如果照現在台灣這個生育率的變化，再過個十年、二十年，這塊土地上還剩下多少「人」？
我是說真的「人才」。
不知道各位有沒有發現一個很弔詭的現象？現在稍微頂尖一點的腦袋，不是早就拿綠卡往美國跑，就是被台積電這種巨型黑洞給吸進去，那剩下的人，還有辦法維持一個國家該有的競爭力嗎？
這讓我想到教育系統的問題。如果在這種結構下，我們還堅持用那種填鴨式的 SOP 去教育下一代，叫他們乖乖把書念好、去搶一張大公司的入場券，這算不算是另一種形式的盲目豪賭？這個問題值得各位深思。
假設 AI 的算力，未來依然能維持每半年就翻倍的速度，那些我們以前認為鐵飯碗的流水線崗位，真的是避風港嗎？
再假設未來真的從組織依附的工作形式慢慢走向一人公司的時代，那會考試、會背書的孩子的護城河，真的還在嗎？
這裡我就想到一個比較少人談的概念，叫做品味
先別誤會，我說的品味不是那種去畫展打卡、喝下午茶的附庸風雅，我指的，是一種設定議題、尋找有意義問題的能力
（續
/"
貼文95_第2串,"以前我們被那種填鴨式教育訓練成一個個精密的做題機器，只要給我們題目，我們就能解出來。但在 AI 時代，如果 AI 已經是全世界最強的做題家，能夠秒回完美答案，那「正確答案」本身是否還有價值？
真正稀缺的，我認為反而會是那個知道該問什麼問題的人。
所以我在想，真正的「品味」，在這個時代會變成極度稀缺的資源。
比方說，你怎麼從一堆雜訊裡去定義出什麼才是重要的？？你如何去綁定一群跟你關注同一個議題的人？這全都需要你平時累積的品味與判斷力。
反過來說，如果我們只教會孩子如何競爭、如何考贏隔壁桌的同學，卻沒教會他們如何去定義戰場，那是不是有點像是在訓練他們去打一場已經結束的戰爭？
以上留給各位思考，我目前沒有答案，但或許等我們看見答案的時候，可能已經為時已晚
/"
貼文96_第1串,"最近跟身邊幾個在做 Early-stage investment 的朋友閒聊，得到了一些有趣的 insight
其實蠻能理解 Founder 想要先存活的焦慮
但在 Seed stage 或是 MVP 階段，大家期待的比較像是你那份邏輯自洽的 Potential
所以這就很考驗 Storytelling 的能力了
即便你初創公司現在還沒有蓋好護城河，也要能說服人相信未來會有
（畢竟心中若有 Vision，身體才會慢慢力行去實現，並非單純的叫你唬爛把沒有的東西說成有，一般的投資人都不是傻子）
所以，眼下護城河是否真的已經蓋好，可能未必是唯一的 Key point
畢竟你要想，Smart money 的天性本來就是現實的，
很難期待它們在你陷入麻煩時雪中送炭，在台上 Pitch 資金時，其實就是在販賣一個對未來的 Confidence
如果你連這個願景都無法表達清楚，那真的就不能怪投資人刁難了
Ps.畢竟投資人理解的視角可能跟founder不一樣，
講不出一個 Convincing 的 story，可能會被解讀成你對這個 Market 的理解還不夠深"
貼文97_第1串,"看到黃金創新高就嗨得跟什麼一樣，
或者稍微跌一點就緊張兮兮的
八成都是韭菜，未來大概也拿不住~
何以？
今天早上看訊息，有幾位大概四月聽我碎念後也跟著我配置黃金的朋友
現在帳面一打開，哇！獲利 40%、50%，不得了了
那是未實現損益啊大哥！
你一個要拿五年以上的人，你會在意這個短期創新高？？
那改天回檔個 20%，那是不是又要跑來靠x？??
總之，低調拿個3、5年再回頭檢視吧⋯⋯中間的波動都是浮雲
不需要欣喜若狂到處昭告天下你好棒棒
太亢奮就代表你對這個資產認識的還不夠～還在用短期博弈的視角做配置
以上
/"
貼文98_第1串,"Ps.這個世界上大多數的資產都有對手方風險（股票、債券、法幣⋯⋯）
只有黃金是處於金字塔頂端的第一層貨幣（比特幣也慢慢在努力）
它們不需要任何人兌現承諾，沒有人欠你什麼，它本身就是價值，這是很基本的道理
未來的世界，有沒有可能是建立在比特幣和黃金這種中性資產上面做結算？？
假設上面的情況成立，那麼你會拿這個底層結算資產來做短期博弈嗎？正常人大概也不會～
總之，該拿的就拿著唄～長期主義不會錯的，耐心會回報你的～
剩下的時間就是好好的工作，好好的過日子，好好的享受人生，好好的陪家人
/"
貼文99_第1串,"大家都很習慣談論財富分配的 M 型化，富者越富、貧者越貧，這早就已經是老生常談了，但我最近一直在思考，並想大膽做一個 Prediction：接下來這幾年，人類的智能也將開始出現劇烈的 M 型分化
何以？
我認為 AI 的加入，本質上是一個最強的槓桿工具，對於那些懂得定義問題、駕馭工具的人，AI 會大幅拉高他們的思維密度，讓人變得越來越聰明～
反之，對於那些不懂得運用，或者只會被動接收資訊的人，則可能慢慢被它奴化
（ps.本文的AI指的是LLM，非泛指一切AI應用，以免誤會）
舉一個我觀察到的例子，有些人用 AI 只是為了快速產出農場文，或是把長篇文章丟進去叫它寫個 Summary，然後就覺得自己讀完了
這種做法當然沒有絕對的對錯，但我認為有些可惜，甚至是在浪費這個工具，因為這樣做並沒有讓你透過 AI 幫你解放出大腦更深層次的思考，只是拿 AI 去放大 Web 2.0 時代本來就在做的事情（像是拼貼內容、速食閱讀），你並沒有善用你的元認知（也就是「思考如何思考」的能力）
（續
/"
貼文99_第2串,"但也有另一群人，他們是把 AI 當作是一個對手，他們去跟 AI 做觀點的碰撞，或是設定複雜的 Objective Function，丟一個很難的題目讓 AI 去解，然後從它的胡說八道或者精闢分析裡面，去提煉出更高維度的 Insight
我們可以回到第一性原理來看這件事：
AI 跟人類大腦的運作其實有本質上的不同，現在主流的 AI 拼的是 Scaling Law，靠著海量的數據去堆疊預測概率，它可以做出很好的 Prediction，根據大量資料告訴你最有可能發生什麼，但它在面對極端不確定性、需要在巨大壓力下做決策時，它沒有辦法像人類一樣做出 Judgment
它或許知道機率，但它並不真的理解事情的本質，這中間的差別，其實非常大
如果不理解人類與生俱來的優勢，我們很可能就會把那些人類最不能被取代、也最不該外包的能力全交給 AI
這也是為什麼我建議大家去看看 Yann LeCun 過去的訪談，雖然有些 AI researcher 會 challenge 他的觀點，但我認為對錯之外，更重要的事情是他指出了一個關鍵：凡是未來可以被預測的、線性的工作，AI 絕對做得比你好
（續
/
View 1 more"
貼文99_第3串,"現在的富二代為什麼容易變成敗家子？
因為他們從小接觸的貨幣邏輯就是趕快把錢花掉，享受當下
通貨膨脹在潛意識裡告訴他們，現在不享受，以後就買不起了
這就培養出很極端的 High Time Preference
但…..如果今天家族傳承的不是地契，傳承的變成比特幣勒？？情況會變什麼樣子？
敗家子可能會發現，今天的 0.1 BTC，十年後可能買下一棟樓
所以這會逼著他們學會 Delayed Gratification，然後他們會變成長期主義者，把精力用在打磨技能、提供真實價值上
嗯…這樣的世界要嘛很快發生～要嘛永遠不會發生，我私心希望趕快到來"
貼文100_第1串,"（如何維持多產？）
最近有一些自媒體的朋友私底下問我：「你那個文章量到底是怎麼辦到的？觀點怎麼都寫不完？產出速度也太快了吧？」
其實，如果你平常真的有認真在過日子、關心時事，你的觀點其實是寫不完的，但問題出在「手速有時候跟不上腦速」
平常有認真在發表觀點的朋友，應該會發現一件事情…有時候腦袋靈感或是想法來了，等到你坐下來、手指頭敲鍵盤打出來，那個感覺已經跑掉了，甚至忘了剛才想到的精闢觀點…
雖然現在還沒什麼腦機接口可以直接讀取大腦，但我找到一個最快的方法：就是直接用「講」的！
但這裡有個關鍵的秘訣，千萬不要用 iPhone 內建的語音輸入，那個錯字很多，你會改到懷疑人生，越改越賭爛，然後改到賭爛的時候你又忘記你後面要講什麼，會降低你的工作效率跟流暢度
我自己的做法是直接開 ChatGPT 的語音功能，對著它講，現在 AI 很厲害，它聽得懂前後文，會有自動糾錯的邏輯，辨識度高非常多。我只要腦袋一有想法，馬上講出來，講完轉文字貼到手機備忘錄。
（續
/"
貼文100_第2串,"我算過，我一天 24 小時，加加減減至少有 6 到 8 個小時都在寫東西。但別誤會，我絕對不是乖乖坐在書桌前 8 小時，那樣寫不出好東西的，我的文章，很多是我去打高爾夫球、甚至洗澡、在外面走路的時候「拼」出來的。
靈感這種東西，是靠你平時認真去過生活、慢慢積累經驗才有的，大腦會自己去碰撞出有趣的想法，所以你也可以這麼說，平常如果沒去吸收新知，大腦是很難碰撞出有深度的idea的～
比方我在打球時突然想到一個點，馬上用語音 Catch 下來，也不用管排版，先記下來再說。這種碎片化的產出效率非常驚人，而且完全不會有被逼稿的壓力。至於最後那些錯字啊、排版啊，說真的，最後丟給 AI 順一下就好了，那個不重要。
最後，這是我覺得今天最重要的一段話，你們一定要聽進去，這是關於時間管理的。
大家都在講什麼時間管理四象限，我跟你們說，我絕大部分的時間，都只 Focus 在「重要，但不緊急」的事情上。
寫文章、深度思考、冥想、學習更高階的知識，這些對我來說「重要」，但它「不緊急」。
正因為它不緊急，你才不會焦慮，你才能好整以暇的把事情做到極致。
（續
/
View 1 more"
貼文100_第3串,"(避險基金到底避不避險？)
今天跟朋友交流，遇到一件有趣的問題：「Hedge Fund 不就是在做 Hedge 嗎？名字都叫對沖了，怎麼能不對沖？」
我說…這真的是天大的誤會，長頸鹿美語就一定要有長頸鹿嗎？？
為了表達嚴謹一點，如果你是做 Global Maco或是專門搞 Quant的基金，那確實，避險模型是核心，但在我們最常見、資金規模也最大的 Equity Long/Short Fund這個領域，講難聽一點，很多經理人根本就是在Running Naked
我舉個例子，我們以前看過那種標榜 Long/Short 策略的基金，照教科書邏輯，你應該是買進看好的股票，放空看壞的股票，藉由一多一空把大盤的 Beta 風險抵銷掉，只賺取選股的 Alpha，對吧？
但實務上在牛市裡，根本沒幾個人這樣幹。
何以？因為在大牛市裡，避險是績效的拖油瓶，這很簡單的道理，你 Short 越多，你NAV輸大盤的可能性越大，你的 Performance Fee 就拿不到，你的 Bonus 就是零。
（續
/"
貼文100_第4串,"所以為了追逐績效，很多經理人的淨曝險根本長年維持在 80% 甚至 100% 以上。
那你可能會好奇：「那他們怎麼跟 LP交代說我有避險？」
這就是操作上的藝術了，我們叫合規式避險，通常做法是，象徵性去買一點點Deep OTM的 Put Option，這種選擇權非常便宜，因為履約價離現在十萬八千里，Delta 極低，基本上不太可能實現。
買這個幹嘛？買來放在 Monthly Report 上當護身符啊！跟客戶開會的時候可以指著那一欄說：「你看，我們有風險控管喔！」
但講難聽點，真的遇到像 2008 年或是 Covid 那種 Liquidity Event，那點微薄的 Put 根本是杯水車薪，完全救不了你的 Drawdown～
所以說，在 Equity Fund 的世界裡，對沖基金不對沖，這早就不是新聞了～
/"
貼文101_第1串,"在這個演算法全面統治人類眼球的時代，我常在想…科技到底是把我們連結在一起，還是把我們推向更深層的孤獨與暴戾？
回想早些年，網路還只是撥接或者是早期論壇的時代，人類認識同類的速度很慢，那時候的我，說白了就是個窩在家裡的宅男，看書、打打世紀帝國。我一年能新認識的人，十根手指頭數得出來，而且這些人大多都在我的「射程範圍」內。什麼意思？就是物以類聚，搞金融的，身邊九成是搞金融的；搞科技的，除非你是個社牛，不然你身邊大概率都是工程師思維的人。
但自從演算法爆裂之後，一切都變了。
TikTok、Threads、Reels 這種短影音跟瀑布流的機制出現後，哇靠，我才驚覺人類物種的多樣性已經誇張到什麼程度。那個資料庫的擴張速度，簡直是在挑戰我的認知邊界。以前我們有個物理屏障，我不出門，我就遇不到那些頻率不對的人；現在不一樣，演算法為了要把你的眼球留住，它會故意把那些跟你價值觀完全相反、會激起你情緒反應的人，硬生生地推到你面前。
這就是現代網路的化學反應，你以前在路上看到一個神經病在碎碎念，你頂多繞道而走，眼神都不會交會。
但在網路上，你們之間有了連結，於是產生了劇烈的排斥反應。我看著這些現象，覺得既荒謬又好玩。為什麼？因為那個壓抑度太有趣了，為什麼我非得要說服你不可？為什麼你非得要闖進我的平台，在我的客廳拉一坨屎，然後覺得自己很正義？
這也是為什麼有不少媒體邀請我做線下採訪，我一律婉拒的原因，我看過太多例子了，那些財經 KOL、那些有真材實料的人，一旦上了大眾媒體，下面的留言區簡直是地獄。一堆斷章取義的酸民，他們不懂你的脈絡，不懂你的邏輯，他們只看到了他們想攻擊的點。你可能會說：「哎呀，做自媒體要有雅量，要有格局。」
去你的格局。
我覺得這是一件很好笑的事，我花幾十年積累的經驗，花幾個小時輸出的觀點，結果被你用三秒鐘的情緒宣洩給抹殺。我何必？
我何必為了那一點點虛無縹緲的曝光度，去招惹一大堆跟我頻率完全不在一個維度上的生物？
我們都要有一個很重要的認知：我們都有「篩選」的權利。
讀者有權利篩選作者，覺得我講得爛，你可以滑走；同樣的，身為創作者，我也有權利篩選我的受眾。這不是高傲，這是同質化競爭下的生存本能。
現在每個人手上有鍵盤就是媒體，大家的武器都一樣，既然我們都是普通人，那我手裡握著的那個封鎖鍵，就是我的絕對領域。
這時候一定會有人跳出來說：「哈！你都不敢正面對戰辯論，你是不是怯戰？是不是心虛？是不是孬種？」
講一句難聽的，我跟你辯贏了又怎樣？我把你駁倒了，我的投資報酬率會變高嗎？你的銀行戶頭會多兩個零嗎？都不會。
你本來就不是我的潛在讀者，你只是一個路過、想看人出糗的過客。我跟你認真，我就輸了，我就成了那個在泥巴裡跟豬打架的人，弄得一身髒，而豬卻樂在其中。
這整件事情的本質其實就是建立在「身分的不對等」下，何以？
為什麼你會想來跟我辯？因為我不夠有名，因為我不是神。
如果你今天是看到Charlie Munger或是Warren Buffett講了一句邏輯可能有漏洞的話（相信我，如果你用 ChatGPT 去跑他們的語錄，絕對能找到邏輯漏洞），你會去留言嗆他嗎？你不敢。
就算你嗆了，你覺得他們會回你嗎？不會。
因為在你的潛意識裡，他們是偉人，是真理的化身。他們的沈默是高深莫測，而我的沈默被你解讀為心虛，這就是人性的賤。但我不是偉人，我也不想當偉人，所以我選擇更直接的方式，就是封鎖。
封鎖你，其實是我跟你下辯論戰帖前，最大、最極致的溫柔。
真的，你要聽懂這句話。因為一旦我決定跟你辯論，就代表我承認了你的問題有被討論的價值，代表我承認了我們在同一個水平面上。
但我不想給我自己這個機會，也不想給你看我笑話的機會。我的受眾想看的是我的洞見，不是看我在留言區跟一個連頭像都沒有的帳號互噴口水，那太廉價了，太掉價了。
有些人的邏輯是破碎的，那是因為他的人生本身就是破碎的，他看文章只能看到片段，他思考問題只能看到表象，他在那裡瞎拼湊、亂連結，這不是他的錯，是他的命。
沙特說：「他人即地獄。」在社群網路上，這句話被驗證得淋漓盡致。
所以，我看待這些事情的態度越來越宿命論，甚至帶點毒辣的慈悲，以後在社群媒體的趨勢裡，遇到反對意見，最高的指導原則只有一個：承認他有道理，然後反手一個封鎖。
一定要封鎖，千萬不要手軟。你的生活頻道裡，本來就不該出現雜訊。這是一種能量守恆，你把時間花在跟爛人糾纏，你就少了一份時間去精進自己。
我講得再難聽一點，有些人的存在，注定就是為了展示失敗的樣本。有些人注定就是窮，這個窮不只是口袋裡的窮，是認知的窮，是靈魂的乾癟。有些人注定一輩子要在死胡同裡鬼打牆，要在井底看著那一小片天空以為那是全世界。
你絕對不要去說服他，你絕對不要試圖拉他一把。
因為你的伸手，對他來說是冒犯；你的道理，對他來說是傲慢。既然如此，就讓他去吧。就讓他待在他那個邏輯不通、充滿怨恨的小世界裡慢慢腐爛。
我這個人有點小幸災樂禍，我覺得看著這些人固守己見然後被時代輾壓，是一種很殘酷的詩意。
不要去介入別人的因果，不要去試圖叫醒一個裝睡的人。封鎖鍵按下去，世界清靜了，你的維度提升了，而他繼續在他的泥淖裡打滾。
就這樣子，我管你去死。我們各自安好，我不渡你，你也別來沾邊。"
貼文102_第1串,"（粉絲問題，統一回覆）
我直接講結論好了…根據這位兄台提供給我的資料，我不建議為了去新加坡而轉去做 Sales…
你現在手上的 ALM跟 ICS 經驗，反而是你最強的武器
，何以？？？現在新加坡金融圈很現實，Sales 這種缺通常是給自帶客戶的大神，或是早就有人脈的本地人在做的，你一個台灣人過去人生地不熟，語言文化也沒有絕對優勢，去那邊跟人家拚業務是自殺行為
反倒是因為法規（像 IFRS 17）變嚴，新加坡的保險業跟銀行 Treasury 非常缺能跑模型、懂資本效率的技術人才，這才是你的護城河，也是你能拿到EP的關鍵～
不過先給你打個預防針，現在新加坡跟十年前不一樣了，生活成本非常恐怖，隨便租個像樣的小房間可能都要台幣七八萬起跳～所以你的策略應該是：抓住你的 ALM 專業去談一個高薪的 Package，直接鎖定當地保險公司的中後台職缺，這條路應該會比你去轉做投資或業務還要穩。"
貼文103_第1串,"（深度長文，聊聊「在不確定性下的博弈」：從熵增定律到把妹，再到金融決策過程）
最近我發現一些年輕讀者，不管是追馬子、剛出社會創業做生意，還是要在金融市場裡面博弈廝殺，腦袋那個邏輯都還是轉不過來，整天在那邊撞牆。
我就跟身邊的小老弟開玩笑說，你們整天在那邊學什麼PUA話術，你不如把注意力放在研究人性、博弈論跟訊息科學，這世界運作的邏輯其實不難懂，只是你們都被眼前的雜訊給騙了，把簡單的局玩成了死局。
這篇文章可能會稍微有點長，我會從大家最感興趣的男女情感博弈講起，一路聊到商場上的談判心法，最後再帶你們回到今年2025 年第一季金融大屠殺現場，復盤一下高手是怎麼在屍橫遍野中撿鑽石的。
最後，這也是我第一次公開寫出來，我會分享當年我是怎麼用這一套邏輯去追到我太太的（如果你現在還是個單身的羅漢腳，或者是你有對象但搞不定，這一段你真的要看到最後。）
這裡面包含了一些我做決策的智慧跟哲學，希望能給你們一點啟發，讓你們對這篇文章有一點小小的期待吧！哈哈！
好啦，前言講太多了，我們直接進入正題。
第一章：愛情裡的「薛丁格貓」與高熵狀態
我先舉個你們年輕時候一定都遇過的例子，來講講什麼叫做「不對稱博弈」跟那個物理學上的「亂度」。
假設你現在是一個十幾二十歲的小夥子，情竇初開，看上班上一個那個正妹，或是隔壁部門剛來的女同事，暗戀人家很久了。
你每天看到她，心裡那個小鹿亂撞，晚上睡覺都在想她到底喜不喜歡你。這種狀態，在物理學裡面，有一個非常精準的詞叫做高熵（High Entropy）狀態
什麼是「熵」？就是混亂度
你現在心裡很亂，系統內的變數極大，你不知道她有沒有男朋友，不知道她喜歡吃什麼，不知道她昨天那個眼神是看你還是看你後面的時鐘，更不知道她對你的感覺是「有點意思」還是「你這人是個變態」。所有的可能性都在那邊疊加，這就像量子力學那個薛丁格的貓一樣，在你還沒觀測（攤牌）之前，她喜歡你跟不喜歡你這兩個狀態是同時存在的，這充滿了不確定性，而這種不確定性會讓人極度焦慮。
為什麼？因為人腦經過幾百萬年的演化，天生就是一個減熵機器，我們大腦討厭混亂，喜歡確定性高的東西，因為確定代表安全，混亂代表危險。
很多那種沒經驗的傻小子，也就是我們現在說的暈船仔，這時候就會犯一個超級大忌。因為他們生理上受不了這種心裡癢癢的、懸在半空中的高熵狀態，想要趕快把這個混亂變成有序，想要趕快知道答案。
結果怎麼做？就跑去跟女生告白，買一束花，站在人家樓下，直接說：「欸，某某某，我喜歡妳很久了，請妳跟我交往。」
我跟你講，這一招就是一種自殺式攤牌，只要情場老將看到，絕對都是搖頭嘆息～
為什麼？你仔細用經濟學的角度想，在還沒攤牌之前，這場局對你來說其實還有無限的凸性，雖然你不知道她在想什麼，但重點是，她也不知道你的底線在哪裡，這就是資訊不對稱。
你手上有一個權利，你可以選擇什麼時候對她好，什麼時候不理她，這就像你手上握有一個長天期的買權，你的下檔風險是鎖定的（頂多就是沒追到），但你的上檔潛力是無限的，而且主動權是在你手上的。
但是，你一旦把那句「我喜歡妳」講出來，啪一聲！你的底牌全部掀開了。
這時候發生什麼事？對於那個女生來說，原本她可能也在猜「這男的到底想幹嘛？是想追我還是只想當朋友？」，她的世界原本也是混亂的（高熵）。但你一告白，她的世界瞬間變清楚了，訊息的混亂度直接降到零（熵減）。她完全掌握了你的動向，她知道你就是這盤棋上面的卒子，只能往前衝，退無可退。
可是你呢？你反過來把自己逼到死路，你在等她的答案，而她的答案變成了一個冷冰冰的二元對立：YES 或 NO。
如果她對你沒意思，她直接拒絕，那你連一點那種「在那邊曖昧」的模糊空間都沒了，直接下課；
如果她吃定你，她甚至可以不答應也不拒絕，就把你吊在那裡當工具人，這就是賣方市場。
這就像有些會打德州撲克的朋友一樣，公牌都還沒發完，你就先把手上的兩張底牌翻開來給對手看，說「你看，我有一對A」，這不是傻子是什麼？你讓對手太容易做決定了嘛！
這其實也牽涉到個體經濟學的概念，你想想，你表現得非她不可，你的需求曲線是剛性的，幾乎垂直，就是不管怎樣你都要；
但她對你可有可無，她的供給曲線是極度彈性的。在市場上，剛性需求碰到彈性供給，價格就是被賣方（女生）隨便喊，你根本沒資格談判…
第二章：我預判了你的預判（製造雜訊與信噪比）
所以我就跟我這些小兄弟講，真正的高手，不管是在情場還是賭場，玩的都是訊息控制論，你要懂得去控制那個訊息量（不是被對方掌控～）
你看那些真正把妹厲害的渣男，他們才不會一上來就說「我要什麼」，他們會幹嘛？他們會製造雜訊（Noise）。
什麼叫雜訊？就是讓你搞不清楚我是真的喜歡你，還是只是剛好路過。我有時候對妳很好，秒回訊息，丟出一點高價值的訊號（Signal）；有時候又突然消失半天，去忙我也沒講我在幹嘛，這就是雜訊。
這時候，女生的腦袋為了要解析你的行為，她會開始當機。因為人類的大腦本質上是一台貝式推論（Bayesian Inference）的機器，她會不斷地根據新的數據去更新對你的先驗機率。
她會想：「奇怪，他昨天不是很熱情嗎？今天怎麼冷冷的？是不是我有哪裡做得不夠好？」
當她開始這樣想的時候，嘿嘿，你就贏一半了XD
因為人的大腦為了要解釋這個狀況，為了從這些雜訊中提取出有用的訊號，必須消耗大量的葡萄糖跟能量，容易造成對方認知失調，當她花越多時間想你，她在你身上投入的精神成本就越高，這有點像我們投資講的沈沒成本。她想著想著，大腦為了自圓其說，就會給出一個結論：「我花這麼多時間想他，我是不是有點在意他？」
這招聽起來有點壞，但人性就是這樣。人類就是犯賤，太容易得到的東西不珍惜，那種看不透、摸不著的，機率分佈呈現肥尾特徵的，反而讓人心癢癢。
這就是我說的：預判你的預判。
我知道妳在觀察我，所以我故意丟出一些隨機分佈的數據點，讓妳無法畫出一條線性的回歸線，妳沒辦法預測我下一步，妳就只能一直盯著我看。這就是奪取注意力，而注意力，就是現代社會最稀缺的貨幣。
第三章：沈默的殺手與 Alpha 訊號
這道理用在商業談判也是一模一樣的，你今天去跟客戶談生意，切記切記，嘴巴閉緊一點。
我們台灣人有時候就是太熱情，或者是太急著想表現自己專業，一坐下來就劈里啪啦講我們公司產品多好、價格多優惠，急著把自己的底牌亮出來。
但我跟你講，在零和博弈的桌上，誰先說話，誰就先死，因為你先洩漏資訊。真正的談判高手坐下來，任務才不是在那邊滔滔不絕的單方面輸出跟演講，他會做的是「身家調查」，這裡所謂的身家調查，不是叫你拿表格給人家填，你要做的是透過「聊天」，而且是那種聽起來很像在閒聊的開放式提問，去引導對方說話。
你就想像你是個心理諮商師，你讓對方覺得這裡很安全，讓他覺得你很懂他。你要會「點頭」，會說「真的喔？那後來呢？」，會適時地讚美他兩句。
人喔，一旦飄了，多巴胺分泌了，防備心就降了。當他覺得跟你聊天很舒服的時候，那些關鍵的資訊就會像水龍頭沒關好一樣洩漏出來XD
你會聽到他公司的資金好像有點卡卡的（流動性風險）、他老闆最近心情不好（決策壓力）、或者是他們原本配合的廠商出了包（供應鏈斷鏈）。
這些在一般人耳裡看似是八卦的瑣事，在我們眼裡，那就是黃金，也就是能讓你賺取超額報酬的關鍵情報。
你把這些雜訊過濾掉，留下來的就是真正的訊號。你看，你什麼都沒說，你的底牌蓋得死死的，但是對方的底牌已經被你摸得一清二楚。你知道他現在很急，因為老闆在逼他；你知道他預算其實還有空間，只是在裝窮，底牌全部被你徹底摸到了。
這時候你就是站在一個上帝視角，你再隨便丟一個方案出來，都會剛好打在他最軟肋的地方，讓他覺得「天啊，你就是我的救星」，然後他就簽字了。這就是利用資訊的不對稱，去完成一場漂亮的博弈。
第四章：2025 年金融大屠殺（宏觀傳導與微結構的崩壞）
大家應該都還有印象吧，今年第一季的時候，市場氣氛原本還想說 AI 有下一波，股市會一直噴，結果誰能料想到宏觀經濟的風向說變就變？
美國那邊的通膨呈現Sticky Inflation，FED那個利率死都不肯降，維持在高檔。然後最關鍵的引爆點是日本央行（BOJ）突然在那邊搞事，宣布要正式結束負利率政策，甚至暗示要連續升息。
千萬不要小看這個動作，這直接導致了全球資金的大逆流。
以前這幾十年，全世界的不少大機構在玩一個遊戲叫利差交易（Carry Trade），就是借便宜到不行的日圓（利息幾乎是0），換成美金，去買美股、買美債，中間賺利差跟資本利得。
但是日本一升息，日圓一變貴，這個邏輯就會逆轉，大家借的錢變貴了，必須趕快還錢，這資金一抽走，全球流動性瞬間枯竭。
最先倒楣的是誰？是債券市場。各位要有一個基本的觀念，金融市場是有傳導順序的，通常都是債券先出事，然後才輪到股市。債券就像是船的錨，錨一動，上面的船絕對會跟著連動。
那時候我一直在盯著一個指標看，那個指標叫做 MOVE 指數，你也許沒聽過，但不重要，簡單講它就是債券市場的恐慌指數。那時候這個指數一直往上飆，這就是一個超級危險的訊號，代表那些最聰明的錢、那些玩債券的大戶開始慌了。
接著股市的 VIX 指數，也就是大家的恐慌指數，跟著噴出。這時候你要懂一點市場微結構，特別是有一群人叫做做市商，這群人平常是提供流動性的好人，但是在極端行情下，他們的電腦模型會逼著他們變成殺盤的兇手。
這部分我盡量講簡單點，這些做市商手上有大量的選擇權部位，當市場大跌，隱含波動率（IV）飆升的時候，他們手上的部位會變成嚴重的負 Gamma（Short Gamma）狀態，你不用管數學公式，你只要知道，處於負 Gamma 狀態下的做市商，為了避險，必須順勢操作（市場越跌，他就要跟著賣；市場越漲，他就要跟著買）
這個會發生什麼狀況呢？我們來推演一下：
1） 日本升息，資金抽離。
2）價格下跌，觸發量化基金（CTA）的程式單停損。
3）價格跌更深，做市商陷入負 Gamma，被迫拋售期貨避險。
4）散戶恐慌，跟著殺出。
這就是一個完美的正回饋循環，那時候市場就是從原本大家很有秩序的在交易，瞬間變成了大逃殺，整個市場的熵值在極速增加。
那幾天，所有的那種風險平價基金，全部因為波動率突破了內部的 VaR（風險價值）風控線，被迫拋售手上的資產（注意這兩個字：「被迫」）
他們不是覺得這股票不好，是因為他們的合約規定告訴他們，虧到這裡一定要砍，被強制平倉。
這時候，大多數的散戶在幹嘛？大部分的散戶看到跌成這樣，嚇都嚇死了，趕快跟著亂砍，把股票賣在阿呆谷。
但是，如果你是有學過博弈論，懂一點市場結構的人，這時候你的眼睛應該是要發光的。
為什麼？因為這時候市場的價格是錯的，是被扭曲的，那些好公司明明還是好公司，但因為大家都在變現，流動性溢價飆升，所以價格被打到骨折。
但我跟你講，重點來了，我那時候沒有急著在第一天大跌的時候去接刀子。為什麼？因為就像我前面講的，你不能太早攤牌。在那個混亂的初期，大家都在亂砍，你根本不知道底在哪裡，搞不好後面還有更大的雷。你要等，要耐心的給我等。
等什麼？等一個訊號，等市場從「瘋狂」慢慢冷靜下來的那個瞬間，你要等到那些該爆的倉都爆完了，該死的多頭都死光了，融資餘額大減，市場上的賣壓開始沒那麼重了。這時候你會看到成交量雖然還很大，但是價格好像跌不下去了，你可能會看到價格走勢出現了長長的下影線。這時候，就是我們這些手上有現金的人進場的最佳時機，我們這是在提供流動性給市場。
你想想看，那些大型機構現在是跪著求你買他的股票，因為他急著要現金去補保證金，這就是一個極度不對稱的賭局。
而你是拿著現金的大爺，他們是拿著一堆被打折的優質資產在求售的落魄貴族。
你在這時候進場，你別以為這是在賭博，這根本就是門生意，而且是穩賺不賠的生意。
你利用了他們的恐慌，利用了市場機制的暫時當機。
這就是為什麼人家說危機入市，但沒跟你講的是，你要入在那個大家把牌都攤開來給你看的時候，他們已經沒招了，只能賣，這時候你再來談價格，你說多少就是多少，你懂我意思嗎？XD
第五章：情場如戰場（那年我在木柵後山的一場「不對稱賭局」）
講了這麼多市場的血腥廝殺，最後我們來聊點輕鬆的，回歸到我自己的生活案例。
這是我當年怎麼追到我老婆的故事，其實邏輯跟我在市場上操作是一模一樣的，雖然這也沒什麼好炫耀的，但真的就是這個道理。
那時候我還在政大唸書，我老婆是新加坡來的交換學生。你們知道新加坡女生嘛，通常比較獨立，英文又好，也比較精明一點，別想用幾句甜言蜜語就騙走她們。我們認識大概兩個月吧，還在那個曖昧不明的階段。
我那時候雖然很nerdy，整天搞模型，但我這個人骨子裡還是有一種「流氓」性格。
大家別誤會，我指的不是去混幫派，而是那種性格上比較有野性、比較敢衝、不按牌理出牌。
我一直覺得男生不管你書讀多少，面對女生的時候，絕對不能太「軟」（個性方面的軟，不是小老弟的軟）
你別跟我扯什麼兩性平權那些大道理，在原始的求偶本能裡，演化心理學講得很清楚，雌性在篩選雄性時，基因裡寫好的程式就是會偏好那些有主見、有資源獲取能力、甚至帶一點點Alpha特質的男人，這是幾百萬年演化留下來的演算法，妳不服也得服～
那一次，我約她去看電影，看完電影之後，我就想說，機會來了。
但我沒有像那些笨蛋一樣問她：「我們要不要回家？」或者「妳想去哪？」。問這種問題就是把決策壓力丟給女生，而且給她拒絕的機會，那是很傻逼的行為。
我就直接騎著我的機車，那時候我們大學生最愛騎那種很吵的檔車，我就幫她扣好安全帽，只說了一句：「抓緊。」然後就載著她往木柵後山騎。那時候我們流行夜衝，就是去貓空上面看夜景，那天晚上下過雨，地上濕濕的，空氣很涼，還有點霧氣，整個氛圍很有那種武俠小說裡，決戰紫禁之巔前的那種肅殺又帶著一絲旖旎的氛圍。
騎車的過程本身就是一個精密的物理博弈～怎麼去理解這個過程呢？？（女性讀者如果不想看下去的話可以先跳過下面的部分XD）
她坐在後座，一開始手是抓著後面的扶手，跟我保持一點距離，這很正常嘛，女生都有矜持，這是她的防禦機制，全天下的女生都一樣～但我心裡還是有招的，我知道我要怎麼做～
其實如果各位你有騎檔車，你可以稍微展現一點侵略性（當然是建立在安全加上對方不排斥的前提下）就是在過彎的時候稍微利落一點，車身壓得稍微低一點，煞車的時候稍微果斷一點。這時候物理學的慣性定律就幫了大忙。當我入彎減速，她的身體會因為慣性往前衝；當我出彎加速，她會往後仰。為了坐穩，為了不被離心力甩出去，她大腦的邊緣系統（負責恐懼和生存的區域）會超越她的前額葉（負責理性思考的區域），自然而然就必須把手伸過來抱著我的腰。
當一個人在生理上感到緊張、心跳加速的時候，她會很容易出現歸因錯誤，把這種因為環境造成的生理反應，誤判成是因為身邊這個人讓她心動。我就是要利用這個環境，讓她的身體先習慣依賴我。
這時候我不講話，我也不會去說什麼「妳抱緊一點喔」這種廢話，那樣就破功了。
我就專心騎車，讓風在她耳邊吹，等到她的手環過來的時候，我就知道，訊號（Signal）已經非常強烈了，那個擁抱就是她在攤牌，雖然是被動的，但那是真實的身體反應，比嘴巴說的還準。
到了山上，我們找個地方靠在欄杆上看夜景，底下台北市的燈光一點一點的，像是散落在地上的鑽石。這時候是關鍵時刻，也是最多男生會搞砸的時候。
很多男生這時候氣氛對了，腦充血，就忍不住想告白，想問「妳願不願意做我女朋友」。
我就跟你們講，千萬不要問！千萬不要問！千萬不要問！
你要知道，每一個看起來溫柔婉約的女生，甚至是你覺得很單純的傻大姐，她們的大腦裡都內建了一台超級精密的風險評估電腦。平常這台電腦是休眠的，但一旦你開口告白，說出那句「請妳跟我交往」，這台電腦瞬間會啟動。
她的大腦會開始高速運轉：
「他適合嗎？」
「我對他的感覺夠了嗎？」
「如果答應了，我是不是就不能跟別人約會了？」
「萬一分手怎麼辦？」
「我們未來規劃一樣嗎？」
這時候，原本充滿粉紅泡泡的浪漫氛圍，瞬間變成了一個冷冰冰的合約談判桌，你逼著她要進行一場理性的審計，你逼著她在資訊還不完全的時候做一個二選一的決策。
這就像是你拿一把槍指著人家叫人家簽字，人性本能就是會想逃跑，或者至少會說「讓我再想一下」。只要一想，這局就涼了。
如果人沒有夠大的誘因，人會傾向維持原狀的～
所以我那時候完全沒提這件事，我就跟她瞎聊，聊我的過去，聊我以前怎麼在學校混，聊我對未來的野心，聊我想要賺大錢帶家人環遊世界。我就像金庸小說裡的令狐沖那樣，有點瀟灑，又有點深情。我在展示我的價值，我在建立我的氣場，然後我看著她，眼神不要閃躲，直接看進去她的眼睛，看進去她的靈魂深處。
那種沉默的幾秒鐘，其實我們兩個心裡都清楚發生什麼事：我知道妳喜歡我，妳也知道我知道，我也知道妳知道我知道，但我們都不說破，這層紙只要不捅破，張力才是最強的。（這句話細品啊，各位～）
有了這個基礎，我沒有問能不能牽手，我就直接很自然的把手搭在她的肩上，把她攬過來，動作要慢，但是要堅定，手不能在那邊抖，你可以試探性下注，如果她那時候稍微用力甩一下或者躲開，那我就知道火候還不夠，要馬上縮手裝沒事，繼續聊風景，即時止損，雖然很尷尬沒錯，但只要你沒被抓到警察局去，都還是有機會找台階下的～
反之如果前面的鋪陳夠了，那個訊號雜訊比已經很清晰了，她沒有躲，反而身體軟了下來，頭輕輕靠在我的肩膀上。
然後就順理成章啦，完全不需要那句「請妳跟我交往」，那句話是多餘的廢話！
你看，從頭到尾，我都沒有把我的底牌（口頭告白）亮出來讓她審判，而是透過環境營造、心理暗示，還有那種似有若無的肢體博弈（不完全訊息賽局），一步一步把她引導到我設定好的局裡面，這就是不對稱博弈的一些思路。
你要很懂女生，通常女性因為礙於社會規範，她不能太主動或是太能表達自己的意思，你要去引導她，所以兄弟們…聽我一句勸，女生其實都知道你在出招，她不戳破就是在等你下一步。你如果還在那邊試探來試探去，怕東怕西又不出招，這就像自動門都已經為你打開了，你還站在門口對著空氣瘋狂揮手，以為是感應不良。真的，別揮了，趕快走進去好嗎？你要嘛就直接演到底，讓她覺得一切都是自然發生的，讓她覺得是她自己情不自禁愛上你的。
人生就是一場連續的機率遊戲，不管你是要在情場上把妹，還是在股市裡跟那些金融大鱷廝殺，道理都是一樣的。
這個世界是隨機的，是熵增的，充滿了不確定性，你不用想著每一把都要贏，那是不可能的，那是神經病才有的想法。
你要追求的是長期的勝利，只要你每次決策的邏輯是對的，並且掌握人性，只要你懂得在別人恐慌的時候保持冷靜，在別人貪婪的時候保持恐懼。那麼，長期下來，根據大數法則，你一定會是贏家。
好了，講完了。這篇真的是掏心掏肺了，寫得我都口乾舌燥，有些太過暗黑厚黑的東西…自己回去慢慢參悟吧，講得太明白就失去原本該有的美感了，哈哈哈哈
如果這篇文章讓你賺到了錢，或是讓你追到了女神，下次路上遇到，記得請我吃頓飯啊！哈哈！XD"
貼文104_第1串,"/
（AI時代下最強勢的貨幣：時間+注意力）
由於AI 進化的速度簡直快得不講武德，昨天剛學會的工具，今天早上可能就過時了。在這種集體焦慮下，我在臉書和 Threads 上觀察到一個很荒謬，但細想又挺讓人心疼的現象。
各位讀者有沒有發現，最近留言區那種「說教型」的人變多了？
這些人的起手式通常都很像：「你這個邏輯有誤區啦」、「你肯定沒讀過 XX 理論」、「外行人不要亂講」..Blabla 的
他們會急著用腦袋裡那點庫存的知識來壓你，好像背過幾本教科書、考過幾張證照，就掌握了宇宙真理一樣。
但說穿了，這份強勢的優越感背後，其實蘊含的是一種很深層的不安全感，尤其是面對時代巨變的不安全感。
當他們發現自己死記硬背了半輩子的專業護城河，正在被 AI 快速填平，他們只能透過不斷的糾正別人來確認自己的價值還在。
他們不是在針對你，他們只是在努力向這個世界證明：「我的知識還是有用的」
這其實是一種面對未知時，近乎本能的自我防衛。
對此，我要講一個很殘酷、可能會得罪很多人的結論：
這種建立在「我知道你不知道」的資訊落差優越感，在未來三年內，會變得跟路邊的石頭一樣不值錢。
甚至可以說，這會變成一種讓你被時代淘汰的負資產。
為什麼？道理其實很簡單，當獲取高深知識這件事變得跟呼吸一樣容易，也就是所謂的知識平權化徹底實現時，曾經讓你引以為傲的那些法條記憶、程式語法、甚至是複雜的金融模型，AI 只要 0.1 秒就能調用出來，而且邏輯比你更嚴密，甚至還不會有情緒波動。
以前律師為什麼貴？因為他腦袋裡裝了六法全書和五十年來的判例。
以前醫生為什麼貴？因為他累積了三十年的臨床經驗來做鑑別診斷。
但現在，AI 能夠在幾秒鐘內檢索全球最新的醫療期刊，並結合你的基因數據給出比人類更精準的建議，到那時候，如果你還只是在比誰背書背得多、誰懂的專有名詞多，那真的會慢慢失去生活在這個時代下該有的競爭力。
因為你的專業護城河，會直接被 AI 的算力填平，你的優越感會越來越不值錢。
好，前面的鋪陳結束，接下來我要講今天的重點。
我要說的是，接下來我們對「財富」和「貨幣」的底層認知，通通都要被打掉重練。
我最近重讀了凱文·凱利（KK）的《必然》，這老頭子眼光真的很遠，他早就預言了一個萬物豐盛的未來（未來，「很有錢」這三個字的意思，跟現在會完全不一樣）
講到這裡，我知道螢幕前很多懂貨銀的專家，眉頭已經皺起來了，你們心裡一定在想：「少來了，這邏輯不通啊！貨幣（Money）是交易的媒介，只要人類還需要交易，就需要法幣或加密貨幣當作中間人，這東西怎麼可能變得不重要？」
別急，我們來拆解一下。
各位想過沒有，我們為什麼需要貨幣？？
在傳統經濟學裡，貨幣是為了解決交易摩擦，並衡量稀缺性。我想吃飯，但我不能去餐廳洗碗換飯，效率太低，所以我們用錢當中間人。而且因為好的服務、專業的知識都是有限的，所以錢很有價值。
但是，AI 的出現正在引發一場人類歷史上前所未有的「服務業超級通縮」
何以？這裡用兩個關鍵邏輯表示：
第一、零邊際成本社會的降臨
當技術強到一個Singularity，生產額外一個單位的成本會趨近於零，過去二十年，網際網路讓資訊的邊際成本歸零（你現在傳送一則訊息不用錢），未來十年，AI 會讓實體服務與專業技能的成本無限降低。
舉個未來的例子：
以前你要拍一部電影，要有幾億資金、請大導演、租攝影棚，這是有錢人的特權。
未來，你對著 AI 說出你的夢想架構，Sora 或未來的 GPT-7 能在幾分鐘內生成一部好萊塢等級的影片，配樂、剪輯、特效全包，成本可能是幾塊錢電費。
以前你要專屬的法律顧問、私人理財專員、甚至心理諮商師，那是頂級富豪的標配。
未來，每個人的手機裡都有一個 AI Agent（智能代理人），它比真人更了解你的財務狀況、更懂法律條文，而且 24 小時待命，卻幾乎免費。
這就是關鍵，當供給變得無限大，價格會發生什麼事情？可想而知。
這就是我想說的，當那些原本象徵財富的頂級服務和體驗變得像空氣一樣普及時，你需要用來購買它們的法幣，統治力自然就下降了。
當然我並不是說金錢會消失，但它會變得像水一樣（雖然必要，但不再是區分階級的關鍵指標）
因為你不需要很有錢，也能過上以前只有億萬富翁才能享受的生活。
第二、交易鏈條的去中介化與價值重構
過去幾百年，我們的人生公式大概是這樣的：
出賣勞力、腦力→換取金錢→用金錢贖回時間與自由
錢是中間那個必經的、而且令人痛苦的轉換器。
但 AI 時代的邏輯會演變成：
利用想像力驅動 AI→直接創造價值→換取體驗
AI 極大化了效率，那個「為了賺錢而必須做的重複性勞動」會被抽離掉，如果不需透過大量金錢就能獲得高品質的生活體驗（因為 AI 讓食衣住行育樂的決策與執行成本驟降），那麼金錢作為資源分配者的角色就會變得很雞肋。
這時候，真正的稀缺就出現了。
在一個什麼都能自動生成的年代，什麼是 AI 無法生成的？
是你的「注意力」，是你純粹的「生命時間」，是人與人之間那種「真實的連結」。
這會導致一個非常殘酷的新階級劃分，這不是看你銀行帳戶裡的法幣有幾個零，也不是看你有多少比特幣（畢竟如果什麼都便宜，你也不需要那麼多幣），真正的階級會變成「你跟 AI 的關係」：
第一種人：被 AI 飼養的數位農奴
這群人雖然不用去工地搬磚頭，但他們的大腦被 AI 綁架了，他們的工作就是盯著螢幕，隨時回應演算法的需求，被抖音、Reels、或是未來的元宇宙內容推著走。
他們的注意力是破碎的，時間是不屬於自己的，他們以為自己在娛樂，其實他們是 AI 龐大系統裡的「人肉數據標註員」。
他們用時間換取廉價的多巴胺，即使有基本收入（UBI）餓不死，但心靈是貧瘠的。
第二種人：駕馭 AI 的新貴族
這群人知道 AI 只是「超級工具」或「代理人」，他們利用 AI 處理掉所有消耗生命的雜事（報稅、寫信、整理資料、甚至初級的創作）因為 AI 幫他搞定了 90% 的工作，他反而騰出了大量的時間。
這些時間拿來幹嘛？
拿來做 AI 做不到的事。
去跟人做有溫度的真實交流，去爬一座山感受風的觸感，去發呆，去體驗藝術，去思考哲學，去愛人。
你會發現，未來真正的有錢人，不是那個開法拉利的人（因為那搞不好是 AI 自動駕駛的共享車，便宜得要死），你會發現真正富裕的人反而是那個「有時間坐在路邊聽你講完一個故事，眼神專注，完全不看手機」的人。他的注意力是自由的，他想像力是自由的，他的心靈是富足的。
所以中間的決勝點在哪裡？為什麼有些人能變成新貴族，有些人變成數位農奴？
差別就在於你的創造力和想像力。
這裡我要幫大家釐清一個常被混淆的觀念：幻想（Fantasy）跟科學想像（Science Fiction）是兩碼子事。
幻想是沒有根基的胡扯，像是說我明天會長出翅膀飛到月球，那叫神經病；科學想像，是基於對第一性原理（First Principles）和技術趨勢的理解，去推演還沒落地的未來。這是有邏輯支撐的預判。
說穿了，AI 其實很笨，它沒有靈魂，它沒有動機。它不會自己突然想去火星，也不會自己半夜想畫一幅感動人的畫，它需要一個指令（Prompt），需要一個願景。
AI 是為有想像力的人服務的。你有想法，它就是你的阿拉丁神燈；你沒想法，它就只是一個比較聰明的聊天機器人。
這也讓我想到最近很多人在酸 Elon Musk，說他搞什麼火星移民、腦機介面根本是射箭畫靶（先喊一個不可能的目標，再來硬湊答案）。
講真的，在 AI 時代，射箭畫靶才是最頂級的能力。
人類歷史上哪一個偉大的創新不是這樣？黃仁勳三十年前做 GPU 的時候，誰知道未來會有 AI 大爆發？他也是在賭一個視覺運算的未來願景。
每個人的思考維度本來就不同：
黃仁勳是在賣鏟子，他在搞基礎建設，確保不管誰贏，算力都是剛需。
馬斯克是在想生存邊界，他在想怎麼把人類弄到別的星球，或是讓人腦跟 AI 融合。
你會說黃仁勳就比馬斯克踏實嗎？還是馬斯克比黃仁勳偉大？哈哈，這種比較根本沒意義，他們都是在用強大的科學想像去拉動現實的進步。
從創新經濟學的角度來說，有些瘋狂的想法存在即合理，不要急著用自己現在貧瘠的、舊時代的知識去質疑別人的願景…因為在未來的世界裡，最可怕的不是犯錯，而是你連犯錯的想像力都沒有，那你連被 AI 服務的資格都沒有。
所以，回到一開始講的。
以後在留言區看到那種嶄露優越感、在那邊糾正枝微末節、拿著舊地圖想找新大陸的人，你不用生氣，你反而應該要憐憫他XD
因為有些人還活在舊時代的價值體系裡，抱著那些即將貶值的知識不放；而你如果看懂了這篇文章，你應該現在就開始思考：
我要怎麼訓練 AI 成為我的代理人？我要怎麼用我的想像力，去槓桿出屬於我未來真正的自由？
別忘了，未來唯一的貨幣，是你那無法被演算、無法被複製的時間還有注意力～"
貼文105_第1串,"以防有人出來跟我槓：「注意力跟時間又不具備計價單位跟法償效力，怎麼能算貨幣？」
請讀者用另外一個維度思考，在貨銀理論中，貨幣的本質不外乎是價值交換的媒介與價值儲存
當 AI 讓物質生產成本趨近於零，傳統法幣的邊際效用會遞減，此時，無法被量產的「注意力」與「時間」，因其絕對的稀缺性，將取代金錢成為衡量價值的真正錨點，我談的是未來資源交換的底層邏輯，不是在跟你討論明天能不能用時間去超商買茶葉蛋，請勿死讀書…
/"
貼文106_第1串,"今年年初那一趟說走就走的徒步，我從越南一路走到泰國，中間還穿過那個氣氛有點詭異的柬埔寨，
回來沉澱了一陣子，最近滑手機看到還是有網紅在喊要去泰國置產、買房退休，我大概來分享一下我的看法：
（先打個預防針，這篇純粹是我今年實地考察後的主觀心得）
投資這種東西本來就沒有標準答案，也沒有什麼客觀鐵律，如果你已經在泰國買了，或者你覺得泰國就是好棒棒，那肯定是你對，反正錢是你的，你開心就好，大家理性交流，不用太激動。
但如果我們把旅遊濾鏡拿掉，純粹用金融估值來看這幾個國家，你會發現東南亞的一些問題
首先聊聊大家最愛的泰國。
很多仲介會跟你說泰國投報率不錯，但各位，我們算帳要算細一點。買房子如果是為了自住爽，那沒問題，泰國服務真的好，東西又好吃；但如果是為了投資，泰國現在在我眼裡就是一個典型的Value Trap
你用買股票的邏輯想就通了，泰國現在的狀況大概如下：營收已經過了高成長期+本益比死貴+然後配息（租金回報率）不吸引人
（續
/"
貼文106_第2串,"雖然我不是地產投資專家，但萬變不離其宗，核心不外乎看租售比和資產增值性，我就從這兩個本質下去推斷，
以泰國的房價這幾年被外資炒得很高，但如果去當地看過實際租金，除了曼谷少數蛋黃區，有些根本跟不上房價漲幅，租售比其實沒那麼吸引人，這意味著你投一大筆本金下去，每年的現金流回報極低，這在財務上是沒有效率的（當然這是我個人主觀的看法）
再來談增值，房價要漲，背後要有剛需撐著，泰國的人口結構已經開始老化（未富先老），加上政治結構長期不穩定，那個軍方跟民選政府的拉扯已經變成一種慣性風險，而且一直沒改善，我看不到未來的爆發性成長動能在哪裡。
所以，去泰國就單純當個消費者吧，去按摩、去度假、去當大爺，把錢花在那邊就好，但把大把資金鎖在那邊的鋼筋水泥裡？我看還是再想想吧。
至於柬埔寨，那個更不用說了，根本是資產配置的黑洞（缺乏法治基礎，你的產權有沒有保障都是問題）
反觀越南，這才是我今年真正比較看好，甚至自己有丟點錢進去的地方（當然這只是我個人的操作，不構成建議）。
說實話，我在越南旅行的「體感」遠不如泰國，那邊交通亂、給人一種還在躁動的混亂感。
（續
/
View 1 more"
貼文106_第3串,"(聊聊「定性戰略分析+定量估值分析」結合的藝術～文長慎入)
大家如果還有印象，上次 Oracle 剛開完財報，股價盤後直接跳水 11%，我看一堆人哀鴻遍野，都在問：「奇怪，AI 故事不是還在講嗎？Cloud 成長不是還在噴嗎？為什麼股價會崩？」
這其實就是一個最典型的迷思。
大家太習慣看著 Revenue Growth 去追高，卻忘了回到 Valuation 的本質去思考一個最簡單的問題：這家公司到底值多少錢？
這幾年市場被 Nvidia 這種動不動就 YoY +60% 的怪獸養壞了胃口，導致大家現在看股票，手裡拿著 DCF 模型，那個 ""g"" (Growth rate) 隨便一填就是 15%、20% 往上寫…
結果呢？只要 Guidance 稍微不如預期，或者 CapEx 爆表，殺盤殺得比誰都兇。
所以，我今天不想跟各位談什麼技術面，也不想畫大餅講那些還沒落地的 AI 應用，我想幫大家把 Valuation Framework 重新釐清一下
（這裡強烈推薦大家參考哥大商學院教授 Bruce Greenwald 的名作《Competition Demystified》，我認為這是麥克波特以外，必看的競爭分析神作）
首先，我們先來解決一個大家心裡最深處的疑問：為什麼我們學的 DCF 總是算不準？
講白了，DCF 最大的 bug 就在於它對未來的依賴太重了
你只要把 Terminal Value 的成長率從 3% 改成 4%，整個 Target Price 可能就噴出去了
但絕大多數的價值，應該來自於「現在已經存在」的資產和獲利能力，而不是那些虛無飄渺的未來成長
你可以試想一下，在 2025 年這個時間點，AI 的變現模式還在劇烈變動，你怎麼可能準確預測 2030 年的 Cash Flow？
所以，我們今天的這套邏輯，要完全反過來，我們不預測未來，我們先看清現在
Greenwald 的邏輯是這樣的，你想像你在買一家巷口的牛肉麵店，你第一件會想的事情是什麼？
絕對不是「這家店明年會開 100 家分店」，那是做夢
你第一件會想的是：「如果我要在對面開一家一模一樣的店，我要花多少錢？」
這就是 Greenwald 的第一層估值：Asset Value，或者是更精確地說，Reproduction Cost (重置成本)
大家不要被財報上的 Book Value 搞混了，會計師寫的數字通常都是歷史成本扣掉折舊，跟現實脫節很大
我們要算的是，如果這家公司的 Competitor 現在要進場，他要花多少真金白銀才能複製出同樣的資產？
我們來仔細剝開洋蔥的第一層（那個被嚴重誤解的 Asset Value）
在傳統的會計準則下，Balance Sheet 其實是一個歷史文件，它記錄的是過去發生的成本
但在投資的世界裡，尤其是當我們要判斷一家公司是否具備護城河的時候，我們必須要把這個歷史文件轉換成「現實文件」
也就是我剛說的 Reproduction Cost
這要怎麼理解？假設你要複製一家像台積電這樣的公司，你需要的可不僅僅是買幾台 EUV 而已，你需要土地、廠房、設備，還有人才、專利、客戶關係（這些東西有些在帳上，有些根本不在）
我們一個一個來看：
首先是最簡單的 Cash and Marketable Securities
這通常不需要太多調整，1 塊錢就是 1 塊錢，除非這家公司的現金被卡在某些外匯管制國家匯不出來，否則這就是 100% 的價值
再來是 Accounts Receivable (AR)
這裡就有點眉角了，帳面上的 AR 是發票金額，但如果這家公司的客戶都是一些快倒閉的小公司，這些錢收得回來嗎？
所以競爭對手如果要進入這個市場，他們也必須提供類似的信用條款給客戶，也會面臨同樣的壞帳風險
通常我們會把帳面上的 AR 加回壞帳準備，因為這是為了維持生意必須付出的成本，但在算重置成本時，我們要問的是：建立這樣的客戶信用關係需要多少成本？通常直接用 Book Value 經過微調即可
接下來是重頭戲：Inventory (存貨)
各位，如果你看的是一家 fashion retail，像是 Nike 或 Lululemon，過季的衣服就是垃圾，清算價值可能只有兩三折
但是！如果要「複製」這家公司的庫存狀態，你必須花錢去生產這些衣服
所以，對於一家正常營運的公司 (Going Concern)，存貨的重置成本通常會比帳面價值高
特別是如果這家公司用的是 LIFO (後進先出法)，帳上的存貨成本可能是十年前的低價，這時候你就要把 LIFO Reserve 加回去，還原成現在的 Replacement Cost
最難搞的大魔王來了：PP&E (不動產、廠房及設備)
想想看，一家在台北市精華地段有總部的傳產公司，那塊地可能是 50 年前買的，帳面價值可能只有幾千萬台幣
但現在呢？可能值幾十億
如果你只看 PB Ratio，你絕對會覺得這家公司貴死了，或者是低估了它的資產實力
所以我們必須做 Revaluation，對於土地和建築物，我們要參考周邊的實價登錄
對於機器設備，會計上的 Depreciation 常常是直線法隨便攤提的，五年攤完
但實際上，一台保養得宜的工業機床，或者是一座晶圓廠的無塵室設備，它的使用壽命可能遠長於會計壽命
更重要的是，現在蓋一座新廠的成本（人工、材料）都比以前貴多了
這就是為什麼我們常說，在通膨時代，重資產的公司有時候反而有保值效果，因為它的 Replacement Cost 變高了
還有一個隱藏的資產：Intangible Assets
這裡指的不是併購買貴了留下的 Goodwill，那通常是垃圾，直接歸零
我這裡指的是 R&D 和 Marketing 建立起來的資產
例如，一家藥廠開發一顆新藥花了 10 年、10 億美金，這些錢在財報上早就被當作 Expense 扣掉了，資產負債表上可能看不到
但是，如果競爭對手要進入這個市場，他是不是也要花同樣的時間和錢？
所以 Greenwald 建議我們要「資本化」部分的 R&D 和 SG&A
你可以把過去幾年的 R&D 費用加總，當作是產品開發資產的重置成本，這在科技股的估值中特別重要，不然你會嚴重低估像 Nvidia 或 Oracle 這種公司的資產基礎
把這些全部加起來，扣掉 Liabilities，我們就得到了 Net Asset Value (NAV) 或是 Reproduction Value
這個數字代表的是：如果沒有任何競爭優勢，這家公司至少值這麼多錢
如果股價低於這個 AV，那通常代表兩個可能：
一是市場瞎了，這是天上掉下來的禮物（老巴口中的菸蒂股）
二是這家公司的管理層是敗家子，正在不斷的燒錢，把資產價值毀滅掉 (Value Destruction)
但在 2025 年這個 AI 時代，我們看的都是輕資產的軟體公司或是 IC 設計公司，Asset Value 通常都很低
這時候，我們就要進入第二層洋蔥：Earnings Power Value (EPV，獲利能力價值)
這一步是 Greenwald 框架的精髓，請各位把「成長」這個念頭先從腦袋裡拿掉
假設這家公司從今天開始「完全不成長」，它值多少錢？
這聽起來很違反直覺，大家都喜歡 Growth Stock，但 Greenwald 認為只有在「零成長」的假設下算出來的價值，才是最紮實的
如果連零成長的價值都撐不起現在的股價，那你買進就是在賭博
計算 EPV 有幾個眉角，這裡也是最多人搞錯的地方
你不能直接拿去年的 Net Income 來算，因為去年的獲利可能包含了一次性的處分利益，或者剛好遇到景氣循環的高峰
我們要算的是 Normalized Earnings (常態化獲利)
第一步：Normalize Margins
你要把這家公司過去 5 到 7 年，甚至 10 年的 Operating Margin 拉出來看
如果現在是半導體循環的高點（像 Nvidia 現在這種 70% Gross Margin），你直接用這個 Margin 算 EPV，絕對會高估
你要問自己：「在一個正常的商業環境下，它的 Margin 應該是多少？」
例如記憶體產業的 Micron，景氣好的時候賺爛，景氣差的時候賠死，你不能只看好的一年，你需要算出一個穿越週期的平均 Margin，這才是這家公司真正的獲利能力
第二步：Maintenance CapEx vs. Growth CapEx
這是 EPV 計算中最關鍵、也最藝術的一步
財報上的 CapEx 是一包混在一起的，但實際上，公司花的錢有兩種：
1）Maintenance CapEx: 為了維持現有的生意不衰退（修補破洞、更新老舊伺服器、替換磨損的輪胎）
2）Growth CapEx: 為了擴張生意（蓋新廠、研發新產品線、進入新市場）
在算 EPV 的時候，因為我們假設零成長，所以我們不需要 Growth CapEx
這筆錢應該要加回去 Free Cash Flow 裡面，因為如果不追求成長，這筆錢是可以發還給股東的
這也是為什麼很多高成長公司的 EPV 算出來會比你看 PE Ratio 的感覺還要高，因為他們的 CapEx 有很大一部分其實是在投資未來，而不是維持現在
那要怎麼算 Maintenance CapEx 呢？Greenwald 提供了一個很聰明的方法：
計算過去幾年的 PPE / Sales Ratio（每一塊錢營收需要多少固定資產支持）
用這個 Ratio 乘以當年度的 Sales Growth（營收增加額）
這就是理論上為了支持這些新增營收所需要的 Growth CapEx
從總 CapEx 中扣掉這個 Growth CapEx，剩下的就是 Maintenance CapEx
舉個例子，如果一家公司的 PPE/Sales 是 50%，今年營收成長了 100 億
那理論上它為了這 100 億的新生意，應該投入了 50 億的 Growth CapEx
如果它今年總共花了 80 億 CapEx，那剩下的 30 億才是真正的維護性支出
如果我們在算 EPV 時直接扣掉 80 億，那就低估了它的獲利能力，我們應該只扣 30 億
這對於像 Oracle 這種正在瘋狂蓋 Data Center 的公司來說，差別巨大
第三步：R&D 的調整（這在科技業特別重要）
在會計上，R&D 是費用，直接扣減獲利
但在 Greenwald 眼裡，R&D 其實是 Investment
如果這家公司決定停止成長，只賣現有的產品，它還需要花這麼多 R&D 嗎？可能只需要一半來維護現有的軟體版本或產品線
所以，我們會把部分的 R&D 費用加回來，視為 Adjusted Earnings 的一部分
最終我們算出 EPV
現在，我們手上有兩個數字了：Asset Value (AV) 和 Earnings Power Value (EPV)
真正的解題時刻到了，我們要比較這兩個數字，這將決定我們對這家公司的定性判斷
剝開洋蔥的第三層：Franchise 的真相與護城河
Greenwald 的架構之所以迷人，是因為它把複雜的策略分析簡化成這兩個數字的比較
情況一：EPV = AV
這代表什麼？代表這家公司的獲利能力，剛好等於它的資產成本，換句話說，這是一個 Competitive Market (完全競爭市場)
你想想看，如果開一家店超好賺 (EPV > AV)，隔壁老王是不是馬上就會去借錢 (AV)，開一家一模一樣的店來搶生意？
競爭一來，價格戰一打，獲利就會下降，直到 EPV 掉到跟 AV 一樣為止
這就是經濟學的鐵律，在沒有護城河的產業，超額利潤最終會歸零
大部分的公司，長期來看，EPV 都應該等於 AV，如果你發現一家公司 EPV = AV，那你就用資產價值買它，別指望什麼成長溢價，因為成長對它來說沒用
情況二：EPV < AV
這就是前面說的敗家子～資產擺在那裡有 100 塊的價值，結果管理層經營出來的獲利流折現只有 80 塊
這時候你要嘛做空，要嘛祈禱有 Activist Investor 進來把管理層換掉，把資產清算分錢
情況三：EPV > AV
這就是我們夢寐以求的 Franchise Value
這家公司僅憑現有的資產，就能賺取遠高於資金成本的報酬，這中間的差額 (EPV - AV)，就是我們常說的 Moat (護城河)
只有在這個時候，你才需要進入定性分析的階段，因為數字告訴你它有護城河，但數字不會告訴你護城河是什麼，也不會告訴你這個護城河能不能維持
那定性的護城河有哪幾種呢？簡單分成以下兩種：
1）Supply-side: Cost Advantage (成本優勢)
例如台積電的專有製程技術，或者是 Walmart 的區域規模經濟
2）Demand-side: 客戶黏著度（這才是最強的護城河）、習慣、轉換成本、搜尋成本
好，講了這麼多理論，我們現在把鏡頭拉回 2025 年 12 月的現在，看看這些我們熟知的巨頭，到底在這個架構下長什麼樣子
Case Study 1: Nvidia (NVDA) - 護城河的裂縫？
現在大家最擔心的就是 Nvidia，股價雖然還在歷史高檔震盪，但雜音越來越多
用 Greenwald 的架構來看，Nvidia 的 EPV 絕對是遠大於 AV 的，它的 Gross Margin 超過 70%，ROE 高得嚇人～
重置一家 Nvidia 需要多少錢？就算你給台積電幾千億蓋廠，你也複製不出 CUDA 生態系
所以，Quantitative 上，Moat 是存在的，但 Qualitative 呢？
我們來看看那個最強的護城河來源：Switching Cost
過去十年，CUDA 是無敵的，你要訓練 AI 模型，除了用 Nvidia GPU + CUDA，基本上沒別的選擇，這就是極高的轉換成本～
但是！現在情況變了，大家看看 Inference 市場的變化
AI 市場正在發生 Bifurcation (分叉)
Training (訓練)，這還是 Nvidia 的堡壘
Blackwell 晶片賣到缺貨，因為訓練需要極致的通用算力和互連速度，這方面 H100/B200 還是王者，市佔率 90%+
但 Inference (推論) 的邏輯已經變了，Inference 是 Cost-driven 的
當你每天要跑幾十億次 ChatGPT 的查詢，你關心的是「每一塊錢能跑多少個 Token」
在這個領域，Hyperscalers (Google, Amazon, Microsoft) 都在搞自己的 Custom Silicon (ASICs)
Google TPU v6 (Trillium): 在處理大規模 Transformer 模型推論時，TPU 的能效比和成本效益可能比 Nvidia GPU 好上 40-50%
Amazon Trainium 2/3: AWS 聲稱 Trainium 3 比 Nvidia 的方案便宜 50%
這意味著什麼？意味著在 Inference 這塊大餅上，Nvidia 的 Customer Captivity 正在鬆動
如果 Google 和 Amazon 把自家的推論工作負載（這可是佔了 AI 算力的一大半）都轉移到自研晶片上，那 Nvidia 的 TAM 就會縮水
如果 Nvidia 的護城河開始從絕對壟斷變成部分競爭，那它的 EPV 就要重算～
現在市場給它的 Valuation 是隱含了 High Growth + High Margin Forever
但如果 ASICs 切走了 30% 的 Inference 市場，Nvidia 的 Margin 就會受到壓力，回歸到硬體公司的常態（雖然還是很高，但不會是 75% 這種暴利）
這就是為什麼雖然財報還是 beat，但股價開始漲不動的原因，Smart Money 已經在擔心 Moat Fade...
Case Study 2: Tesla (TSLA) - 到底是車廠還是 AI 公司？
Tesla 是一個更有趣的案例，這幾天我一直發文討論他，代表我對他的重視～
但目前市場多空交戰這麼多年，其實就是在吵它的 AV 和 EPV 到底該怎麼算
如果你把它當車廠，那它的 EPV 其實很難看的，現在 EV 競爭這麼激烈（看看中國那堆捲王），車子的 Margin 一直在掉
如果這只是賣鐵皮的生意，EPV 頂多等於 AV，甚至因為產能過剩可能還小於 AV
但是，Tesla 的信仰者看的是 Growth Value，而且是來自 Robotaxi 的 Growth Value
Greenwald 說過一句非常殘酷的話：""Growth only creates value within a franchise."" (只有在護城河內的成長才能創造價值)
如果沒有護城河，你成長越快，只是以此吸引更多競爭對手進來，最後把利潤殺光
那 Robotaxi 有護城河嗎？
目前看起來，Tesla 把希望都押在 Unsupervised FSD，所以我們對此來做個定性分析：
1）Cost Advantage:
這是 Tesla 最大的籌碼，Waymo 用的是昂貴的 Lidar + Radar，一台車的硬體成本可能要 10 萬美金以上（雖然在降）
Tesla 的 Cybercab 號稱只要 2.5 萬 - 3 萬美金，這導致 Tesla 的 Cost per Mile 可以壓到 $0.81 甚至更低，而 Waymo 還在 $1 塊多
如果這成真，這就是巨大的 Supply-side Moat
2）Data Advantage:
Tesla 擁有數百萬台車在路上跑，收集 Corner Case，這也是一種 Scale Advantage～
但是，現在的問題卡在監管... Elon Musk 喊了那麼多年的「明年」，現在 2025 年底了，加州和歐洲的監管還是沒全過
雖然傳言 2026 年初中國可能會有動作，但只要一天沒落地，這個 Franchise Value 就是薛丁格的貓
而且，Waymo 已經在美國多個城市真正運行了，這建立了一種 Customer Captivity（對於安全的信任）
如果一般大眾覺得 Waymo 比 Tesla 安全（畢竟 Waymo 沒那麼多激進的 FSD 事故新聞），那 Tesla 的低成本優勢可能也沒用，因為沒人敢坐
所以，對於 Tesla 的分析，按照 Greenwald 的架構我們可以做以下判斷：
現在的股價 ($400+) 包含了巨大的 Growth Value
這個 Growth Value 只有在 Tesla 真的建立起 Robotaxi Franchise 才會成真～
如果你不相信 FSD 能在 2026 年搞定監管，那現在的價格就是超級 Overvalued（BTW，我信，但是我是用 10 年視角看待～）
Case Study 3: Apple (The Silent Giant) - 最被低估的 Franchise？
講完那兩家吵翻天的，我們來看看 Apple
Apple 的 AV 其實不高，它不需要像 Samsung 那樣蓋面板廠，也不需要像 Intel 那樣蓋晶圓廠，它是輕資產
但它的 EPV 巨大無比！為什麼？
因為那個無敵的 Demand-side Moat: Customer Captivity
想想看，你現在手拿 iPhone，戴著 Apple Watch，耳朵塞著 AirPods，家裡還有 Mac 和 iPad，你要跳槽去用 Android？
那個 Switching Cost 對死忠果粉來說有多高？？你要重新買 App，重新適應介面，這對蘋果來說就是最強的護城河
而現在，Apple 正在做一件很聰明的事，就是用 Apple Intelligence 來變現
不同於 Google 和 Microsoft 需要燒幾百億 CapEx 去蓋 AI Server，Apple 的 AI 策略是 On-device + Private Cloud Compute
它利用的是已經賣給你的 iPhone 17 的算力，這意味著 Apple 的 Growth CapEx 很低
但它卻能透過軟體升級（Siri 2.0, Visual Intelligence）向你收錢，或者提高 iPhone 的 ASP
Apple Intelligence 的變現可能在未來幾年為每股帶來多少增值？？可以自己期待一下～
這就是 Greenwald 最喜歡的 ""Growth within a Franchise""
因為 Apple 已經鎖住了用戶（護城河內），它在這個基礎上推出的任何新服務（AI, Payment, Service），都能享受到高利潤，而且很難被競爭對手搶走
相較於 Nvidia 和 Tesla 還在為護城河的邊界廝殺，Apple 只要躺在它的 Walled Garden 裡收過路費就好
這在定性分析上，是一個非常穩固的 Setup
回到 Oracle：成長的詛咒
最後，我們再回頭看看一開始提到的 Oracle 崩跌，現在你應該能看懂了
Oracle 的傳統 Database 業務是有 Franchise 的（高轉換成本）
但它現在拼命做的 Cloud Infrastructure (OCI)，是在它的 Franchise「之外」擴張
尤其 IaaS 是一個非常重資產、競爭非常激烈的行業，你要跟 AWS, Azure 比規模
Oracle 投了巨資買 GPU、蓋 Data Center (CapEx 暴增至 $50B)，這是在追求 Growth
但如果在競爭激烈的市場追求成長，往往是 Destroying Value
為什麼？因為你的 ROIIC (新增投資資本回報率) 可能低於 WACC
當 Oracle 舉債去買 GPU，它的 WACC 其實是在上升的
同時，因為競爭激烈，它在 Cloud 上的 Pricing Power 不如 Database
這就導致了一個危險的剪刀差（ROIIC < WACC）
一旦發生這種情況，成長越快，價值毀滅越快
市場看到 Oracle 的 CapEx 噴出，但 Revenue Growth 卻不如預期，馬上就聯想到無效投資
這就是為什麼股價會懲罰它，市場擔心它正在把從 Database 賺到的優質現金流，拿去填 AI Cloud 這個無底洞
寫到這裡，交代的也差不多了
我想跟各位強調的是，這套定性定量結合的藝術，不是要你算出一個精確到小數點後兩位的目標價，那是幾乎不可能的
大家如果覺得有道理，底下留言討論一下，或者哪邊覺得我講錯的，也歡迎來留言討論
(完)"
貼文107_第1串,"朋友問特斯拉現在可以買進嗎？
我不會直接回答買或不買，但我想分享一個思考角度：你有多相信自己看好的東西？
如果你真的深入研究並長期看好一項資產，那麼短期下跌，你不該恐懼，反而該問自己：這是不是機會？
如果用五年、十年後的眼光回頭看，現在的任何位置，很可能都是相對低點，這是價值投資的核心精神之一
當然，每個人對安全邊際的定義都不一樣
成長股、科技股的邏輯也未必相同，但長周期視角能讓你跳出糾結於買賣時機的焦慮～（各位可以參考Seth Klarman的著作《安全邊際》，這本書有很好的解釋）
換句話說，如果你因為下跌而不敢買進，或許你並沒有自己想像中那麼看好它（嗯…又或是研究得還不夠透徹）
如果內心無法真正認同，一點波動就會讓你動搖，自然不可能長期拿住～
（續
/"
貼文107_第2串,"Ps另外，也有朋友問我，最近寫文的風格好像變了？是不是帳號易主？
這位朋友可能追蹤我不夠久～我一直都是這樣說話的，只是前陣子認真寫長文，有些主題適合長篇，有些則適合輕鬆分享，有些適合喇低賽，有些適合嘴砲，視情況調整～
最近比較想嘗試把細碎的思考點記下來，覺得有意思的就分享給大家，但會盡量不涉及具體行情，避免讓大家覺得我在推薦什麼
所以接下來，我會長文、中短文都寫，沒有固定格式，保持隨心真誠
謝謝你們，我￼一直都在～
/"
貼文108_第1串,"看完這篇我真的只覺得馬斯克大概真的是這世代最有可能解決美元信用風險的人…
看到這些 xAI、FSD、Robotaxi 的進度
我反而開始重新檢視一下自己的資產部位了XD
Ps.不是因為短期消息，主要是考量應用場景，因為這些技術如果真的落地，整個世界的生產力、能源效率、交通治理都會被他重新洗牌，想想還真可怕
至於怎麼估值？老實講我沒法算
就純粹是一種精神上的支持
支持這老哥認真在改變世界～
w.unsupervised
12/10/25
剛剛跟同學視訊，直接把 Elon 在xAI內部黑客松的進展報告現場錄影給我看
Elon 親口講的：
1. 無人監督 FSD 已經完全搞定，連最棘手的 edge case 都收斂了，現在的表現「比人類司機好太多了」，連Austin的神經病路況都不怕
2. 3 週內，Austin街頭就會出現第一批真正無人（zero human in loop）的 Tesla Robotaxi，連遠端監控都不需要
3. 訓練集群現在每天跑幾十億英里模擬，端到端神經網路已經到「看一次就會」的程度，Elon 說這已經不是升級，是直接跳代了
4. 到時候需要自己做晶片，因為其他人做不到特斯拉要的量
我同學說全場直接爆炸，他說他這輩子沒這麼激動過，連續熬了多少夜、看了多少 log，現在終於看到終點線了。
我現在只想大喊：我他媽認識的人真的在改變世界啊啊啊啊啊！！！
#xAI #FSD #Robotaxi #我同學要上歷史課本了"
貼文109_第1串,"（商品溢價到底存不存在？？）
某一年老婆小孩回台灣，我帶他們去逛夜市，結果女兒說要吃草莓糖葫蘆，我走到一家店，不看則已，一看不得了…一支糖葫蘆，賣到五百元新台幣！！！對，你沒看錯，不是五百日元，是台幣！我當時的內心戲是這樣的：
「老闆，你這草莓是馬斯克搭火箭從火星溫室摘回來的嗎？？？這竹籤該不會是上次王羲之寫蘭亭序那支的後代吧？都沒有？？」
（先說，這跟買不買得起無關，是東西值不值的問題，就算你很有錢，看到一串賣一千，而且又看不出差異化的普通糖葫蘆，心裡應該也會像我一樣打一個問號～）
有些店家以為價格標籤多一個零，商品就會自動鍍金，在以前資訊不發達的年代，這招或許有用，你說是北海道空運草莓，我無法查證，也只能相信～
但只要我手機拿出來，Google草莓批發價一公斤多少，再搜糖葫蘆DIY教學，最後打開外送平台比價～
只要三十秒內，你的成本結構和合理利潤區間，在我心中已經一目瞭然，你值不值那個價，馬上就有答案，你如果提供不出差異化卻想用高價營造高級感？？那你反被客戶當傻子的概率比較大～
你一定會反駁：「啊那名牌包、名錶、鑽石勒？它們不是溢價到外太空？」來，我們來分解一下這種溢價是怎麼一回事～
對買得起、也願意買的人來說，那根本不是溢價，那就是它的核心價值
那個愛馬仕包包，是「我終於擠進這個圈子的入場券」～
那顆鑽石，是「我把下半輩子押給你的實體化契約」～
那支勞力士，是「我的人生已經不需要用時間換錢」的宣言～
人家買的是情感、身份、社交貨幣，不只是物理物件，所以客戶是心甘情願的等價交換，我付一千萬，買我此刻無上的快樂與尊榮，這哪裡是溢價？
但！要玩這種情感價值遊戲，前提是你要先給出讓人「哇塞」的物理或體驗門檻，而這就是差異化的本質
比方說，為什麼蘋果手機敢賣你三萬塊？因為從你打開盒子那「喀」一聲的爽感，到所有裝置無縫接軌的生態系，那種一切都恰到好處的流暢體驗，讓你忍不住「哇塞」。
為什麼大家搶著買NVIDIA的顯卡？因為當別家的卡還在載入，你的AI算圖已經「咻」一聲完成，那種效能碾壓的「哇塞」，讓你覺得這錢是投資未來。他們的定價權，來自於無可取代的「哇塞感」，你買的不是晶片和金屬，是那份領先他人的從容。
那沒有哇塞感的產品呢？完全是另一個世界
你的產品如果長得跟隔壁老王差不多，功能半斤八兩，那你立刻會掉進CP值地獄，消費者會開始拿起放大鏡檢驗你：「同樣8G RAM、128G儲存，A牌賣9990，你憑什麼賣10000？多這10塊是怎樣，盒子比較漂亮嗎？」（你可能會os ：這10塊我拿去買茶葉蛋還能補充蛋白質，買你的盒子能幹嘛？）
這就是HTC、三星（在中階市場）曾經的痛，當你的產品沒有蘋果那種生態閉環，或是中國品牌那種恐怖性價比時，你就只剩下價格戰這條血路~
然後，那個擁有規模優勢、生態鏈、粉絲黏性的巨頭，只要從容的來個降價活動，對你來說就是核彈等級的降維打擊，你連喊痛的機會都沒有，市場份額就沒了～
所以，溢價根本是個危險的幻覺，價格就像一隻活潑的狗，價值就是那條狗鍊，狗可以一時衝很遠（定超高價），但遲早會被鏈子扯回主人身邊（回歸真實價值），你硬要把一支成本200、體驗值250的糖葫蘆，定價到500，得到的絕不是利潤，而是谷歌地圖上一星評論區的腥風血雨，和Dcard上的盤子認證的文章
那真正的狠角色怎麼玩？
答案是：反過來。定價低於你提供的內在價值。讓你給的東西，總是比客人付的錢，「感覺上」多那麼一大截
這就不得不提我偶像Charlie Munger的論點：一家企業最可怕的競爭優勢之一，就是擁有「可以提價，但偏偏選擇不提價」的實力與從容
這觀念你仔細品
想想Costco的「1.5美元熱狗堡+汽水」傳說
三十年！通膨都不知道吃垮多少餐廳了，它就不漲，你以為它不想？它當然可以漲到2.5美元還是賣爆，但選擇不漲，為什麼？
因為這個看似賠錢的熱狗堡，是整個Costco誠實與極致性價比品牌的聖盃，它造成的口碑效應和顧客忠誠度，價值超過十億美元的廣告，這是一種戰略級的讓利，買到的是消費者無條件的信任～
再看IKEA，一樓出口的一支10元霜淇淋，是多少家庭逛到腿斷後的救贖？它難道不能賣20元？當然可以，但它偏不。這10元霜淇淋，是你對IKEA美好體驗的最後一筆記憶，讓你忘了剛才在倉庫區跟自己組裝家具搏鬥的狼狽
這些公司，把某個產品做成價值無窮，讓你感覺這公司根本是慈善事業吧！不知不覺，你就在家具、家電、年費上把錢掏得更心甘情願
反觀那些把市場當韭菜的案例：
比方某網紅聯名拌麵：包裝設計得很美觀，一包賣你90元。煮出來一吃…嗯，這味道怎麼跟我巷口35元的維力炸醬麵，有87分像？我的內心戲：「我多付的55元，是付給網紅的修圖費，還是這包裝紙的藝術價值？這麵吃了是會幫我修圖嗎？」
這些都是試圖用定價和行銷話術來「創造」價值，但產品本身根本在擺爛，一點「哇噻感」都沒有，消費者上一次當，品牌信用就直接沒了～
所以，這些定價手法一旦被看穿，生意就註定做不久～
如果要做到基業長青，絕對是死磕到底，把產品的內在價值做大、做深、做到讓對手絕望，做出那個讓客人從喉嚨深處發出「哇塞」的差異化
當你的產品強到讓消費者覺得「你賣這個價格，是不是有什麼陰謀？會不會倒店？」；當你擁有那種「老子明明可以漲價海撈一票，但我就愛看你們撿到寶的開心表情」的從容霸氣時…
你根本不需要談什麼溢價不溢價的，老子價值就擺在這邊，要不要來買隨便你～
你的客人一旦體驗到你無窮的價值，就會自動變成你的聖戰士，到處去跟朋友分享：
「幹！那家的東西，你一定要試試，真的值！！」"
貼文110_第1串,"（聊聊自證陷阱）
有時候我真的在想，經營自媒體最好笑的一件事，就是你會卡在一個點上：到底要不要回那些酸民？
有些人你看他的留言就知道，閱讀能力真的沒有很好。你明明寫了一整段話，他只看前面兩句，或者故意抓其中一個詞，就開始往死裡打你。
我講真的，這不是貶低誰，但你觀察一下：受教育越不足的人，越容易被那種仇恨動員帶風向。
你看鄉下有些阿公阿嬤，整天講政治，可是你問他到底在氣什麼，他也講不出一個完整的道理，就只是跟著罵。
所以我說，你做自媒體，寫什麼本來就是你的自由。你如果一直在那邊想「這樣寫會不會掉粉」「那樣寫會不會被罵」，那你根本做不下去。
我直接講白了：如果你背後有真本事，你就學伊隆·馬斯克，他老大從來不管別人怎麼看，該嘴就嘴，該酸就酸。
為什麼？因為他的火箭會飛、他的電車能跑，技術擺在那裡，你要買不買隨便你。就算他今天失言，特斯拉短期銷量下滑，你以為他會怕嗎？
不會啦，因為十幾年後，電動車市場搞不好只剩他在玩，那才叫真正的贏者通吃。
這就像蘋果手機，你會因為賈伯斯當年多機車、庫克多無聊，就不買 iPhone 嗎？不會嘛！你買的是產品，不是他的人格。
但反過來說，如果你賣的東西沒有技術門檻，全靠人設在撐，比如臺灣有些健身房，老闆是網紅，大家因為覺得他愛臺灣、有態度才去簽約，那你一講錯話就完了。為什麼？因為健身房這種生意，說穿了你有的器材別人也有，你能裝的冷氣別人也能裝，說到底就是比誰錢多、誰店大。你沒有不可替代的技術，那你的人設一垮，生意就跟著垮。
所以我說，做自媒體你要搞清楚一個原則：
你永遠是你自己，觀眾喜歡你，到底是喜歡你的專業，還是只是喜歡你幫他們罵人？
如果你只是靠罵人、靠嘴砲討好觀眾，那有一天你不罵了，或者罵錯人了，他們就會反過來咬你。
而且我最受不了的是，有些人根本在設陷阱給你跳。
你仔細看那些酸民的留言，很多問題本身就有毛病，比如他問你「你是不是看不起窮人？」「你是不是支持某某黨？」這種問題，你無論回答「是」或「不是」，都已經掉進他的框架裡。你一旦認真回他，他就拿你的話去截圖、去扭曲，然後召集更多人來打你。
這讓我想到古代一個例子：莊子有一天跟惠施在橋上看魚，莊子說「魚很快樂啊」，惠施就嗆他：「你又不是魚，你怎麼知道魚快樂？」
莊子怎麼回？他說：「你又不是我，你怎麼知道我不知道魚快樂？」
靠，這不是在玩文字遊戲嗎？有些問題從根上就是來亂的，你根本不該接招，你一旦接招，就等於承認他的問題有道理，接下來你怎麼答都是輸。
現代做生意也一樣。你看有些品牌被炎上，第一時間忙著發聲明、道歉、解釋，結果越描越黑。為什麼？因為你已經跳進別人設好的戰場，節奏被帶著走。反而有些老闆，從頭到尾冷處理，該出產品出產品，該更新更新，風頭過了大家只記得他的東西好不好用。
所以啦，我最後講一句難聽的：人家今天就是來修理你的，你還乖乖跳進他挖的坑，那你不是傻是什麼？
靠腰，我真的管你去死，你要聽就聽，不聽就拉倒。但你要是真想長久做這行，記得：真正的實力，從來不需要解釋；需要不斷解釋的，往往都不是實力。
你就做你自己，寫你想寫的，講你想講的。
喜歡的人自然會留下，不喜歡的，你跪下來求他也不會轉粉。
人生很長，自媒體只是一面鏡子，照出的是你究竟有沒有底氣，還是只是隨風搖擺的影子。
以上，不管是經營你自媒體、還是經營你人生，都適用"
貼文111_第1串,"（當離職變成博弈：一個厚黑職場體悟）
聊聊慰留文化這件事吧
十幾年前，我在新加坡的金融機構提離職，我的主管一個平日話不多、總盯著數字看的澳洲人，一聽完我的決定後，點了點頭，伸出手說：「Good for you. I wish you all the best.」臉上甚至掛著一絲真誠的微笑。
我當時內心第一個念頭是：「呃，就這樣？你不打算挽留我一下嗎？至少演個戲吧大哥！」
走出辦公室那刻，我腦中閃過兩個解釋：
一是我真的沒那麼重要，二是我主管人太好，真心祝福我
但人性很妙，我立刻傾向相信第一個，畢竟承認自己可有可無，比相信別人無私成全更容易
這件事讓我困惑了很久，直到這些年累積的見聞跟思考，才慢慢品出一些人性的道理
一、離職，是一場雙方都在心裡打算盤的沉默博弈
員工提離職，表面是告別，實質是一場權力測試，你亮出底牌：「別家公司要我。」其實想看看對方會不會說：「等等，我們更需要你。」
公司的反應，往往暴露了它的底氣，如果立刻慌張加碼挽留，等於告訴你：「我們怕你走。」
這會讓公司在未來的關係中佔據下風，甚至可能被反覆勒索～
相反的，那種淡然祝福的態度，有時侯其實是經過算計後的理性，何以？？賭桌上有句話：「如果你不知道誰是傻子，那傻子可能就是你。」在離職談判中，如果你不確定自己是不是不可替代，那很可能……你就不是
馬斯克讓要求加薪的女主管休假兩週，就是一次殘忍的替代性測試，兩週後公司運轉如常，那位主管的位置也就沒了，這聽起來殘酷，但背後邏輯很簡單：所有權力的穩固，都建立在「沒有人不可取代」的前提上～
二、歷史裡的厚黑學：為什麼明君不強留想走的將軍？
以前讀歷史時我常想，為什麼有些皇帝會放走想投靠敵營的將領？不是應該囚禁或殺掉嗎？
後來我懂了，這是一道複雜的人性計算題：
1）強留的後座力很強：
一個心不在你這的人，留在身邊就是顆不定時炸彈，他可能洩漏軍機、帶壞士氣，甚至關鍵時刻倒戈
三國時曹操放走關羽，固然有欣賞之情，但何嘗不是一種風險控管？與其留個怨懟的猛將在身邊，不如讓他欠下一份人情
2）成全有時是最深的權謀：
唐太宗李世民重用曾是敵對陣營的魏徵，換來一代諫臣的美名
有時候，放走一個人，換來的是容人之量的聲譽，吸引更多人才來投，職場也是，爽快放一個優秀員工去更好地方，業界會傳：「那老闆大氣。」下次你要挖角，阻力會小很多～
3）體系比個人重要：
康熙皇帝平定三藩後，大力削弱藩王權力，加強中央體系，因為倚賴少數明星將領是危險的，穩固的制度和接班梯隊才是長久之計，公司也一樣，過度依賴某位明星員工，本身就是管理上的脆弱點
三、給員工的殘酷體悟：你的「不可取代性」需要不斷證明
說回當年的我，之所以會有失落感，其實源於一個天真又美麗的誤會，我以為自己在公司應該有個「重要位置」給我
但現實是，在現代企業的精密分工裡，除了極少數創造關鍵價值的人，大多數職位都是系統中的齒輪，齒輪很重要，但單一齒輪是可以更換的
有這份清醒很重要，與其期待公司在你提離職時痛哭流涕，不如在日常就累積兩種東西：
一是真正的專業價值，讓你的離開會造成某種痛感
二是良好的職場信用，讓你的離開換來的是祝福而非慶幸
四、給老闆的暗黑建議：慰留的最佳策略，可能是不慰留
如果你是個主管，面對優秀部屬提離職，我建議你可以這樣想：
1）可以先區分對方「真想走」還是「想被留」？有些人提離職是為了測試自身價格，這種心態本身就有問題，強留下來，後患無窮
2.）真心祝福，反而可能開啟未來合作的大門，業界圈子很小，今日的部屬可能是明日的客戶、合作夥伴甚至老闆，一份善意，可能成為未來的橋樑～
3）重點永遠是健全團隊，而非依賴單一明星，與其把資源花在強留一個人，不如思考如何讓團隊結構更穩健，讓任何人離開都不致崩盤
離職這面鏡子，照出的是人性與理性的拉鋸
十幾年後，我感謝當年主管沒挽留我～
真正的職場成熟，是接受自己可能沒有想像中重要，同時也不把自我的價值，完全建立在別人的挽留之上
慰留文化，表面談的是人才去留，深層照出的是人性，我們都渴望被需要，害怕被取代（而企業則在情感與理性、短期損失與長期風險之間不斷權衡）
最後我想說，離職最美的結局，或許不是加薪升職留下來，我認為反而是雙方都能帶著一絲感謝，繼續各自的旅程
畢竟，職場是條長河，我們都是其中的舟子，今日此岸相送，明日或許彼岸重逢
江湖不大，有緣再會。"
貼文112_第1串,"政治這件事本來我是不太想發文的，但因為這次剛好牽涉到校園霸凌，而且我自己小孩也在念小學，身為家長還是想簡單講一下我的看法。
我的結論：賴瑞隆這一波，唯一做錯的事情，就是他剛好叫賴瑞隆，沒了～
小孩在學校吵架、排擠、甚至到霸凌，老實說是常有的事，當然我不是在挺霸凌這種行為，我自己是霸凌零容忍，我女兒也不可能被我允許去霸凌別人。
但換作一般家庭，通常就是學校、導師、家長之間關起門來處理，今天會被放大到要開記者會、上政論節目被檢討，只是因為他在選市長，他叫賴瑞隆。
Btw說句實話，我覺得他這一波選舉真的很傷
在現在這個氛圍底下，只要他還有心要選，一定會被對手抓著這個議題打，校園霸凌又是敏感的議題，輿論很難翻盤~
老實講，搞到這個程度，我覺得他不如讓賢給別人
沒辦法，輿論這一塊就是台灣選舉很現實的一面，只要扯到小孩霸凌，標籤一貼上去，要洗白真的非常難。
就這樣，單純一個家長的角度，對這件事小小的感想
/"
貼文113_第1串,"兄弟，你要不要看是你的自由，
我想發什麼也是我的自由。
你不同意我的看法 OK，我也尊重～
但跑來指教我只能發投資文就有些管太多了
Btw先說我對你沒意見～我只是不喜歡別人干涉我 感謝
/"
貼文114_第1串,"聽哥一句勸，如果你腦子裡還在琢磨高頻量化套利，或是盤算在台股甚至海外市場搞什麼高頻交易，你先停下來，好好想想你的對手是誰…
在對岸，你的對手會是梁文鋒那幫人帶出來的頂尖量化團隊，成員是奧數金牌、物理博士，他們用衛星數據和自然語言處理模型在做決策
在海外，你的對手是Jane Street、Citadel Securities這類造市巨頭，他們鋪設的跨海專用光纜，就為了比別人快千分之幾秒
前幾年，我近距離看過這些遊戲是怎麼玩的，細節不能多說，但可以跟你講個大概～
有些高頻量化都把把伺服器主機直接放在交易所的機房裡，為了搶微秒級、甚至往奈秒等級逼近的優勢
他們交易早就不是在討論價格會漲會跌，比較專注在「A市場的價格訊號，跑到B市場需要多少時間」這個物理事實
我回國後聽幾個台灣的朋友分享，台指期和台灣50 ETF之間的價差交易，比方期貨動了，但ETF的報價更新會有延遲，這個延遲可能只有零點零幾秒，但夠了。他們的系統能在期貨下單的同時，去ETF那邊搶到還沒反應過來的舊價格，完成鎖定價差的動作，賺的就是這個時間縫隙的錢
（續
/"
貼文114_第2串,"這需要什麼？你要砸錢買很昂貴的初期硬體投資、然後很重要的是要有頂尖的軟硬體工程團隊
你就把它想成是一場軍備競賽，一般散戶就一個用著家用電腦、透過券商下單的個人，連入場券的邊都摸不到，也就是說…你的單子還在網路遊走，他們的單子已經往返好幾輪了
還有另一種散戶玩不起的遊戲
像ETF的創造與贖回機制，當散戶看到溢價瘋狂追買時，有AP牌照的造市商，正在後台買入一籃子股票，換成ETF單位，然後把溢價的部分無風險搬進口袋，你沒有那張特許執照，就沒門～
所以，市場上所有穩定、可重複的微小價差，都早已被資本更雄厚、技術更尖端、規則比你更熟悉的機構牢牢把持，對他們來說，這是一種徹底的降維打擊～
所以…與其去他們主宰的遊戲送頭，不如就…徹底看清這個現實吧，把你的時間和精力，從追逐這種海市蜃樓中挪開，轉向那些機構因其笨重而難以覆蓋的角落，比如你自身專業領域的深度研究，或是需要極長時間耐心等待的價值機會
認清有些錢不是你該賺的，本身就是最重要的生存智慧
/"
貼文115_第1串,"前陣子叫大家去看一些金融工程的書，有人就私訊跟我說：「不知道自己大學四年要不要 ALL IN 這一塊？」
我反而覺得，大學四年不一定要把自己綁死在一個領域上～
很簡單一個道理，超多人大學念的，跟出來工作用到的，根本兩回事，真的出社會到職場才發現：「欸幹，我四年到底在學三小？」
所以大學四年比較珍貴的技能，我反而認為是在培養下面的能力：你怎麼跟人相處？怎麼溝通？怎麼學會學東西
也就是developing your learning ability，相信我，就算現在有AI，很多大學生的學習能力還是跟X一樣
還有一點我要說的是，很多人很焦慮「我要趕快找到人生目標」，但我覺得目標這種東西，本來就沒那麼好找。
你如果覺得自己很快就想清楚了，有時候是否反而代表你還沒真的往內心挖太深？？
（續
/"
貼文115_第2串,"太早把路走得太窄、太深，看起來很專業，實際上你之後要轉彎會很痛苦
你看，財務工程的不一定最後留在財工領域
數學系有人跑去搞金融，有人跑去當老師
馬斯克念物理的，後來也不是乖乖在實驗室混一輩子。
人生本來就是一直轉彎、一直偏航，這很正常。
所以我反而會鼓勵大學生，趁大學這四年，多跨領域、多亂試，多去碰一些你原本不會接觸的東西，把自己的腦袋打開一點，open-minded 一點，別把自己搞得很nerdy，因為你的專業一定會被AI取代，所以不要急著把自己的視野關起來～
/"
貼文116_第1串,"針對黑天鵝作者 Taleb 在 X 上的那張圖，他其實意思不是在叫你用停損或不要停損，他是在講一旦你加上停損，你整個策略的性質就被你自己改寫了
這概念我之前在自己的社群也有聊過，只是我沒像他一樣用數學式解釋，簡單來說市面上停損種類很多，時間停損、價格停損、邏輯停損……
我今天只想抓其中一個來講，價格停損。比方畫一條你自己覺得很有意義的支撐壓力線，進場後把停損點卡在那條線附近，這個方法我曾經吐槽過它很有問題，那個位置對市場、對經濟，也許一點金融上的意義都沒有
結果就變成你自己設一個對於波動來說過於狹窄的停損（你maybe認為「風險小所以盈虧比很漂亮」）
價格稍微波動一下就把你洗出去，然後一直吃手續費跟滑價，最後很幹的事是..行情居然照你原本看對的方向走，只是沒有繞過你畫的那條蠢線，最後以為自己有在風控，其實只是在幫市場打工，當免費流動性提供者XD
（續
/"
貼文116_第2串,"針對很多人停損點設非常窄+停利拉超遠這種事前進場規劃來說，這本質上有兩種可能，
第一種等於宣告我知道市場會怎麼走（代表你非常非常有把握，不然你就不會把停損這麼窄）
問題是你根本不知道現在波動環境、流動性條件，
稍微遇到一點 liquidity gap，你想停在哪裡，市場根本不理你
第二種可能是…你可能對於這筆單子賠掉也沒差，看會不會矇對，所以用很小的止損
我自己比較喜歡的是邏輯停損，例如我買標普 500，本質上就是在押美國資本主義不死，只要這個前提還在，我就不會在那邊畫線停損，甚至跌越深越想加碼，什麼時候需要認賠？就是美國資本主義不復存在，那就是大家一起 GG，停損也沒意義～
同樣道理放到個股（或其他資產）也一樣，如果你看的是 10 年、20 年後的星辰大海，那你今天到底是 180 買還是 210 買，差別真的沒有你想的那麼大，但如果你被技術停損綁死，只要回檔 5% 就嚇到砍單，
你會整天在那邊進進出出，成本就會一大堆，
最後趨勢沒賺到，結果變成券商的VIP～
/"
貼文117_第1串,"考試 100 分，不一定代表你只有 100 分的實力，是最多只有100分給你考
考 95 分的，很多是真的就 只有95 分實力
表面只差 5 分，用線性思維看起來好像只差一點點，但背後差距其實是指數級的
以美國現在的國力優勢來說，不論是頂尖大學、創投市場、美元體系、IP 保護、軍工…，只看某幾個應用場景好像中國也做得出來，甚至令人感覺「快趕超美國」，那是真的低估了背後結構性的差異
所以最近看到不少 YouTuber、評論在喊「中國科技其實已經快追上、甚至快超過美國了，只差一點點」，我想說的是，分數差五分，不代表底蘊也只差五分
類似的嘴砲很多，像中國最愛講五千年文化底蘊，但很多時候看起來比較像一百年的週期循環，重複五十次在原地打轉
說到這個，對岸朋友可能會不爽，但我講一個很單純的現象就好
中國其實不少股民，自己 A 股不碰，資金一直往美股大盤那邊丟（你什麼時候看過美國人，反過來 all in 買 A 股大盤 ETF 的？）
這就不用吵意識形態了，其實大家心裡都很清楚怎麼評價風險跟長期回報
嘴巴可以說很愛國，但資產怎麼配置這種拿出真金白銀的行為決策不會騙人，講完～"
貼文118_第1串,"最近又陸續有人敲我說要約線下 coffee chat，先老實講一聲，很多人大概會小小失望XD
因為我去聊天，真的大多數時間都在喇低賽
我自己感覺得出來，很多讀者來，是想帶一點東西回去的，其實該講的東西我都寫在文章裡面了
結果你會發現我平常跟你聊天比較像在聊什麼「賭標普500就是在押美國資本主義」這種很本質的東西
對方如果頻率沒有get到的話就會打哈欠..
我猜他們真正想知道的是：「那你覺得下次美聯儲升/降息機率多少？S&P 回調到哪裡可以all in？那特斯拉多少可以買、多少要賣？」
老實說，這種我也不知道啊，我大概也不會在想線下花兩小時幫你把概念展開來，大家只是出來喝咖啡而已
而且我平常也不會碰太多我沒興趣的東西～
所以不會今天跟你分享特斯拉、明天又聊到甲骨文、後天再來一檔新題材"
貼文118_第2串,"馬斯克現在在搞 Neuralink，讓我想到一個異想天開的應用
以後會不會有反向輸入這種東西？也就是不用讀書，然後知識流直接從晶片灌進大腦？？
但站在外行人的角度，要進化到精準寫入結構化知識，不知還差幾代技術？？希望有生之年可以看到"
貼文119_第1串,"HTC找工程師當品牌 CEO其實並不是它後來烙賽的原因…
全世界一堆成功品牌老闆本來就是 engineer，不懂技術不懂產品，要怎麼做定位跟 story telling？？
真正的問題一樣出在company culture，
我就以松下電器為例，
自從松下幸之助過世之後，結果後面接班人沒把文化跟決策機制 build 起來，組織越來越官僚
什麼事都要往上簽呈，連創始人過世，接班人做決策還在揣摩上意松下老人家在世時會怎麼想….看到這種官僚文化誰敢跟他合作
一樣邏輯套用在HTC 當時遇到韓系陣營卡 OLED 供應鏈又被蘋果打專利戰，外部壓力當然有，但如果組織本身夠 agile授權清楚、time-to-market 快一點，不至於傷筋動骨
況且那幾年智慧手機已經是全球 scale game，活下來只能靠反應速度，不過公司文化如果真的爛到骨子裡了…你後面怎麼做決策都是錯的
peter.kao.3597
12/04/25
HTC為什麼會走下坡？我可以告訴大家其中一個原因，因為我曾經是十幾年前跟他們合作開發新產品的ASIC廠商一員
簡單說，他們的經營與管理制度很有問題，一個新產品的prototype 已經讓我們花一年多的時間幫他們完成功能開發，也陸續展示幾次給不同層級的主管看過一路到技術長，結果我們要求他們花點錢做一些樣本一起做市場推廣，卻換來一句：這得讓CEO看過才能決定，但是他目前很忙時間難排….
做幾個樣本是會花多少錢？需要總經理看過才能決定？其他人都沒有決定權？你們跟我們說的商機可以這樣被耽誤？
那天開完會我們業務副總就決定撤掉這個案子😆"
貼文120_第1串,"Vincent 這篇我真的蠻有共鳴的
以我自己跟女兒的互動為例，以前她看完一本書，我不會急著問她」「這本書在講什麼」，我都會先丟問題給她，像是：你覺得這個主角最酷的地方是什麼？如果你是作者你會怎麼做？
然後等她回答完，我再順著她的答案，往下一層問下去，慢慢引導她自己把那個思考的 depth 挖出來
久了就發現她是真的在學怎麼思考、怎麼表達自己的感受，算是某種程度上啟發她的好奇心
再來是刻意留白這件事
我以前在跟朋友聊一些比較 serious 的話題時，會有一個壞習慣，就是忍不住會想插話、想給建議，結果對方思路直接被我打斷（台灣話叫做白目）
當然這件事也不是百分之百不好啦，有時候在某些管理場景你是要打斷的
像張忠謀一開始回台灣時，沿用他在德儀那套 meeting 文化，開會就直接開幹、直搗黃龍，抓重點、打斷你廢話，這在某些公司文化裡被當成效率。但放到台灣職場，很多人會覺得他很魯莽、很愛插嘴，這就是文化差異，要權衡
後來我開始刻意練一件事：shut up and listen
就讓對方多講一點，讓那個尷尬的空白多存在個三秒、五秒，反而常常會冒出一些很有價值的東西
(續
/
vincentyucw
12/03/25
如何問出好問題：你提問的方式，反映了你的認知層次
​
在職場上，人們常以能快速、正確回答問題為榮。但真正的高手是能問出讓人坐直身體、不得不重新思考的問題。很多時候我們不是缺答案，而是缺一個能把我們帶到更高維度的問題。
但同一時間，「如何問出好問題？」本身又變成了一種新的焦慮。
​
對於這個問題，我們似乎學過標準答案：「要問開放式問題」、「多問為什麼」、「學會 5W1H」。這些建議中規中矩，但它們頂多讓你成為一個合格的提問者，卻無法讓你進階成高明的提問者。
​
然而我們都曾在某些時刻感受過「好問題」的真正威力。它可能發生在深夜閒聊時，朋友的一個提問直指核心讓你重新認識自己。那個瞬間，問題不再是取得資訊的工具，它更像一把打開了原本緊閉房間的鑰匙，引發你更深的思考並釋放了新的可能性。(題外話：拋開私德不談，Charlie Rose 的訪談是我心中提問藝術的教科書之一）
​
換句話說：
有些提問是單向索取，你想得到一個已知的答案。
另外一些提問是雙向共創，你邀請對方探索未知的洞察。
​
要達到這個目標，我們必須拋棄對「完美問題」的迷戀。提問不是技術，所以這篇文章不會告訴你「五大提問技巧」。我更想討論的是：怎樣的心態與能力，才能問出真正有力量的問題？
​
▉ 你的問題，是反映你認知的鏡子
​
每個問題，都是對提問者大腦的一次「活體組織切片」：從這個切片可以看出發問者的好奇心停留在哪個層次、知識邊界在哪裡、是否做足功課，以及他看待世界的框架有多深刻（或多淺薄）。
​
從提問這面鏡子照出的，不只是一條「從淺到深」的線性階梯，而是一個更複雜的矩陣：它同時反映你的提問焦點，也暴露你的提問意圖。
​
我們常陷入一個迷思：認為問「模型」就比問「事實」高級，或「賦能」就一定比「萃取」更好。
​
但我後來才體會到，最重要的關鍵在於情境（context）。沒有情境的問題，就是錯的問題。在錯誤的情境上，再怎麼精雕細琢都不會變成好問題。有些情境，你只需要精準的事實；有些情境，你需要的是能被複製的模型。兩者沒有高低，只看你此刻在追求什麼。
​
一個高明的提問者是情境切換的大師。我們可以把提問區分為兩個維度：
* 提問焦點：你的問題是為了獲取事實（具體數據、事件）還是理解模型（對方的思維、因果關係）？
* 提問意圖：你處於驗證模式（確認、查核、診斷）還是探索模式（發現、啟發、共創）？
​
這兩個維度，構成好問題的四個象限：
​
第一象限：事實查核者（驗證 x 事實）
* 適用情境：醫生問診、記者採訪、投資人盡職調查。
* 目標：精準萃取，用關鍵事實驗證心中假說。例如投資人問「某個產品的毛利率具體是多少？」、醫生問「這個症狀什麼時候開始的？」在這個情境下，單刀直入是最有效率的做法。
​
第二象限：好奇的探索者（探索 x 事實）
* 適用情境：建立信任、了解全貌、進入新領域。
* 目標：建立安全感、收集你可能還不知道的資訊。例如辦案員警問「當時還發生了什麼？」、「關於那件事，你可不可以多說一點？」。發問者不是在驗證，而是在邀請對方安全地提供更多事實。
​
第三象限：診斷者（驗證 x 模型）
* 適用情境：壓力測試、策略辯論、風險管理。
* 目標：這是在萃取對方的思考模型並加以挑戰。例如董事會問CEO「你的策略是否考慮了競爭者的反應？」、「這個模型中最大的假設是什麼？」。這不是在賦能，而是在驗證模型的有效性。
​
第四象限：共創者（探索 x 模型）
* 適用情境：教練、創意發想、深度對話。
* 目標：啟發與創造。例如投資人問管理層「如果資源無限，你會怎麼做？」、「我們還能從什麼角度看這個問題？」。讓發問者與對方一同建構各種可能性。
​
大部分人問不出好問題，不是因為笨，而是因為「定義問題」比「回答問題」更複雜。平庸的提問者只會活在單一象限。例如永遠在第一象限查核事實，在需要創意發想的會議上就會扼殺點子。
他們也有可能被自己的心理預設困住：他以為在「問問題」，但其實是在維護自我形象。因為害怕自己聽起來不專業，所以他只敢問自己「確定會有答案」的事實問題。
​
高明的提問者懂得切換。你的問題除了必須精確地反映對當下情境的判斷，還需要放下自我，從「我是這裡最聰明的人」（我比別人懂得多）轉變為「我必須保持好奇心與彈性，接受各種不同的想法」。
​
▉焦點轉移：從「尋求答案」到「解構思考模型」
​
理解了提問的四大象限，我們再來談談提問時另一個常見的錯誤：太執著於答案。
​
當我們急於尋求答案時，我們得到的往往只是結論。但結論是思考的終點，不是路徑。
​
高明的提問者想建構的，是對方腦中那套用來理解世界的運作軟體。它包含對方的假設、信念、價值觀，以及他們看到的因果關係。如果你能透過提問看清他們的思考模型，你就能理解他們為什麼得到那個結論，甚至能預測他們在不同情境下的反應。
​
但有點反直覺的是：雖然許多書籍推薦「多問為什麼（Why）」，這個方法必須謹慎使用。我們必須區分「指責性的 Why」與「探索性的 Why」。
​
當你問出一個「指責性的 Why」（例如「為什麼你去年的市佔率下降了？」），它天然帶有「審視」意味。對方的大腦會立刻切換到防禦模式，不會回想決策過程，而是建構一個最能為自己辯護的理由（即「事後合理化」）。你得到的是他們此刻編造的故事。
​
然而「探索性的 Why」（例如「為什麼這個理論會成立？」）卻是所有深刻探究的起點。
​
在對話中，如果目的是解構模型而非歸咎責任，更安全的策略是用 What 和 How 來轉譯那個 Why，避開防禦機制：
* 與其冒著被誤解的風險問：「你為什麼會做出那個決定？」
* 不如問：「你當時是如何權衡不同選項的？」
* 或者問：「在你的決策過程中，什麼因素是你最看重的？」
​
這樣問，比較不容易讓人感受到威脅就開始編故事。當你從尋求答案轉變為解構思維模型時，你的提問焦點就從過去的結論轉移到了「未來的可能性」與「底層的驅動力」。
這才是好問題的核心。
​
▉ ​ 「問題序列」的設計：從單點到漏斗
​
第三個關鍵在於「問題序列」。
​
千萬別幻想有單一的完美問題，彷彿只要問對那一句話，所有問題都會迎刃而解。
​
有經驗的提問者從不依賴單一問題。他們是問題序列的設計師。知道如何透過層層遞進的問題建立信任，讓受訪者安心分享他的思維模式和想法。
​
一場好的對話要像漏斗（Funnel），有策略地將對話從廣泛引導至深刻：
* 建立安全感：從簡單、非威脅性、基於事實或正面經驗的問題開場。目標是建立信任，讓對方進入安全模式。
* 探索地圖：開始了解事實、對方的觀點和情緒。這是解構思考模型的開始，通常以「What」、「How」為主。
* 觸及核心：在信任基礎上，提出最核心、最深刻、甚至最具挑戰性的問題。我常用假設性問題（「what if…」）、價值觀問題（「你認為…」）。例如 「如果你擁有無限的資源和時間，你會如何處理這件事？」、 「這整件事裡，真正讓你感到擔憂（或興奮）的是什麼？」
* 總結與前行：最後用幾個問題確保雙方有共同結論，沒有誤讀之前的回答。
​
沒有序列的提問是危險的。
​
如果你跳過建立安全感和探索地圖，直接進入核心（例如會議一開始就問：「我們這次戰略失敗的主因是什麼？」），你得到的只會是尷尬的沉默或充滿防衛的官腔。因為你沒有為這個深刻問題鋪設足夠的心理安全路徑。
​
所以不要再尋找那個「一擊必殺」的問題。像剝洋蔥一樣，學會設計你的問題序列，溫和而堅定地層層深入，才能得到你想要的關鍵看法。
​
▉ 提問的「時機」：沉默與留白的藝術
​
有時候最強大的提問工具，是沈默與留白。
​
大部分人天生害怕沉默。在對話中一旦出現超過三秒的空白，我們就會焦慮，急著用下一個問題或評論填補。
​
所以當你問出一個好問題後，不要急著跳到下一個。偶爾可以出其不意地利用「策略性沉默」，利用人類本能想填補空白的驅動力，讓受訪者的回答不停留在最表層，而是因留白帶來的輕微張力，感到補充說明的必要。
​
這種沉默有三種強大的力量：
* 給對方思考的空間：他們需要時間從記憶中提取資訊，或在腦中組織複雜觀點。
* 傳達你的尊重：你表明你不是在趕流程，你是真的在乎他的回答。
* 鼓勵對方深入：沉默的張力會迫使對方交出更誠實、更完整的「第二層答案」。
​
你最強大的追問，往往就是溫和的「沉默」。沉默讓我們聽見更深層的答案，而一個更本質的問題，則能讓我們看見更簡潔的真相。
​
▉ 高槓桿問題：找到複雜系統的支點
​
面對複雜問題時，我們最大的衝動就是堆疊問題。
​
我們以為問了十個問題，就能拼湊出全貌。但這只是線性思考、是用力的蠻幹。世界不是線性的，投資不是，人生的問題更不是。
​
在一個複雜系統中，99%的細節是噪音，只有1%是「支點」。平庸的提問者在噪音中打轉；高明的提問者則在尋找支點。這就是「高槓桿問題」。
​
它能切斷無關的枝節，強迫所有人把注意力集中到那個唯一能撬動全局的關鍵點上。
​
舉個例子，面對一個業績下滑的團隊：
* 低槓桿問題（線性堆疊）：「你上週拜訪了幾個客戶？」、「為什麼某個客戶流失了？」、「有沒有試過另一個方法？」。這些問題都在處理「症狀」。
* 高槓桿問題（尋找支點）：「如果我們只能做一件事來讓業績翻倍，那會是什麼？」 (此問題迫使團隊找出最重要的單一驅動因子）。或是「我們團隊是不願意做，還是不知道該怎麼做？」 (這個問題直接切入「動機 vs. 能力」的二元支點，答案將決定完全不同的管理策略。)
​
讓一個人或一個團隊困住的，通常不是他們不知道答案，而是他們花太多心思在低槓桿問題，耗盡了心力卻忘了去問那個真正該問的問題。
​
一個真正的好問題，就是一把能撥開迷霧的解剖刀。它不增加複雜性，並直指那個最關鍵的支點。
​
▉ 問題的終點是成為更好的人
​
最後我想回到最初的起點。
​
這篇文章雖然嘗試回答「如何問出好問題」，但我們最終會發現，你無法在不改變自己的情況下，真正改變你提問的方式：
* 如果你不是真正好奇，你就學不會解構思維模型。
* 如果你不是真正謙卑，你就無法實踐賦能的意圖。
* 如果你不真誠，你就無法與受訪者建立信任感。
* 如果你沒有耐心，你就無法掌握沉默的藝術。
​
問出好問題不是在別人面前展示聰明，而是承認世界比你想像的更大。它強迫我們放下自我、用好奇取代批判、用聆聽取代說服。
​
歸根究底，這是一場深刻的個人修行。但也正是透過這種有點辛苦的修行，我們才有機會看見新的地圖、新的模型、新的理解方式。
​
下次對話前，先問自己：我的情境與意圖是什麼？你只需要從下一次開始，願意多問一個好問題。它會讓你逼近問題的核心、逼近真相，也逼近那個某天回頭，會感謝自己曾經敢多問一句的你。"
貼文120_第2串,"不管是對方真實的想法，還是他原本沒打算講，但在那個 silence 裡被自己挖出來的那一塊
面對面溝通的時候，我也發現一件很關鍵的小事：表情管理
有時候你問題問得再好，如果你臉看起來很臭，對方看到就會害怕，不敢亂講、只敢講政治正確答案，那你就發現你問的問題等於白問
有時候做我表情管理反而給對方一種「沒關係，你慢慢想、你亂講也沒事的」
這樣對方真的會多講很多，而且可以啟發深度思考
總之，Vincent這篇文寫值得一讀，有點像是幫我把這幾年的實務經驗，整理成一套比較有 structure 的概念
/"
貼文121_第1串,"某一個小兄弟剛畢業找工作時遇過的真實案例
紐約有一家叫 T3 Trading Group 的公司，長年在 LinkedIn 上張貼招募trader的職缺
我記得當時我們的研究員也收到他們的招聘訊息，說什麼加入他們當交易員可以學習頂尖技術、賺很多錢等等
仔細一看徵才條件，我直接黑人問號
原來去這家公司當交易員，你是得自備資金進場的！
而且簽約時白紙黑字寫明，如果你在他們那兒操作虧了錢，必須用自己的錢補足保證金，否則就不能繼續交易⋯
換句話說，去那上班不是拿薪水，反而是拿自己的錢在替公司交易
他們提供一點槓桿資金和交易平台給你，用好聽話說是給你環境和資源，但實際上，你等於是花錢買進他們的門票
當然，T3 對外包裝得像什麼提供專業的交易環境、完善的培訓課程，還有資深交易員當 mentor 帶你，一副要把你培養成華爾街之狼的樣子⋯⋯他們還會畫大餅，洗腦你說：「與其去 Goldman Sachs 拿死工資，不如來我們這靠自己本事幹，賺取 unlimited upside！」
我那時候想⋯真正正規的量化交易公司，是付薪水請你來幫他們賺錢，哪有倒過來要你先掏錢給公司的道理？
（續
/"
貼文121_第2串,"嚴格說，T3 這種模式下，你壓根不是他們員工，比較像是付費使用他們平台的客戶
你用自己的真金白銀在他們系統上交易，每筆交易的手續費還不是進他們口袋？
虧了錢你自己扛，賺了錢可能還得跟公司分成，之前某個同事笑這是另一種披著量化交易資金盤，想想還真有道理
/"
貼文122_第1串,"（如果你是要在市場裡去找 alpha，你思維真的不能太Limited…）
最近看一堆財經 KOL 在網路上互罵，我自己偶爾會在旁邊吃瓜，但我其實不care誰對誰錯，我反而在想…投資這件事情藝術成分是大於科學甚多的，那為何會戰成這個樣子？？
很多人一開口就「存股垃圾」、「價值投資過時」、「個股都是害人」…講得好像自己那一套是 ultimate strategy，別人的方法都是垃圾，但老實說，你要當網紅，用這種引戰當 marketing，我懂，演算法吃你這一套，仇恨動員去拉攏自己的受眾，短期真的有用，但如果你是自認為有素養的投資人，靠這種方式證明自己就有些掉價了
市場那麼多維度，很多方法我自己也覺得很賭爛、很鳥沒錯，但不代表它們一無是處，很多時候只是你沒辦法用比較開放的眼光去看它能在哪些情境發揮
像查理蒙格也有很明確的立場，他也嫌很多東西很蠢，可是你很少看到他直接把整個流派講成完全垃圾，反觀有些台灣人，尤其是出過書的某些教授，講話那個武斷程度，直接 one shot kill…我就覺得有些武斷
我舉個例子，有些機會本來就不是線性思維看得到的，你必須開放一點多去接觸不一樣的概念～像指數化思維、network effect、平台壟斷、競爭模型位移這種東西，一般人的直覺是抓不到的
你看傳統線性思維的人，會覺得用戶今天多一個、明天多一個，成長就是一條斜斜的直線，但真實世界很多東西是 exponential 的，比如說一個平台從一千個用戶到一萬個用戶，也許營收只是多一點點，但從一萬跳到一百萬時，邊際成本幾乎不變，獲利直接開掛，這就是 network effect + scale 的威力
死腦筋的人抓不到這些 pattern，就會自動得出一個結論：「這種東西太難，抓不到，算了啦，乖乖指數化投資就好。」然後就開始去研究什麼 Markowitz、mean-variance這些市場有效的觀點，然後固步自封把自己關在 comfort zone 裡面，當然我也沒說他們一定錯，只是你確實也要承認自己自動放棄了一些不對稱機會，如果你一開始就把別人的方法當垃圾，然後自己最厲害，你等於是把所有新框架、新 model 都堵在門外
快思慢想作者康納曼講的系統一、系統二就是這個概念，你系統一是快思（直覺、情緒、反射，很適合拿來跟鄉民吵架）vs系統二是慢想(推理、邏輯演算、查資料）
你整天用系統一在網路上嗆聲，系統二根本沒在用它，久了你只會越來越確信自己是對的，實際上只是越來越封閉
這也是為什麼這幾年我開始逼自己跨領域，不把自己鎖在金融數學或宏觀經濟那種技術宅男單一角色，有時去看商業模式、科技、哲學、心理學，甚至創業者怎麼思考，多拓展自己的撞擊點，讓點形成線、讓線變成面，最後越來越聰明～
雖然我常常自嘲放棄專精特定領域是「自廢武功」，但可以換來一個比較 cross-disciplinary 的視角
結果發現，很多別人看不到的東西，反而會慢慢浮出來，甚至可以 roughly 描一下未來會長什麼樣子。說好聽叫格局變大，說難聽一點，就是被市場修理到不得不 reset 自己的 mindset，然後剛好因禍得福～
回到前陣子那些在網路上找人引戰的教授跟KOL，為什麼有些人那麼堅定只挺XX方法，然後幾乎一刀否定其他方法？我現在比較傾向用盲人摸象來看這件事
大家都是盲人，差別在於有的人知道自己是盲人，所以會慢慢繞一圈去摸整隻象，有的人以為自己眼睛是好的，結果摸到一條象腿就宣布：「各位，象就是一根柱子啦！！」然後還很驕傲寫本書，封面打一行大字：「最適合一般人的唯一正道」
你說他錯嗎？也不一定，對很多人來說，一輩子就待在一種方法裡面打轉，心理上確實比較安全，只是看在我眼裡，那畫面就有點像一群盲人圍著大象互罵：每個人都只摸到一小塊，然後認為自己綜覽全局…
老實講，我個人更佩服的是那些真的在做 VC 的人，創投這行本質上就是被迫跨領域，你要懂產品、懂商業、懂市場、懂人性，還要一直跟創業者打交道、跟其他投資人學東西
很多 8x、10x 的 early stage 投資，剛出現的時候根本沒人看得懂，商業模式怪，幾乎沒有財報供參，甚至完全反直覺，你如果腦袋太窄、框架太死，是絕對看不到那種 opportunity 的"
貼文123_第1串,"（買特斯拉不是買電動車，是買整個生態鏈？）
我觀察下來，現在持有TSLA的朋友，大概就這兩種
一種是把它當十年期選擇權，認真在賭它長成蘋果那種生態平台～（信仰＞定量分析？）
另一種是把它當成長股核心持有，覺得只要把研發跟資本支出調整一下看，隱含本益比其實沒那麼誇張（定量分析＞信仰？）
我不知道以現在這個股價，市場是不是已經先「當作這個生態系一定會成功」進行定價？？
以目前TSLA來說一年大部分的現金流還是來自賣車，FSD、Robotaxi 還在很早期，能源業務雖然成長很快，但也還沒變財報主角
同一時間，它在中歐市場又被對手夾擊，可是市場卻願意給它兩百多倍本益比，
你可能會說「會不會只是因為資本支出太高，把當期獲利壓低，所以表面 P/E 才會這麼醜？？」
如果我說是的話，那另外一部分的對特斯拉未來有信仰的人就要出征我了XD
所以，我不會直接下結論說「特斯拉現在就是太貴」或「特斯拉其實一點都不貴」
因為你只要講「太貴」，本質上就是在說市場已經把「生態系一定會做成功」這個劇本幾乎全部定價進去了，那你會得罪對特斯拉充滿信仰的那一方～
反過來，你如果堅持「不貴」，其實就是在押另一個方向，覺得未來一旦生態系真的成形，現在這個價反而是低估的，但對於撿便宜尋求安全邊際的投資者來說，就要頭痛了～
我的理解是這樣，如果特斯拉真的把車隊資料＋FSD＋超充網路＋能源系統搞成一個平台，產生新的網路效應（例如充電標準變成行業共通語言、FSD 變成外部服務的 AI 底層、能源和車隊資料變成別家不得不接的基礎設施）那它就絕對不只是多賣幾台車的問題了，會開始慢慢擠壓其他車廠的議價空間，甚至吃掉一部分能源跟出行產業的利潤池～
這種平台化擠壓現在到底有沒有完全反映在股價裡？老實說，很難講一定有或一定沒有，兩邊的說法都說得通
所以對我來說，與其爭論「現在是不是絕對高估」，不如問自己一個比較實際的問題：你眼中的特斯拉十年後長什麼樣子？如果你看到的是一個電動車＋一點軟體溢價，那現在的定價大概就算偏滿
如果你是用10年後回頭看，特斯拉是一個真的吃到能源、出行、AI 平台的角色，那現在可能只是一張昂貴但還合理的門票，但10年後誰知道呢？想像空間很大
至於馬斯克這個人，
他在政治上很多發言我不一定認同，股權激勵的設計我也覺得有點誇張，但不得不承認，他的確是一個想像力很厲害的人。
如果他最後真的把這套生態系做成，那就是一樁美事；只是這條路中間的波動，應該會讓不少投資人很不好受
至於，貴不貴、值不值得買？或是它會不會再衝出第二條成長曲線，那就是另一個層次的問題了，我那就留給大家想像吧～"
貼文124_第1串,"來重溫日債問題
/
make_investment_easy
11/20/25
（日本國債要爆了？）
最近其實看到不少有關高市早苗上任之後跟中國摩擦的問題，不少人開始擔憂日本股市還有經濟以及債市，看完幾則貼文後發現裡面參雜不少政治情緒渲染
當然啦，這些擔憂並非完全空穴來風，但有些不是基於事實，甚至有不少過度解讀的成分在裡面
至於是不是崩盤？
嗯…老樣子，我秉持從結構問題還有幾個事實基礎出發～至於後面要怎麼解讀是個人的事情，但前提「事實不能出錯」～
日本這十幾年玩的是全世界最激進的寬鬆
負利率、YCC 把長天期利率摁在地上摩擦
BOJ 資產負債表膨脹到 GDP 一百多趴，G7 之冠
重點你利率被人為壓這麼久，現在退出負利率、慢慢減少買債（QT），長天期殖利率往上跳一下，這就被解讀成災難嗎？或許只是回到正常利率水準罷了
而且不是只有日本利率在動，美國、德國長天期殖利率這一年也一起往上爬
你不能只截一張日本 20Y、40Y 的圖就說日本完了，那有點像看到你家頂樓在下雨，就宣布整個地球淹水，這就太多餘了
再來很多人看到殖利率創高就自動腦補日本政府財政撐不住了
先冷靜算一下…如果日本通膨維持大概 2～3%，長天期殖利率 3% 多一點，扣一扣，實質利率頂多接近 0，甚至還略負
換句話說，政府借錢的實際負擔沒有你想像中那麼重，離那種利息滾利息滾到爆掉還有一大段距離
那….JGB 誰在買？
超過九成是日本自己人，銀行、保險、年金、BOJ
這跟一堆新興國家主權債不一樣，不是靠外資撐著，外資一抽就見祖宗十八代
你要問的是：「日本國民會不會集體擠兌自己的政府？」
老實說，在那之前，日圓應該已經升到你懷疑人生了
那有些文章說日本陷入四面楚歌：利率壓力、經濟壓力、外交壓力、地緣壓力，這又是如何解讀？
我當然不是說日本完全沒問題
少子化、財政赤字、對中關係、釣魚台這些通通都是真的壓力
但把這些東西跟「長天期殖利率創高」自動連結成因果關係，就有點錯誤歸因
債市在反映的是：
一、日本退出超級寬鬆，市場把被壓扁十幾年的利率重新標價
二、投資人開始要求期限溢價（借你 30、40 年，總要多一點利息當補償吧？）
這比較像是十幾年超寬鬆政策的帳，現在慢慢結清，總會需要一點時間適應～
那日本真的完全安全沒問題嗎？也沒有
長期來看，人口老化、醫療支出、稅基縮水，所謂 Domar 條件（利率要低於名目 GDP 成長）有一天會失效，債務/GDP 可能再往上衝
如果政府繼續大撒幣、財政紀律放生，那期限溢價還是會慢慢加上去的，這是需要留意的地方
但這比較像長期的慢性病風險，不是短期急性發作的症狀
所以需要漸進調整，無需太過悲觀或是太過樂觀
講完債，我們拉回股市
很多人一邊喊日本崩盤，一邊打開行情看 Nikkei 快 5 萬點，又開始罵都是泡沫
事實上，這一波日本股市上來，有幾個結構性的東西在背後撐腰：
1）公司治理改革，企業把現金拿出來回購、發股利
2）日圓長期偏弱，出口廠商爽賺海外收入（再加上 AI、半導體、設備股直接吃到美國科技那一波景氣）
簡單講，美股噴，日本當然跟著嗨，因為它很多公司是掛在全球供應鏈裡的
這邊就可以講到「為什麼說美股是 alpha、日本是 beta」這個比喻
從資金流的角度看，全球風險情緒基本上是看美股臉色（AI、雲端、SaaS、消費科技、醫療創新……故事都在美國開頭）
美股漲的是「創新的現金流」，日本漲很多時候是「配合美國景氣循環」加上「日圓匯率」給的槓桿
你可以把它想成這樣：
當全球資金想壓注「科技上行循環」的時候，first stop 是美國，去買那幾家巨頭當 alpha
如果他們覺得自己還撐得住波動，就會再去找一個高 beta的市場加碼風險
而日本剛好具備幾個特徵：產業跟全球循環高度綁在一起、估值長期比美國便宜、流動性又好、規則透明
所以日本常常變成那個「美股市況好的時候，順手再提拔一把」的選項
波動率也看得出來這件事
日股的日內震盪通常比 S&P500 大一點，再疊上匯率：
日圓弱的時候，外資看的是「股價漲＋匯兌賺」，beta 更大
日圓突然大幅升值時，carry trade 平倉、外資減碼，日本就會被當成風險資產提款機先砍一輪
所以你會看到一個很有趣的現象：
在沒有系統性危機的情況下，美股跌 1%，日股可能跌 1.5%；美股漲 1%，日股有時候漲 2%
這種放大版的跟隨，就很符合beta 市場的味道
講白了，只要美股沒躺平，日本現在比較像是那個跟在旁邊跟得比較喘的隊友，不是那個已經被抬出場的
所以不要看一兩條線超過你舊有的認知，就自動腦補成末日崩盤，搞不好真正的風險，是你被這些標題嚇到什麼都不敢碰，然後錯過一整輪資產重新定價帶來的機會，這才可惜"
貼文125_第1串,"（日本國債要爆了？）
最近其實看到不少有關高市早苗上任之後跟中國摩擦的問題，不少人開始擔憂日本股市還有經濟以及債市，看完幾則貼文後發現裡面參雜不少政治情緒渲染
當然啦，這些擔憂並非完全空穴來風，但有些不是基於事實，甚至有不少過度解讀的成分在裡面
至於是不是崩盤？
嗯…老樣子，我秉持從結構問題還有幾個事實基礎出發～至於後面要怎麼解讀是個人的事情，但前提「事實不能出錯」～
日本這十幾年玩的是全世界最激進的寬鬆
負利率、YCC 把長天期利率摁在地上摩擦
BOJ 資產負債表膨脹到 GDP 一百多趴，G7 之冠
重點你利率被人為壓這麼久，現在退出負利率、慢慢減少買債（QT），長天期殖利率往上跳一下，這就被解讀成災難嗎？或許只是回到正常利率水準罷了
而且不是只有日本利率在動，美國、德國長天期殖利率這一年也一起往上爬
你不能只截一張日本 20Y、40Y 的圖就說日本完了，那有點像看到你家頂樓在下雨，就宣布整個地球淹水，這就太多餘了
再來很多人看到殖利率創高就自動腦補日本政府財政撐不住了
先冷靜算一下…如果日本通膨維持大概 2～3%，長天期殖利率 3% 多一點，扣一扣，實質利率頂多接近 0，甚至還略負
換句話說，政府借錢的實際負擔沒有你想像中那麼重，離那種利息滾利息滾到爆掉還有一大段距離
那….JGB 誰在買？
超過九成是日本自己人，銀行、保險、年金、BOJ
這跟一堆新興國家主權債不一樣，不是靠外資撐著，外資一抽就見祖宗十八代
你要問的是：「日本國民會不會集體擠兌自己的政府？」
老實說，在那之前，日圓應該已經升到你懷疑人生了
那有些文章說日本陷入四面楚歌：利率壓力、經濟壓力、外交壓力、地緣壓力，這又是如何解讀？
我當然不是說日本完全沒問題
少子化、財政赤字、對中關係、釣魚台這些通通都是真的壓力
但把這些東西跟「長天期殖利率創高」自動連結成因果關係，就有點錯誤歸因
債市在反映的是：
一、日本退出超級寬鬆，市場把被壓扁十幾年的利率重新標價
二、投資人開始要求期限溢價（借你 30、40 年，總要多一點利息當補償吧？）
這比較像是十幾年超寬鬆政策的帳，現在慢慢結清，總會需要一點時間適應～
那日本真的完全安全沒問題嗎？也沒有
長期來看，人口老化、醫療支出、稅基縮水，所謂 Domar 條件（利率要低於名目 GDP 成長）有一天會失效，債務/GDP 可能再往上衝
如果政府繼續大撒幣、財政紀律放生，那期限溢價還是會慢慢加上去的，這是需要留意的地方
但這比較像長期的慢性病風險，不是短期急性發作的症狀
所以需要漸進調整，無需太過悲觀或是太過樂觀
講完債，我們拉回股市
很多人一邊喊日本崩盤，一邊打開行情看 Nikkei 快 5 萬點，又開始罵都是泡沫
事實上，這一波日本股市上來，有幾個結構性的東西在背後撐腰：
1）公司治理改革，企業把現金拿出來回購、發股利
2）日圓長期偏弱，出口廠商爽賺海外收入（再加上 AI、半導體、設備股直接吃到美國科技那一波景氣）
簡單講，美股噴，日本當然跟著嗨，因為它很多公司是掛在全球供應鏈裡的
這邊就可以講到「為什麼說美股是 alpha、日本是 beta」這個比喻
從資金流的角度看，全球風險情緒基本上是看美股臉色（AI、雲端、SaaS、消費科技、醫療創新……故事都在美國開頭）
美股漲的是「創新的現金流」，日本漲很多時候是「配合美國景氣循環」加上「日圓匯率」給的槓桿
你可以把它想成這樣：
當全球資金想壓注「科技上行循環」的時候，first stop 是美國，去買那幾家巨頭當 alpha
如果他們覺得自己還撐得住波動，就會再去找一個高 beta的市場加碼風險
而日本剛好具備幾個特徵：產業跟全球循環高度綁在一起、估值長期比美國便宜、流動性又好、規則透明
所以日本常常變成那個「美股市況好的時候，順手再提拔一把」的選項
波動率也看得出來這件事
日股的日內震盪通常比 S&P500 大一點，再疊上匯率：
日圓弱的時候，外資看的是「股價漲＋匯兌賺」，beta 更大
日圓突然大幅升值時，carry trade 平倉、外資減碼，日本就會被當成風險資產提款機先砍一輪
所以你會看到一個很有趣的現象：
在沒有系統性危機的情況下，美股跌 1%，日股可能跌 1.5%；美股漲 1%，日股有時候漲 2%
這種放大版的跟隨，就很符合beta 市場的味道
講白了，只要美股沒躺平，日本現在比較像是那個跟在旁邊跟得比較喘的隊友，不是那個已經被抬出場的
所以不要看一兩條線超過你舊有的認知，就自動腦補成末日崩盤，搞不好真正的風險，是你被這些標題嚇到什麼都不敢碰，然後錯過一整輪資產重新定價帶來的機會，這才可惜"
貼文126_第1串,"1）上面要從日本泡沫歷史聊起（參考下面舊文）
threads.com/@make…
2）五月的時候針對日本40年期公債拋售提出我的見解～
/
make_investment_easy
05/19/25
（日本40年期公債拋售潮：日本國債信用出問題？
可能重演歐債危機？….）
今天看到一堆人在那邊說
「日本40年期公債收益率飆到3.48%，完了！」
「日本債務要崩了！」
「日本財政比希臘還糟，準備上演歐債危機」
「巴菲特買日股應該正在後悔…」
各種敘事滿天飛，但其實都扯太遠￼了…
並非所有的國債拋售
都能無限上綱成債務信用危機
老樣子，金融機構的資產負債表會告訴你答案
（續
/"
貼文126_第2串,"（日本40年期公債拋售潮：日本國債信用出問題？
可能重演歐債危機？….）
今天看到一堆人在那邊說
「日本40年期公債收益率飆到3.48%，完了！」
「日本債務要崩了！」
「日本財政比希臘還糟，準備上演歐債危機」
「巴菲特買日股應該正在後悔…」
各種敘事滿天飛，但其實都扯太遠￼了…
並非所有的國債拋售
都能無限上綱成債務信用危機
老樣子，金融機構的資產負債表會告訴你答案
（續
/"
貼文126_第3串,"/
（聊聊 Tether Q3 一口氣買 26 噸黃金）
我看到Tether這一波操作，心裡只有一個感想：靠，這已經是用公司資產負債表，插手國際貨幣體系的等級了～
Tether現在手上累積 116 噸黃金，規模大概跟一個中型國家央行差不多（甚至比有些國家的官方儲備還多一點），如果用國際金融的架構來看，Tether 現在做的事，大概就是：
發穩定幣 = 開銀行賬戶給全世界
USDT = 它發的活期存款
美國國債 + 黃金 + 比特幣 = 它拿去投資的資產部位
差別只是，傳統銀行背後有央行當最後貸款人，真的出事還有人可以開票救你，Tether 出事，沒有人可以印 USDT 來救它，只有它自己拿資產去賣，這個就是整個邏輯鏈條的關鍵風險
先講它的資產端長什麼樣子，到 2024 年底，Tether 報告裡面寫，它手上握有大概 1130 億美元的美國國債，已經是全球最大單一 T-bill 持有人之一，現在又多了 116 噸黃金，還有一坨比特幣，換句話講，它某種程度上算是一家拿客戶美元去買美債，然後再拿盈餘去加碼黃金和比特幣的影子央行，這就很像 19 世紀美國自由銀行時代的樣子，當年各家銀行自己發鈔票，嘴巴說可以 1:1 兌換黃金或白銀，實際上儲備標準每家都不一樣，今天換成各家穩定幣公司發 USDT、USDC，嘴巴說也說可以 1:1 換回美元，但背後到底綁定的是國債、黃金、比特幣、公司債還是什麼奇怪的東西？？一般人也分不太清楚～
這種東西很可能引發私人貨幣體系的內生不穩定，翻成白話就是，只要大家開始懷疑你是不是真的兌得出來，而且那個懷疑開始被放大，然後再透過大眾媒體傳播恐慌情緒，那一瞬間，連原本不懷疑的人都會開始想「咦，那我是不是應該先跑？？萬一出事我還跑得掉嗎？？」，結果變成自我實現的擠兌～銀行的 Diamond–Dybvig 模型就是在講這種東西，只是現在把存款換成USDT，把提款換成贖回美元…
話說 Tether 的穩定性到底如何？？
以資產端來看，它儲備裡面大概四分之一是高風險資產，包括比特幣、黃金、公司債、擔保貸款等等，如果這些東西價格大跌，超額緩衝可能根本不夠用，以一個貨幣發行者的標準來看，它現在的資產組合，風險確實不低
但我覺得除了穩定性值得商榷外，Tether它明明賺的是美元利差，卻拿盈餘去買黃金和比特幣，這在我看來有些矛盾，何以？？
以整個結構來說：
USDT 擴張 → Tether 拿新的美元去買美債 → 收利息 → 利息拿一部分去加碼黃金+比特幣
說白了發行方就是讓全球想用美元的人變多 → 先強化美元短期霸權（因為賣更多國債出去）→ 但發行者自己忙著用實體資產對沖美元長期風險
這個邏輯很矛盾，它賺的是美元，但心裡其實沒有那麼信任美元的長期價值？
對使用者來說，USDT 是「我要穩定，不想承擔比特幣波動，才換成這個東西」，但對發行者來說，它拿你的 USDT 去買了一堆會大漲大跌的資產，然後跟你說「放心，我們有超額抵押」？？？你覺得這有辦法提振信心嗎？
很簡單嘛，一旦進入那種美元很強但風險資產全面下殺的環境，對你這個 USDT 持有者來說，最壞 scenario 變成：你手上拿的是標榜穩定的美元，結果背後的黃金跟比特幣一起跌，Tether 資產端被打穿，最後是你這個追求穩定的人在幫它扛尾盤～
再來講黃金本身的格局
這幾年央行買金的節奏其實已經很兇了，越來越多央行打算提高黃金在儲備裡的比重，很多理由是分散美元風險和地緣政治不確定，今年更誇張，有報告說全球央行持有的黃金價值，第一次正式超過持有的美國國債，這個象徵性意義很大，某種程度上可以說國家在用資產配置的方式，對美元信用表態～
現在再加上 Tether 這種怪物級私人機構，單季買 26 噸，差不多吃掉全球黃金需求的 2% 左右，規模已經可以跟一整群中小型央行並列，也就是說，以前金價的官方買盤主要看央行，現在要加上大型穩定幣發行商、加密原生金融機構這一個新角色進來～
對黃金的結構性影響，除了我之前舊文提及的對標美元信用、實際利率預期外，我會拆成兩塊看：
第一，底部需求可能會被大買家墊高
以前金價跌深，下面接盤多半是ETF、部分央行，現在多了這些用 balance sheet 把黃金當準儲備貨幣的玩家，只要它的業務（USDT 流通量）還在成長，它理論上就有理由繼續穩定買金，這種業務成長綁定黃金需求的結構，對金價來說是一種長期支撐～
第二，黃金更明確變成去主權資產
你看央行心裡的 OS 大概是：我不可能全賭在美元身上，但我也不可能全賭在人民幣或歐元身上，大家彼此都不信任，那最乾脆的方式就是多抱一點黃金，況且現在連發美元穩定幣的公司也在做同一件事，只是央行是官方版，Tether 是加密版本影子銀行，這讓黃金從傳統避險商品慢慢回到國際貨幣體系裡的第三支腳，但我並不是說世界會回到金本位時代，只是說大家在只有資產部分會多一份對沖風險的配置，目前已經有這個趨勢了
至於未來金價會怎麼走？我自己不會去猜測幾年後一定上看多少那種預測方式，這種東西最後都會被打臉，比較簡單的看法是，黃金現在已經不是單純通膨 trade，通膨或是實際利率我認為是涵蓋在美元信用風險下的一個子集合，就連地緣政治風險也大概是在這個子集合之下，所以美元信用風險的算是黃金比較高維度的 proxy，只要這幾條線有任何一條出問題，變數都會反饋到黃金上，那你說長期結構是偏多還偏空，自己心裡應該有個譜～
回到全球金融體系的大架構，除了美國國債、聯準會這種正統官方體系，現在外圍體系包括穩定幣公司、加密交易所、各種 DeFi 協議，用美元當計價單位，用美債賺利差，用黃金、比特幣當風險對沖，某種程度上自己又扮演一個私人央行的角色
Tether 就是外圍裡面最大的那一隻，它一方面加強了美元，因為每多一顆 USDT 出來，就代表它要多去買一點美國國債，這對美國財政其實是幫助，況且穩定幣流入也會壓低短期國債殖利率，但另一方面，它也在用黃金和比特幣替自己準備保險（擔心萬一哪天美元或美國國債的信用出事），這某種程度上也會催生金融不穩定性，以前擠兌會發生在銀行和貨幣市場基金，現在多一條在鏈上，速度更快，邊界更模糊，更難捕捉更難防範，而且這條通道背後沒有央行，也沒有存款保險，只剩發行者自己的資產負債表⋯⋯
當然我不是要唱衰穩定幣，也不是鼓吹大家一定要買黃金，只是從貨銀和宏觀金融的角度看，這整件事傳遞出來的訊號還蠻清楚的…官方在用國家資產配置少信一點美元，多抱一點金，這個去美元化敘述越來越強烈，而且民間最大穩定幣發行商也在幹同一件事，至於你要不要跟，自己想清楚就好。"
貼文127_第1串,"白話投資臉書粉專
facebook.com/share…
/
facebook.com
白話投資's post"
貼文128_第1串,"最近滑 Threads 一直看到什麼「90 天交易挑戰」「公開對帳單，全程紀錄，沒達標就回去上班」那種東西
看完就覺得很有趣，只是我心裡都會浮出一個問號：
90 天到底可以看出什麼東西？？？
投資這種東西，本來就是你跟市場之間的事
你自己關起門來檢討，某種程度算是修行
但一丟上網，變成表演，我就會有點看不懂～
賺錢是你、賠錢也是你，為什麼還要讓幾百雙陌生人的眼睛一起盯著你？
更何況，我說難聽一點啦，底下留言那些人，
智商跟情緒穩定度，也不一定高到哪裡去
你公開戰報之後，會不會開始被面子綁架？？
「啊我都講 90 天挑戰了，現在不能太丟臉吧？」
然後就開始亂加碼、硬凹單，短線瞎操作一大堆
這種感覺對我來說，就像….你拉屎還開直播給別人看一樣
你自己在廁所裡面安安靜靜解決，不是挺好？
偏要拉到一半、還要回留言：「不好意思，今天纖維吃不夠，所以有點卡。」
我光想就覺得很…
這讓我想到以前有個學長遇過最典型那種急性子客戶
每個月看月報、看到回撤 5% 就打電話來吼：
「怎麼會輸大盤？是不是該停損？要不要換標的？」
你說他要怎麼好好操作？？
本來可以做長線配置的，硬是被搞成短線仔
（續
/"
貼文128_第2串,"所以你看專業機構其實很少有人在網路上每天貼自己持股、貼日內損益的
美國那邊共同基金、ETF 這種公開募集的產品，頂多規定定期跟監管機關申報前十大持股或是完整持股明細，但通常是季底或半年後、隔一段時間才公開，不會 day-trade 式每天攤出來給你看
大型機構還有 13F 報告，季後 45 天內把部分持股交給 SEC，但也不是即時對帳單，更不是拿去社群上刷存在感用的
重點是什麼？
很多東西本來就不是設計拿來天天跟大眾交代的
不是因為見不得人，畢竟需要時間發酵，短期波動沒那麼值得解釋，
然後一旦你把牌全部攤在桌上，其實是幫競爭對手做功課
你還要想資訊一旦丟到群眾面前，輿論跟情緒會不會反過來影響你？
市場已經夠難對付了，我個人是沒興趣再多養一堆旁觀者坐在旁邊看戲
/"
貼文129_第1串,"最近看到有人在那邊講什麼：
「公司管理層只要會管理人就好，重點不在懂不懂技術，重點是制度設計、股權激勵、內部溝通…」
當下聽到這種話，我是覺得有些震驚
我看到只想說….我不確定會有這種想法的人是否帶過人？是否真的做過生意？？如果我持有公司股票的CEO出來講這種話，我大概第一時間會把該公司的持股全部砍光，這間公司文化絕對有問題
一個完全不懂技術、不懂產品的老闆，整天嘴上說什麼「我們要當產業 NO.1」、「我們要發大財」，結果開技術會議一句話插不上，細節聽不懂，只能在那邊點頭說「噢，加油了～」「噢，你辛苦了」
你覺得底下那群一線工程師、研發、資深 PM，心裡會怎麼想？
很簡單嘛：
「這傢伙只會畫大餅、發股票，內容半點沒有，我幹嘛一輩子替他抬轎？」
很多人現在被一些野雞管理學洗腦，以為 CEO 的工作就是設計好遊戲規則、把股權激勵分配好、然後跟幾個核心幹部吃飯喝酒、搞文化、講 vision
然後就覺得自己可以當一個不懂技術也能領導技術天才的 management guru
腦子正常的人都覺得這有問題，好嗎？
你看真正做得起來的公司
張忠謀、黃仁勳這種等級的老闆，你跟我說他們不用懂技術？說真的，要不是他們早年就是從技術底一路爬上來，
台積電、NVIDIA 今天大概連現在市值的一成都沒有
CEO是不用自己下去寫程式拉線路，但你至少要懂哪一個專案規劃根本做不出來，哪一個真的有機會落地
如果完全不懂技術，大概也不會懂什麼競爭優勢，這種人大概只剩下吉祥物的功能，把公司引領到死路
這類CEO最好祈禱公司底下幾個技術大牛如果人品好，可能暫時幫你撐一下，人品要是差一點的，早就心裡盤算：「這公司早晚是我的，要嘛幹掉你，要嘛把核心技術帶走、自己出去創業」
所以那種說什麼老闆不用懂技術，專心設計激勵機制就好，本質上就是把技術人才當白癡用，好像人家只在乎多拿幾顆期權，完全不在乎自己在跟誰混一樣
現實是優秀的技術人才，很清楚自己不該替看不起的人工作，人家可精明的
如果你在他眼裡只是個只會吹牛逼的 sales，他要嘛把你當提款機用，要嘛轉身就走
所以…你看那些百年企業，為什麼到關鍵時刻都傾向從內部提拔 CEO？？
他們很清楚外面找來一個很會管理但不懂這家公司的技術文化的人進來，很可能根本看不懂公司競爭優勢在哪（競爭優勢幾乎等於公司的命脈～），一旦不懂競爭優勢，很可能就會開始亂砍技術部門，把資源從未來的 bet 抽走，去關注很短期 EPS、搞財報好看，然後做盡一些討好股東、但是喪失公司長期競爭力的短視行為，反正那時候他也拍拍屁股賣掉股權走人了，爛攤子你自己去收拾
典型案例你歷史隨便翻都有
很多大公司找外部職業經理人來轉型，搞到最後營收、技術都爛掉，只剩財報短期好看，最後還是只好把原本的技術底內部人馬找回來救火
為什麼？
因為這種一問三不知的 CEO，
在公司裡做決策的狀態就兩種，要嘛被下屬牽著鼻子走，或是亂用管理工具去壓榨那些真正創造價值的人
（前者變成傀儡，後者變成災難）
說白了，人家是有辦法自己拉一票人出去開一家公司，你有什麼東西是他帶不走的？
資本？他可以自己募；
技術？他懂得比你多
客戶？很多時候是跟著技術團隊走，不是跟著你這個只會簽字的老闆走
這也是為什麼，真正厲害的創辦人，早期一定是同時具備兩種東西：第一，至少一個維度的硬實力（技術、產品、產業 know-how），其次才是後天學來的管理能力
反過來，你只有管理套路，硬實力 0，
那你就很容易走向兩種結局：要嘛公司只適合做小、不敢做難的事，或者你最後乾脆變成一個純財務投資人，放棄當領導者，投完就走人
你看這世界上真正百年老店級別的公司，多數是內部提拔的 CEO，把公司一路做上來，在公司內部至少待過一長段時間，
說到產品線怎麼賺錢、技術怎麼疊代、文化底層長什麼樣，他是可以朗朗上口的
不是說外部 CEO 一定不行，但外部來的那一位，
要嘛本身就是產業老手、懂技術的，要嘛是前客戶、前競品，一樣在圈內打滾多年
那種完全跨行、只會帶團隊的，在簡單行業可以玩玩，到科技密集產業，幾乎必死無疑"
貼文130_第1串,"有時候打球打到一半，真的會遇到一些很好笑的場景
大家就是來鬆一下，結果有人一開口就是
「我以前台大 XXX 系啦」
「我之前在某某投行當 VP 啦」
然後開始show off自己的履歷
Bro… we’re just playing ball, not doing LinkedIn live
（之前帶一個學弟出來，我後來提醒他千萬別這麼做）
這幾年在海外混一混，遇到澳洲人、美國人、歐洲人
真的很少聽到人家一直掛在嘴邊I’m from Melbourne Uni、I graduated from Columbia…幾乎沒有
頂多閒聊聊到才順便提一下，對方沒主動講你也不知道
反而華人世界特別愛貼標籤
學歷、title、公司名字、在哪一國工作過，第一次見面就通通講出來，深怕別人不知道
講到後來變成 self-branding 而不是純粹聊天
但說真的，平常白天有空出來打球的人，
大多數素質不會太差，而且彼此本來就已經過了一定基本門檻
實在不用再拚命證明我很屌，反而會把自己搞得很 limited，永遠繞在自己的小圈子，何必呢？
真誠一點就很好了
（續
/"
貼文130_第2串,"人本來就應該是往前看，
而不是永遠卡在「我二十年前念什麼學校、在哪家 firm」
…說真的，在一群有實力的人裡面真的沒有很厲害
我一個都四、五十歲的中年人了，還一直 replay college edition，說真的，有點過不去自己，也過不去時間
玩球就玩球，聊得來就多聊兩句，
真的有料的人，usually don’t need to keep saying who they are，氣質跟 content 自然看得出來
/"
貼文131_第1串,"昨天跟朋友討論了一下 Coinbase，我說它本質上就是提早拿到牌照的新型券商，幾乎沒什麼差異化，結果年輕朋友打臉我說它未來市場很寬廣，成長潛力無窮，
Btw大方向我還是維持原本看法，其實兩者不矛盾
它這家公司，對我來說，安全邊際確實偏低
但又不得不承認，我一開始真的低估兩件事
第一個，是機構監管牌照的問題
我本來以為牌照這種東西以後銀行也會拿到，Coinbase優勢就慢慢被吃掉
結果現在美國那個 SAB121 被撤掉之後，銀行真的可以開始做加密託管沒錯，
但變成現貨 BTC ETF、ETH ETF 那些，託管幾乎一面倒都在用 Coinbase，
你要叫 BlackRock、Fidelity 這種等級，
為了省一點點錢去把上百億美金的幣整包搬家然後重簽保險、重跑合規，
那個轉換成本實屬高昂，不是說換就換的
所以銀行會進來搶生意這點長期我是保留的
但短期又不得不承認Coinbase 卡位還是卡得蠻穩的
第二個，是我以前沒注意到的 Base 鏈，
老實說這塊應用我不是很熟悉，後來去查了一下資料發現Coinbase已經不是我認知的那種「只在門口當換幣的櫃台」
人家開始在旁邊蓋一條自己的高速公路（Layer2），
開始收起了過路費跟租金
現在越來越多專案部署在 Base 上、越多使用者在上面玩 DeFi、NFT
疑似要打造類似蘋果生態鏈模式，如果真的跑起來，又讓用戶有黏著度，那就真的厲害了！那時候的護城河就不是傳統券商可以比的了（傳統券商同質化太高，只能削價競爭搶客戶）
再加上這幾年它營收結構也有在轉型，
以前幾乎全靠交易量吃飯，現在訂閱、質押、USDC 利息、託管費那一塊，
已經占到四成左右，
變成有點「你把資產放在那裡，就算你今天沒交易，它還是慢慢在你頭上抽一點」，
這個穩定度，確實是比我原本印象中好一點
但話說回來，以我自己的操作風格，
我還是會把 Coinbase 歸類在故事 + 成長股那一欄，
不是那種能讓我閉著眼睡得很好那種公司
原因很簡單，上面有銀行、下面有 Robinhood，旁邊有 Binance、DEX，
然後你又這麼早把商業模式講出來…不怕對手開始模仿？？？況且現在技術這種東西也幾乎不是什麼護城河了
所以…能不能真的變成鏈上 iOS還是未知數，
這一串變數加起來，要我算它未來成長性…
別說精算了，估算都有些難度…老實說
但如果你是那種本來就看好加密長期滲透、敢拼成長、也願意押 Base 那條第二曲線的人，
那 Coinbase 的故事，的確比我原本講的新型券商模式要來得清晰很多"
貼文132_第1串,"大概十幾年前去新加坡工作，那時候工作還沒進入狀況，英文又不甚流利，工作遇到不少困難
當時身邊沒有台灣同事，反而是幾位香港同事一路拉我一把，幫我 cover，很多關卡都是靠他們撐過來，那段時間真的欠香港人很多人情
這幾年看香港經濟、政治一路震盪，心裡其實一直掛著他們
昨天一個一個打電話、傳訊息去關心，還好大家都平安，家人也都還在身邊
印象中以前每逢過年打過去，都會聽到他們說一句「我哋仲好好呀」，我好久沒聽到了
昨天又再聽到那句「我哋仲好好呀」，忽然就安心很多
願香港的朋友們，平安、順利，身邊重要的人都在
其他的，慢慢來，終究會好起來的"
貼文133_第1串,"之前看Fenix Hsu大大寫了好幾篇有關MSTR的文章，我大概去研究了一下MSTR的結構
不看則已，一看不得了
MSTR 的盈利模式簡單來說就是用發債跟增資去弄一個低利長期槓桿，拿公司錢通通去梭哈比特幣，買到後來整個資產負債表幾乎都長得像鏈上錢包，
賭的就是BTC 長期漲幅 ＞ 融資成本＋股本稀釋
只要這個利差長年成立，他的每顆幣多出來的漲幅就會被放大反映在股東權益上，看起來像是穩賺的商業模式
但一旦 BTC 長期漲不動甚至回調，槓桿造成的毛病就會跑出來，先吃掉淨值，再讓再融資變難，最後逼公司賣幣還債，整條風險傳導鏈大概以下面的方式表示：
幣價跌 → 資產縮水 → 槓桿壓力上升 → 被迫賣幣 → 幣價更跌…..一路形成死亡螺旋
Fenix大大說：「MSTR 是地球上最安全的比特幣槓桿」
有時候我往壞處想…那這間公司後續怎麼處理債務到期這件事情？？
這家公司不是拿閒錢買幣而已，還靠發債加碼
未來某一年如果比特幣沒漲到他要的高度、股價也不在高檔、再融資不順，
那怎麼辦？只能賣幣還債？
所以想想…你原本是想長抱 BTC，結果最後變成被迫參與一間殼公司要不要被市場續命的賭局？
（續
/"
貼文133_第2串,"總覺得這間公司股價常常比它帳上那坨 BTC 的淨值還貴，參雜了不少信仰溢價在裡面
對於一個全球持幣最多的上市公司之一（很多機構不方便直接買幣，就乾脆買它，當成變相持有 BTC）
再加上一個常常上節目傳教的 CEO，整天講數位黃金、法幣貶值、只買不賣
那久了市場就真的把它當成一種工具
很多人想要用股票帳戶開一個比 BTC 波動更大的多頭倉位，第一個想到就是它
（這種東西對於一個曾經經歷過市場崩盤的我來說，「直覺」是多麼的可怕哈哈…感覺系統風險像肉粽一樣打包在裡面XD)
再者它的漲跌如同放了槓桿，假設BTC 漲 10%，MSTR 漲 15～20%，反之跌勢也會放大
有時候想想…..你明明只想押比特幣，結果順便幫自己上了槓桿？？
有時候我真的看不懂 ，你都已經對比特幣有長期信仰了，結果不去開個冷錢包乖乖拿著，把私鑰保管好
反而繞一大圈幫自己上了一層槓桿+公司風險，最後搞到自己拿不住…這邏輯我完全無法理解哈哈
/"
貼文134_第1串,"（2025/11/22隨手小記一下）
這幾天打球打一打，跟幾個老朋友邊走邊聊行情聊人生，聊一聊突然變得很EMO
想起十幾年前選了新加坡，沒有去美國～
說真的，現在回頭看還是會有一點小遺憾，哈哈
有時也會想，如果當年去了美國，可能現在已經在某家投行當 PM，日日開會檢討績效，根本不會有後來這十年自營的生活
只是職場那套升遷體制，真的不太適合我
對一個有點理想、又不太會拍馬屁的人來說，另闢戰場大概是早晚的事
就如同當年張忠謀離開德儀，要不是他那一念老驥伏櫪，也不會有今天的台積電
現在「退休」剛好滿十年，名義上是退休，其實腦袋還是每天在高速運轉
你說值得嗎？也許值吧，也許不值吧～
小小的後悔還是有，只能暗自鼓勵：「說不定真正的爆發，還在後面等我」"
貼文135_第1串,"最近英偉達那根大陰線一出來，再配上《大賣空》主角 Michael Burry 跳出來狂空 NVDA＋PLTR，很多人又開始問：「AI 是不是要爆了？是不是要上演 2000 年網路泡沫 2.0？」
我這幾天把相關東西全部看過一輪，發現很多人的解釋繞來繞去、把簡單的問題講的很複雜….
其實也沒有那麼難理解，歷史會重演沒錯，但不會100%按照以前的劇本，以下我就分幾個區塊來論述：
（一）先講 Burry 在吵什麼
他有三個主要的敘述重點，我大概整理一下：
第一，折舊年限拉長
不少 AI 基建的上中下游（含客戶）把伺服器、GPU 的折舊年限往後拉，好讓帳面 EPS 漂亮
折舊攤得久，短期獲利好看，而Burry 的質疑是：
「舊晶片還在跑，不代表它真的有經濟價值，只是你不想一次認損而已」
第二，圈內互相抬價
晶片廠、雲端大廠、模型公司、私募信貸彼此簽長約、互投資、互買設備，需求看起來很旺
可是真正掏錢的終端客戶有多少？金融工程撐起來的有多少？
這點 Vincent 先前那篇 AI 基建文已經講得很清楚：一整條由 private credit＋SPV＋Neocloud 組成的槓桿長鏈，大家抱團買時間（請參考他的舊文，不贅述了～）
第三，股權稀釋
英偉達回購猛，但員工股權激勵更猛，流通股數還是上去，Burry 的質疑是：你看到的是「經調整 EPS」，但被分掉的是老股東的那塊蛋糕～
這三點都不是鬼扯，但問題是….這些是否就能直接連成「英偉達必死、AI 一定是泡沫」？？我認為倒有些過頭了
（二）我怎麼看英偉達與AI 泡沫?
英偉達並非沒有基本面，就算財報不如預期，基本面一樣強到誇張，再加上市場給了一個超大的敘事溢價
你問「AI 是不是泡沫？」先分清楚你在講哪一個區塊？
如果你問「算力會不會創造生產力？」
我傾向相信會，只是速度與分配可能不如市場現在想像
如果你問「凡是沾到 AI 的資產都值現在這個價嗎？」
那我會說：裡面一定有泡沫，而且不少
用折現的邏輯來看：
分子（未來現金流）重點在 AI 應用到底能賺多少？能不能變成穩定商業模式？現在的怪象是，分子端獲利數字在往上跑（至少英偉達如此），但敘事的速度跑得比現金流快太多，所以估值被推到很吃預期的位置
只要季度指引沒「超超超超超預期」，股價就會被修理
這次英偉達財報是「很好，但沒超超超超超預期」，於是噴出變跳水，本質上就是在殺預期差
分母（折現率）利率、期限溢價、信用利差、甚至財政風險，都會把合理估值往下壓
長端利率抬頭、期限溢價慢慢回歸、國債拍賣偶爾翻車，Fed裡面也有人擔心金融條件太鬆，並且資產價格太高
不管怎麼樣，分母都在緩緩收緊，只是市場溫水煮青蛙感受不出來明顯變化，但現在這隻青蛙來到了快被煮熟的邊界，所以常常沒事就出來殺殺估值，這是理所當然的～
所以這輪 AI 不是那種「毫無分子、只有分母」的純估值泡沫，比較像是「分子有，但還不夠扛起現在的估值，分母又慢慢收緊」
最可能的演變不是整個市場炸裂，通常會讓好公司變成壞價格，中間一堆週期股、供應鏈、以及金融結構的幾層環節先中槍，遇到這種情況，現金準備充裕一些，等便宜一點的價格再進場，不失為一種聰明的作法～
（三）我怎麼看Burry 的空單呢？
老實講，我是尊重他的邏輯，但他的交易過程用來「欣賞」就好，不適合拿來模仿～
他這個人一輩子最大的優勢，其實是「願意跟市場唱反調」＋「對會計跟結構很敏感」
但他的缺點也很明顯，做空的時間常常太早，市場可以在他清倉之前繼續瘋好幾年
如果用 Vincent 的 AI 基建框架來看，我猜以Burry 的風格，他盯的比較會傾向是整條 private credit＋SPV＋Neocloud 的槓桿長鏈風險，不是死盯英偉達一家公司
我看下來，他在意的是折舊拉長會不會掩蓋 ROI 的不確定？金融工程會不會把 AI capex 變循環融資？
現金流兌現慢於預期時，哪一層先爆？LP？private credit？還是 Neocloud？
這個角度切入的很有價值，但他把宏觀結構風險，直接收斂成「每次創新高就硬空英偉達」，嗯….那就是另一種賭法了…
（四）再拉遠看宏觀環境
美股大環境本來就包含了好幾種風險：
1）估值在歷史偏高區（巴菲特指標、CAPE 都不低，指標怎麼選不必執著，稍微有眼睛都知道現在很危險）
2）聯準會對降息路徑分歧，一派怕經濟，一派更怕泡沫繼續吹
3）財政赤字↑+國債供給↑+拍賣品質時好時壞+期限溢價慢慢↑
4）國債市場塞滿高槓桿 relative value，用短期 repo 壓長端價差，只要一卡住，流動性壓力就會瞬間放大
不理解自上而下分析的人，可能會覺得上面這些論述跟英偉達相關性很低，但其實是同船共命～
現在的遊戲是用不算貴的錢去追很高的成長敘事，預設「利率會慢慢下來、國債永遠有人接、流動性永遠在」
一旦折現率上去、避險成本墊高，高估值資產就先被問候，嗯….AI 恰好是 beta 最高的那段
所以我才說，英偉達這根大波動，與其說是公司本身，更像是市場在 re-pricing AI 敘事＋宏觀風險
（五）資產配置及交易？
短線 trader就不需要想太多
看波動、看期權、看風險偏好指標（BTC、半導體指數、VIX 等），照紀律做就好，
當然啦，我不會鼓勵在這種時候硬拼
VIX ↑ →槓桿玩家就有人被 call 保證金，這時候你再談停損，基本上只是被動挨打的份，頂端還在開槓桿的人，這波註定一批一批被抬出去
至於中長線投資人，先把你的問題框架問對：
與其追著「短期英偉達會不會泡沫」，不如回到企業競爭優勢本身
你是買科技巨頭股票？買收益型資產？還是碰高槓桿股權？邏輯各不相同～
（你要是買巨頭股，實際上在賭AI 的生產力增量跑得贏融資成本。你買 private credit 或各式 yield，賺的是利息，但賭的是時間尚夠、不用擔心出事。你要摸 Neocloud 這種高槓桿股權，那你就是第一線緩衝墊，風險報酬比要自己算清楚）
前幾天剛好有人問我分析工具….我想說的是，你一個自營投資人真的不需要把自己搞得像在做券商研報一樣
你簡單用波特五力和SWOT把產業地位、護城河、供應商／客戶議價力、替代品威脅、後進者門檻理一遍，再粗略抓一下區間估值，粗估一下現在貴還是便宜，這樣就非常非常堪用了～之前查理蒙格說他也沒曾看過巴菲特在那邊做精算，定量抓個大概就好，剩下靠定性來彌補
把你持有的股票當作你在這家公司上班，老闆在意的是五年、十年的競爭優勢，不是下一季庫存是 +3% 還是 -3%
這怎麼理解？基本上公司只要太利潤至上，太把股東短期利益當回事，而沒有自己經營理念文化的公司，大概也很難有個長坡厚雪～（Jack Welch的著作可以自己去參考～）
前幾天看了 Dinter（丁特） 的東西，他投資邏輯大致 OK，雖談不上專業，但足夠打趴一堆人
坦白說，他不是靠什麼分析報告，主要是因為自有資金 duration 夠長、能讓他專注主業、不被盤面牽著走
這就足以把不少季季考核的基金經理摁在地上摩擦，能拉長時間軸的人，常常就贏在一開始
（六）最後，給喜歡盯報告的散戶幾句真心話
很多法人報告根本不是寫給你看的
你拿著那些「庫存週轉」「誰受惠誰不受惠」的短線筆記天天喊燒，做出的往往是最短視的決定
公司內部的人有股權激勵，他們會因為本季庫存偏高就把長期部位賣光嗎？不會呀～
而且你也學不來法人的進出，人家有資金成本、有客戶贖回、還有執行層面的資源與節奏，你只會慢半拍
更何況，不少機構績效其實也不怎樣，你照單全收能好到哪去？
與其追逐報告的每個小變數，不如把時間花在企業結構與護城河上，活得更長更舒服
簡單講：除非你管理的capital與績效真的能幹掉 Dinter，不然就別在那邊 OOXX 了
少看一點報告，多花時間想長期現金流與競爭力，勝率更高
Ps.最近很多陌生的網友會跑來私訊我看法，並且截其他分析師的言論來「拷訊」我….
給各位一個觀念，每個人的觀點是基於不同脈絡下的產出結果，所以我當然不會在「不明白對方回答脈絡的前提下」去瞎給你意見看法，我沒興趣為一些無聊的內容下註解～
至於某些不知所云的私訊，也恕我無視，我寧可把時間留給更重要的事情～
（備註：以上純個人觀點，非投資建議）"
貼文136_第1串,"（聊聊丁特，文章有些小戾氣，不喜勿入）
剛好看到丁特拍影片說在美股賺了五千萬，往下一看留言區一堆酸民在那邊酸「本多終勝、打遊戲的人哪來那麼多錢」…
先講清楚，我沒打 LOL，對他了解也不多，只知道他做遊戲直播的
但我稍微查了一下時間線，他大概 2011 年就打職業賽（有錯麻煩各位協助糾正），算是很早就在這個領域耕耘了
所以…本多是天上掉下來給他的餡餅嗎？
我不這麼認為…我認為這全部都是他該得到的～
我身邊有不少類似丁特的例子
有人在本業做設計、有人當公務員、有人做餐飲
都是用閒錢用耐心投資，該上班上班
沒有人因為賺到一筆就辭職當全職炒股人
我想..丁特也不會因此不做遊戲直播跑去全職炒股，人家依舊在本業上耕耘
回到酸民喜歡一竿子抹殺別人努力的邏輯
你們嫌人家「本多終勝」，可人家那個「本」是十幾年累積出來的啊
那這些人十幾年來在幹嘛？追風口？短線 FOMO？
每天看政治新聞在無關人生的決定浪費時間？
今天 AI 明天幣圈，後天又說市場不公平，這不是傻逼嗎⋯⋯
（續
/"
貼文136_第2串,"人家是在沒人看好的時候就踩進去、把一個冷門變成專業
就不說，當年台灣多少人覺得打電動沒出息？
人家就是在那個不擁擠的地方扛著罵慢慢做，存到第一桶金，再把投資節奏放長，我認為這一切都是他應該的，沒毛病
說穿了，這世界上最可怕的不是沒錢，是短視
這類人有幾個共同症狀：賺到一點錢就飄，於是開始想靠當沖翻身
基本工作做不住，天天追題材，看到別人成功就酸一句「運氣好」
抱歉啦，這樣一輩子大多數都賺不到大錢
因為你花在投機跟羨慕的時間，比花在耕耘與研究的時間多太多了
這種人大概也會認為「巴菲特一開始就有錢吧」
人家九十幾歲，讓時間替他工作了多久？複利的力量在時間，不是在鍵盤上敲「本多終勝」這四個字
你要是真的不服，就挑一個你願意耗十年的領域，從今天開始做，十年後再來比
我不是在幫誰護航，也不是鼓吹大家去炒股
我只是在說一個最基本的道理….安貧樂道把本業顧好、在自己看得懂又認同的標的上慢慢投入、把心態拉長
長期主義是少數人才願意走的路，但財富通常就獎勵這群人。出身低不是原罪，短視才是
哈哈
蹭了一下丁特希望他不放在心上（如果丁特有看到的話
/"
貼文137_第1串,"看了 Vincent 這篇文章之後，真的有點觸動到我
自從卸下投行分析師的身分，再加上當了十年的 nobody 之後，回頭看才發現，自己最大的一個收穫反而是「學會接受一個比較真實的自己」
這個轉折需要時間適應，尤其是面對身邊￼親友人情冷暖（大部分人其實是不了解投行生態的，認為我們好像有一種「鈔能力」，於是對這份職銜有過高的期待….但其實我們都只是普通人）
在體系裡的時候，他們會說我在金雞母單位上班
過年過節一定有人丟問題叫我推薦股票、問我能否提供看法（當然我不可能跟他們亂推薦XD)
離開之後工作崗位後，身分一拿掉，很明顯的改變就是：我瞬間變成 nobody～哈
一些場合上，別人根本不知道我是誰，講什麼大家也只是禮貌點頭（有時候想想，不知道我也罷，我個人不愛混圈子，尤其浪費我時間的圈子）
直到旁邊有老闆幫忙介紹一句「他以前在哪家投行做 XXX」，那個眼神跟態度才忽然不一樣，鞠躬哈腰都來了
那一刻你就會很清楚，人情冷暖是可以用肉眼看到的，很多人尊重的不是你這個人，而是你頭銜背後那幾個英文字…
但往反面想，如果在你變成nobody 還願意相信你的人，都值得長長久久
vincentyucw
11/19/25
拿掉標籤之後：從名詞走向動詞的身份重建
​
最近在一些社交的場合，當有人問我：「你在哪高就？可以交換名片嗎？」我都只能笑笑的說我沒有在用名片了，舊頭銜也收進抽屜。那一刻，我總會想起那句雖然有點老生常談，但真正面對時還是會直擊靈魂的提問：「如果拿掉所有標籤，我還能用什麼介紹自己？」
​
過去這一年，我試著盡可能的把自己身上的舊標籤拿掉。
​
這沒有想像中容易。
​
不可諱言在過去的職涯裡，那些頭銜（也就是常說的「標籤」，像是來自哪家知名公司、掛著什麼樣的職位）是強而有力的敲門磚。它們是高效的社交貨幣，常常在我開口自我介紹之前，就已經替我完成了大部分的信用背書。
​
但標籤也是牢籠。它賦予身份也劃定邊界，不管是在主觀上或是客觀上。
​
與很多年歲漸長的朋友一樣，我越發強烈地意識到，我希望別人認識的是「我」這個人，而不只是履歷表上的那個「我」（這也是後來我越來越少打開LinkedIn的原因之一，那上面的氛圍完全是另一個極端）。期望當拿掉所有頭銜，我依舊是我。一個知道自己是誰、為何值得互動的人。
​
這趟旅程的起點，必須誠實地認識「頭銜」的雙重魔力。它既是我們年輕時拼盡全力課金買下來的鎧甲，也是我們中年後亟欲卸下的重擔。
​
不過我得先坦承一件事：這種「想要拿掉標籤」本身，在某種程度上是一種奢侈。
​
對於許多剛起步、或仍在職涯中奮力爭取認同的朋友來說，當下的核心任務仍是「如何贏得一個有份量的標籤」：無論是來自一間好公司、一個好學校，或一項專業認證，那都是一個值得投入的關鍵過程。
​
因此這篇文章想探討的，是那個過程「之後」的階段：當你成功獲得了一些標籤，並與它們共存了十幾年後，可能浮現的另一種、屬於人生下半場的困惑。這沒有要否定追求標籤的努力，而是試圖描繪在越過某個山丘後，我們都可能面臨的共同心理轉折。
​
▉ 頭銜的必要之惡：作為社會性動物的生存捷徑
​
我們很難不去追求頭銜。這份渴望來自兩種深刻且務實的焦慮：外部的溝通成本與內部的身份認同。
​
從外部來看，頭銜是最高效的社交通訊協定。
​
我們生活在一個高度複雜、訊息爆炸的社會，每一天都在與大量陌生人打交道。這時候頭銜就像一個標準化的通訊協定——把複雜的「你」壓成別人能立刻讀懂的摘要。
​
不管是 「頂尖投行的分析師」、 「知名外商的銷售總監」、「某大廠的資深研發工程師」，這些標籤本質上是一種刻板印象的應用。雖然刻板印象是個貶義詞，但從認知心理學的角度來看，它是大腦為了節省能量而演化出的必要捷徑。一個清晰的頭銜能大幅降低訊息不對稱，以及隨之而來的溝通成本。
​
當你遞出那張印著響亮頭銜的名片時，你其實是在說：「你不需要花時間完整地了解我，這個標籤已經幫你總結了我的可信度、專業，甚至（在某種程度上）我的綜合能力水平。」
​
這是一種高效的社會博弈策略。我們用頭銜來快速篩選合作夥伴、評估潛在對手，並在最短時間內建立信任。
​
而從內部來看，頭銜是填補迷茫的自我認同。
​
如果說外部功能是「給別人看」的，那麼內部功能就是「給自己看」的。
​
每一段人生轉折（從一個環境離開，進入另一個新環境），我們最缺乏的往往就是自我認同感。而這時候頭銜就提供了一個最簡單、最直接的答案。
​
它利用一種強大的心理機制：「仿同」 。我們透過加入一個比我們自身更強大、更受尊敬的組織（例如一間好公司、一個好學校），來讓渡一部分定義「我是誰」的權力。
​
「我是誰？」
「我是XX基金的分析師。」
​
這個答案是如此安穩、如此確定、如此令人安心。
​
這樣的認同感像是一塊浮木，讓我們在同儕壓力和自我懷疑中有東西可以抓住。我們透過頭銜建立的身份，來確認自己在社會階級光譜上的座標。
​
在職涯的初期追求頭銜，本質上是在追求一種存在與自我認同的確定性。這無可厚非，甚至可以說是必要的。
​
▉ 馴化的開始：當「我擁有頭銜」變成「頭銜擁有我」
​
平心而論，這本質上是一場交換 。我們讓渡部分的自我，以換取組織提供的資源、確定性與高效的晉升路徑。
​
但我們常忘了這只是合約，不是賣身契。當我們把融入的獎勵視為全部，而忘了放棄做自己的的隱性成本時，這場交換就失衡了。很多人（包含過去的我自己），都在這個階段逐漸被馴化了。
​
這裡用「馴化」 (Domestication) 一詞，是因為它不是強迫，而是一種潛移默化、伴隨著獎勵的行為塑造。
當你以基層人員的角色，進入一個強勢的組織文化，馴化就有可能從「我擁有頭銜」變成「頭銜擁有我」。
​
第一步可能是語言的同化。你開始使用組織內部的行話(Jargon)——這在金融業與科技業特別明顯。你學會了在Email和會議中，使用同樣的縮寫、同樣的商業框架、同樣的語氣。你開始用組織所定義的專業語言來思考與表達。
​
第二步進入了行為的模仿。有些人會不自覺地模仿那些在職涯階梯上更高階的人。他們怎麼穿著、喝什麼咖啡、看什麼樣的書、喜歡哪些運動、在會議上如何發言。你學著講同樣的「高級」笑話，適應著同樣的辦公室政治文化。我印象最深刻的，就是在JPM時某上司跟我們說過：「當紐約大老闆來視察的時候，記得穿粉藍色襯衫+深色領帶，因為是他喜歡的風格」（他自己的確身體力行，在這方面如魚得水）。
​
再過一段時間，就完成了價值的趨同。這個組織獎勵什麼，你就追求什麼。如果組織獎勵效率和結果，你就會逐漸把深度思考和過程正義放在次要位置。從組織的角度來看這個其實是優秀的象徵，因為它是強力企業文化的表現，只是這種優勢是建立於捨棄個人獨特性的成本上。
​
馴化最可怕的後果，是技能樹的同質化。
​
為了晉升我們被迫點滿同一套技能樹——「向上管理」、「簡報技巧」、「數據分析」、「建立人脈」，那些「有用」的枝幹瘋狂生長，而那些獨特的枝幹，則被系統性地荒廢了。
​
你原本對美學的熱情、你那充滿靈感的寫作筆觸、你那能喜愛動手做些小東西的工匠精神⋯⋯這些枝微末節的獨特性，因為無法被當前的KPI量化，也不能直接轉化為升遷的籌碼，它們在資源分配中被排到了最後。久而久之，這些技能所在的枝幹，因為缺乏時間與精力的投入而逐漸枯萎。
​
最終我們都長成了非常相似、非常「有用」、非常「高效能」的中流砥柱，然後成為了彼此的備份檔案。我們用頭銜來定義自己，因為除了頭銜之外，我們也漸漸不確定自己還剩下什麼。
​
▉ 覺醒的契機：幸運或不幸的身份地震
​
這種馴化的狀態，可能會持續一輩子，直到身份地震發生。
​
第一種是從聽命者變成掌權者。
​
當你一路晉升，從一個「功能的執行者」變成一個「願景的制定者」（例如高階經理人或自己出去創立新事業）。你會猛然發現，遊戲規則變了。
​
過去組織需要的是你的同質性和可預測性（更像是工具的角色）；現在組織（或市場）需要的，是你的獨特性和洞察力：你需要提出和別人不一樣的觀點，你需要看到別人沒看到的未來，不然難以作出一番新氣象。
​
有一部分的人可以很順利的完成這樣的轉變，但也有另一部分的人這時可能才驚恐地發現，他們那棵獨特的技能樹，早已在長達二十年的馴化過程中，被修剪得面目全非。他們習慣了講「正確」的話，卻忘記了如何講「真誠」的話。
​
另一種是離開了常規的職涯軌道。
​
這可能出於自願（例如為了家庭、為了理想而轉職或裸辭），也可能出於被迫（例如中年失業、公司倒閉）。
​
當你主動或被動地交出那張印著頭銜的名片時，過去那個由頭銜、公司、薪水所搭建起來的自我結構，瞬間崩塌了。
​
你在一個社交場合，當別人問你「請問你是做什麼的？」
你會突然語塞。你不能再說「我是某某公司的總監」，而是支支吾吾地說：「我以前是...」
​
「以前是」這三個字，就是身份地震的餘震。很多人被馴化得太久，已經忘記如何找回自己的獨特性。當那件印著公司Logo 的制服被脫下後，他們看著鏡子裡的自己，卻感到無比的陌生。
​
對我個人而言，縱使這段調適期並不長，但中間的過程也不好受。
​
▉ 重建自我：從「名詞」到「動詞」的旅程
​
拿掉標籤只是第一步，隨之而來的是巨大的焦慮。因為我們必須回答那個最根本的問題：「我是誰？我該怎麼定義自己？」如果我們的答案不能再是一個簡單的頭銜（名詞），那它該是什麼？
​
在過去這段時間的探索中，我發現「找回獨特性」並不是一個尋寶遊戲——挖出一個早已存在、卻被遺忘的真實自我。它更像是一個重建工程。一個需要刻意為之、並接受其未知與流動性的過程，是時候讓身份從「名詞」轉向「動詞」了。
​
重建的第一步，可以從做一些無用之事開始。這裡的無用，是說「無法被當下主流價值觀立即量化」的事情（換句話說，跳脫KPI思維）：
​
* 這個項目唯一的目的是讓你感到有趣或有意義。也許是像我一樣，開始寫作，分享自己對育兒、對投資、對個人成長的觀察。也許是重新拾起某種樂器、開始學一門新的手藝、或是去當志工。當然這樣的轉換，比想像中還需要勇氣——與工作時寫的每篇報告都有「必然的讀者」不同，我剛開始寫文章時，雖然自己覺得有趣，但還是會擔心只是一頭熱會無法持久做下去。
​
* 接下來著手重塑你的資訊來源。還記得馴化的根源之一是資訊的同質化嗎？離開職場後我雖然還是會定期閱讀產業報告和商業新聞，但我分配了更多時間，刻意地去接觸那些與職涯無關的書——讀科普、讀歷史、讀哲學（說來慚愧，仍然沒辦法享受更文學類的讀物）。讓那些當下看來沒辦法直接應用的知識，在腦中建立出新的連結，縱然我也還不知道這些連結對未來的我有什麼影響。
​
* 行有餘力還可以進行新領域的探索。由於我比較偷懶，沒有直接進入零基礎的領域，而是找一些跟原本專業相鄰的部分。像是找其他領域的朋友閒聊，強迫自己卸下專家的包袱，回到學習者的謙卑姿態。
​
總之這個過程的重點在於切斷「行動」與「功利結果」之間的直接連結。
​
當然這裡必須誠實地說：「無用」與「有用」之間的界線，往往是模糊且會流動的。現在的無用，很可能在未來某個時間點，轉化為某種有用的結果。
​
關鍵不在於刻意維持無用的純潔性，好像它一旦變有用就被污染了。重點是在於動機的起點：我做這件事不是為了在履歷上增加一行、不是為了多賺點錢。我願意花時間在這些事情上，只是因為我想做。
​
如果它最終產生了功利的價值，那是美好的副產品，而不是我們一開始就算計好的目標。唯有如此這個早已生疏的內在動機引擎才不會在剛啟動時，就又立刻被KPI的思維給綁架了。
​
當我們開始這些無用的探索後，我們會進入另一個的過渡期。尤其是當那些探索都還不成熟，沒有建立起任何外界認可的時候。
​
這時候可以試著告訴自己，身分的定義未嘗不可從一個靜止的、過去式的、由外界賦予的名詞標籤，變成一個動態的、現在進行式的、由你自己定義的動詞過程。
​
「我在寫作」、「我在學習如何更有效的溝通我的思考」、「我在努力成為一個更好的父親。」
​
這種動詞的身份雖然混亂又不穩定，而且難以讓別人馬上認識你（當然當先前的探索有所成績時，你又可以將名詞與動詞混合）。但也就是因為這種不確定和持續演變的可能性，才能讓你不受外在牢籠的限制，而且保有自我定義和評量的彈性。
​
長成名詞很快，活成動詞很慢，但後者才有生命力。
​
▉ 拿掉標籤的自由
​
我們花了職涯的前半生，努力地為自己貼上昂貴的標籤。然後可能需要再花費好幾年，一片片把它們撕下來，重新找到定義自己的方式。
​
我無意否定頭銜的價值。特別是在某些階段，它確實是高效的工具，而且也有一些高手可以迅速通過中間的轉換期。
​
我想強調的是——工具只是工具。我們使用工具，但不該活成工具的樣子。拿掉標籤的過程是痛苦的，因為它迫使我們直視那個被隱藏已久的、未被馴化的自我。
​
這個「自我」或許不那麼光鮮亮麗，不那麼高效能。但這個自我是真實的、是充滿可能性的、是能讓你內心感受到平靜的。
​
而這趟旅程的終點，並非為了找到一個更獨特的新標籤來取代舊的，而是希望能掙得那份「不再需要任何標籤」的、真正的自由。"
貼文138_第1串,"(講講為什麼「全身心迷戀一個人、並且好好研究他」對你有幫助～)
我印象中是2011那附近吧，當時賈伯斯還在世、iPhone 剛進台灣沒多久
某個科技業朋友，當時很欣賞 Steve Jobs
就決定從頭到尾徹底研究他一番
不只是把傳記翻完，連他過去所有的演講、訪談、股東信、產品發表會都看過一輪～
他那時候就從 Steve Jobs 的公開內容裡發現：「X，這間公司未來會很屌」
他說…那是他第一次體會到「原來可以從一個人的公開理念，就能確信這個人將來會改變世界，而且這個信念會讓你感到非常篤定」
後來實在太喜歡他的理念，就買了蘋果，一路抱到現在10幾年了也沒賣
你說這樣做很 nerdy 嗎？
呵呵～至少人家蘋果還能拿到現在，這個 nerdy 精神你說值多少錢？？哈哈
相比之下巴菲特應該是2016年後才買蘋果，我有點忘了…
而我早早在2021年就因為疫情賣掉了，後面漲幅都跟我無關…果然看得懂的人還是比較能拿得長遠的～
(歸根究底，我那時候2011年就是看不明白，在我眼裡蘋果不就是一個手機產品嗎？？再加上當時百家爭鳴，競爭對手一大堆～況且我也沒搞明白蘋果系統生態系到底厲害在哪….現在回頭看就是被打臉，證實當時真的沒能力「看見」)
那麼，公司創始人的傳記…價值在哪？
有人幫創辦人寫書，你可以當作免費的產業研究報告，順便了解商業模式
如果是創辦人自己寫的，你可以深入理解公司文化跟競爭格局
一個好的傳記要有辦法說服你，並且大量回答「公司將來憑什麼贏？」這個問題～而且越具體越量化越好
這些公司極可能是未來的10倍、百倍股～當然啦現在股價不能太「貴」，那這個「貴不貴」就取決你對公司多了解
Ps.如果書中只是創始人一味自吹自擂、好大喜功，沒有回答「將來我憑什麼」的問題，那可能就要小心～
甚至我敢說，我做自營投資這麼久，還真沒看過哪一個偉大企業，公司治理是沒辦法說服你的…
查理蒙格也說過，不要跟你不喜歡、價值觀不合的人共事
買一間公司股票，其實有點像把你辛苦賺來的錢，交給這群人去幫你經營公司
你買股票，本質上還是在經營自己的公司
那你總要搞懂這家公司在幹嘛、這些人在想什麼嘛哈哈，不是只翻兩頁財務報表就衝進去
(況且有些人買的標的連管理層是誰都不知道…拿不住很正常）
我覺得能在那時候就能明白這件事的人，現在都賺了不少～
就不說他當時除了蘋果，他看完比特幣白皮書，理解區塊鏈技術之後，還真的敢掏錢衝進去買有多屌
我看他也沒做太多投資，也沒做什麼騷操作，沒槓桿也沒融資，也沒做分散配置
投資標的五根手指頭數得出來吧，算是那一種「看得懂就一定會Allin」主義者
實際賺多少他沒細講，但我幫他大概算了一下
當年的成本、陸續投入的資金，以及後面股價和幣價走勢
現在資產破億應該是妥妥跑不掉的～
Ps.至於我這位朋友是不是草根投資人，這點必須要澄清，以免我給各位灌輸錯誤的期待
其實他本業薪水就已經不錯了，在2010、2011年他只有28歲的時候，能丟個兩三百萬台幣進去，就知道其實不算小資族
但我要說的是，哪怕你拿出的錢只有他的1/3，
一樣穩穩投資十幾年，你獲利就算只有他的1/3，應該也是夠很多人舒服退休的～
嗯，回歸到一個很簡單的道理
只投自己看得懂、喜歡而且認同的東西，然後全身心迷戀他～標的不要太多，才有時間一直追蹤公司在幹嘛
當然，也不是看書就一定會賺錢，但從看書挖到寶的機率比較大～
同一個人也看過幾本其他創辦人的書，後面十幾年股價橫盤、甚至爛到爆的也有
差別在於有些書看一看，你就會覺得「哇靠這創辦人價值觀怪怪的，公司文化有點雷」，那你就提早閃人
我自己投資一間公司如果能實地調研當然最好
沒辦法的話我會看創始人或CEO有沒有可供參考的公開談話或是書籍？
通常投資能做得久，多半是投自己看得懂的，然後你決定跟他愛情長跑十年以上的類型
有時候我覺得，所謂的自由，大概就是這樣：
可以挑自己欣賞的人深度研究
可以專心做自己喜歡的產業
可以跟同樣有熱情的人一起打球、聊天、工作
這樣就夠了"
貼文139_第1串,"看到羅大這則貼文有感，手癢來回覆一下～
自從投行退下來變成自營投資人這十年，我一直想一個老問題：
我們一路念學士、研究所、考證照、做實習，最後在職場流浪了一圈，這些工具到底是為了誰在服務？
老實說，多半是為了金融體系的分工在訓練。
在學校充其量就是把人訓練成職場的一顆螺絲釘，不管你念的是台大、哥大還是耶魯，都一樣的。
只要你在 sell‑side，你就要能寫報告、會建模；只要你在 buy‑side，你就要在既定 mandate 裡控部位、盯流動性。這些都重要，但它們的邏輯，未必等於個人資本優化的最佳解。
買方很多時候是被結構牽制，有資金進出壓力、持倉限制，跌的時候必須砍倉，漲的時候不能落後 benchmark（典型的 career risk～）絕大多數 PM 都沒有長時間空手等便宜貨的政治本錢。
但換個角度想，如果你不是打算在華爾街（或台灣的機構）一路升到合夥人，而是想把投資當成年累月可複製的個人自營技能，那學到的東西就要跳脫框架使用。
該會的還是要會（財報、商業模式拆解、產業結構怎麼看、估值怎麼估…但你不必照表操課）
（續
/
garylo.tw
11/14/25
當mentor帶了第八年的學生寫研究報告，仍覺得自己在個股研究程度不到頂尖(不管是從時序資料的個人職涯歷程，或是從橫剖面的業界水準來看)，沒在建財模、不常call公司，如果在sell-side ER 100%試用期直接不錄用，但在buy-side PM就能較高權重看待操作績效與風險控管、而非個股研究的深入程度。
自己看待自己過去職涯管理投組的紀錄，驅動投組的長期正報酬像是大雜膾，看對產業未來趨勢/追蹤經營層言論/留意被投資公司的財務健全度/技術分析輔助切入及加碼點位/總經調整持股水位高低/心理層面強韌以應對崩盤時的恐慌不知所措/持股高度集中/動態加減碼調整。圍繞的核心是控好下檔風險，空頭時比benchmark跌得少，大多頭時儘量跟上。
關於冒牌者心理的調適方法，近幾年是把自己的角色當成新手村村長，
給這些新人發新手大禮包，
把書面報告的研究架構、應注意事項、業界研報…等資源灌給同學，
再藉著長年帶隊的心得，告訴他們調整方向及不同階段的重心轉移。
這些新人若對個股研究有熱忱，
自己就會長出新手村畢業該有的能力，
真的進到業界當研究員，
也能自己活得好好的。
cat__soc: 你不會因為已經學到了碩士，就認為那時候教你認字的小學老師沒有價值。
可太多人卻認為自己的程度不到頂尖就不該教別人，忽略了人在每個階段本來就需要不同程度的老師。"
貼文139_第2串,"自營投資最大的優勢，是你沒有外部的季度 KPI，別人在拼季度考核、被迫做出短視決策的時候，你可以繞路，把評比拉長到五年也行。
所以你可以只打你看得懂的球，九成時間不出手，出手就抓大的、久等也沒關係。
說白了，如果巴菲特把自己綁在短期考核上，大概不會有今天的老巴。
反過來，自營要活得久，也不能對機構一無所知，因為市場的主要定價者多半是機構。
你得知道他們的強項與弱點（滿倉被迫進出、季底結帳、指數權重與流動性約束）。
很多好的錯價機會其實來自這些機構的「被迫」調整（比方指數調整、季報前後的降槓桿….），這些都是可預期的路徑依賴，就看你了解多少～
當然啦，mentor 帶新人很重要，但我認為有些從投行退下來的 mentor 未必意識到「重新定義問題＋跳脫遊戲規則」這兩件事，很多人還是把價值感全綁在 sell‑side 或 buy‑side 的考核尺度上。
但機構與自營不是誰高誰低這種優劣區分，這是兩條不同的賽道、不同的約束標準。
如果你要在自營做到卓越，就得學會重新定義問題、找到自己的賽道，而不是永遠玩別人設計好的規則，然後在裡面鑽牛角尖～
/"
貼文140_第1串,"很多人關注美股到底在跌什麼？看不懂
或許跟什麼政府關不關門沒啥太大關係
也跟川普又跑出來說什麼沒啥太大關係
有沒有可能剛好只是市場集中度太高
然後又很剛好某個突發事件跑出來，好讓你把它錯誤歸因？
嗯…其實有時候暴跌不見得需要有那麼多原因～
很多時候是自己腦補出來的，哈哈
￼這就像是你最近運氣不太好，然後又很剛好一直連續遇到鳥事，￼有人就會說自己卡到陰，需要去廟裡拜拜
￼￼你有沒有想過…其實是你狀態沒調整好，導致於你一直吸引到爛事情？
人總喜歡賦予一些沒意義的東西太多意義，真有意思吶￼
這讓我想起明代王陽明和一位朋友一起旅遊的歷史典故～
他的朋友指著岩石中的一棵花樹問他：「你說過『天下無心外之物』，但這棵花樹在深山中自開自落，和我的心有什麼關係呢？」
王陽明說：「你沒看這朵花的時候，『此花與汝心同歸於寂』；你來看這朵花的時候，『此花顏色一時明白起來』，便知道這朵花不在你的心外」
所以我都跟來討論行情的時候，我都說…專注自身，管好自己的資產組合就好哈哈～"
貼文141_第1串,"（大賣空主角Michael Burry 的水平大概如何？）
最近很多人在談論他，我也來講一下我的看法～
他比較像超級特種兵型選手，不是那種適合長期募資、陪客戶慢慢過日子的基金經理
靠著把結構性商品拆到錯價，然後抓到一次世紀難得的機會，Scion 2000–2008 的績效屌打大盤，這點沒什麼好質疑的，實力一定有
但別忘了，過程中他的客戶是嚇到想贖回的
因為他的做法，本來就很難複製，容錯率又低，看起來比較像「理性＞感性」的一種人格：
（相信自己算出來的東西 → 死抱部位 → 不太鳥市場短期情緒）
嗯…這類人適合自己玩自營就好，不一定適合幫一大票 LP 管錢
賺得到錢沒錯，可是如果你是他的投資人，心臟不夠大顆，真的是會被他嚇到睡不著
所以在我眼中，他比較像是：
打一場世界級勝仗 → 功成身退，跑去寫書、教課、當顧問、當戰術教官，人生反而會輕鬆很多
你說他繼續在台前晃來晃去，對他是不是加分？見仁見智啦
有時候我會想，要嘛他沒有自知之明，要嘛就是智商高到，他根本不care別人怎麼看、也不打算跟你解釋
我當然比較希望是後者啦，不然就有點像是被鎂光燈寵壞，在聚光燈底下慢慢迷失自己"
貼文142_第1串,"（聊聊楓之谷商業模式）
2005 年那陣子，我大概算是楓之谷最早那批玩家。
那時候下班回家，電腦一開就是衝去弓箭手村刷綠水靈，週末跟朋友約好組隊打怪、跑任務。
現在當爸也好一段時間了，想到那段日子，還是會覺得那是很單純的快樂。
最近聽幾個年輕朋友說，官方又在搞經典伺服器，說是要讓大家重溫「舊楓味」，一堆人準備回鍋試水溫。
老實說，楓之谷一開始的商業模式我覺得還不錯，以用戶黏性來說，是有一定護城河的～
那時候沒有太多台幣戰士，很多都是國中小學生，遊戲讓你免費下載免費玩，想打扮角色或省一點時間，再去道具商城花點小錢就好。
後來遊戲慢慢長大，畫面越改越炫、攻擊數字越來越誇張，以前那種大家慢慢練等、在村子裡聊天交朋友的細膩互動，感覺就慢慢走味了。
如果換成做生意的角度來看，台版楓之谷就是典型的原廠開發＋在地代理模式：
韓國 Nexon 負責做遊戲、改版本，台灣這邊的遊戲橘子負責伺服器、客服、行銷，再把點數卡鋪到便利商店，靠大家一點一點儲值。
剛上線那幾年，楓之谷在台灣算是打開學生族群市場的代表作之一，人多、氣氛好，只要有一小部分玩家固定在商城買點裝、買加值道具，營收就很穩。
但線上遊戲的市場不可能一路往上衝。
等到玩家數量差不多達到固定飽和、成長很可能就會停下來，可是公司裡每季的業績目標還是掛在牆上，最容易發生的事情，就是把行銷改版做得越來越商業化（數值裝越出越誇張、抽獎活動越辦越兇、版本更新節奏越來越急，經營越做越短視，遊戲大概就回不去了～）
當然啦，短期可以把營收衝起來，這沒問題，但長期卻把原始的設計理念抹滅掉，玩起來就會有種說不上來的違和感，也難怪很多老玩家覺得味道跑掉。
楓之谷在遊戲橘子裡的角色，大概也走過一段大起大落：當年是招牌之一，辦十週年活動、各種宣傳合作，怎麼看都像是公司力捧的作品。
但時間一拉長，玩家世代輪替、其他新遊戲出來搶注意力，它的熱度自然就會上上下下。
站在外人的角度看，這也是線上遊戲產業很正常的循環~要做到基業長青實在是困難。
至於經典服到底有沒有效？
我自己的感覺是，短期上至少可以把一批當年在弓箭手村打綠水靈的人叫回來，登入看一眼，順便懷舊一下。
對營運團隊來說，經典服也是一個很好的「問卷調查」，到底玩家想念的是舊版本的地圖節奏？還是懷念角色成長的步調？還是只是想找個大家有共同記憶的地方聚一聚？
只是會走到要開經典服這一步，很大一部分其實也是因為這幾年玩家流失得有點明顯。
老玩家畢業、工作、成家，新人又被一堆手遊分走注意力，線上人數自然不像巔峰那幾年。
市場一冷下來，各種私服、山寨服就會像雨後春筍冒出來，有些甚至在台灣被抓到靠私服賺錢，上了新聞。
我不是替私服說話，而是從需求的角度來看：官方如果沒有好好照顧那群想玩舊楓的玩家，總會有人自己想辦法開一個地方，把那份懷舊的需求接走。
這款遊戲的營運邏輯，說白一點就很像用短期績效排名在考核的基金。
台灣代理商這塊背著季 KPI，活動自然會被設計成各種短線誘因，先把這一季的數字衝過去，好向股東、投資人交差就好。
每一季 KPI 壓力，就會誘使遊戲版本變成一次一次的營收專案，哪次改版要塞哪個轉蛋、哪個超強裝備、哪個限時禮包，全部往同一批重度課金玩家身上推，但他們沒想過的是，你收割了這批乾爹玩家，乾爹玩家是否能在遊戲上一直維持快感？？這讓我想到，一直當山大王找不到對手，總是非常無聊的～
短期看起來很賺，報表很好看，但一般玩家壓力越來越大，新玩家也不敢進來，久了玩家自然流失，遊戲就走向凋零。
你說遊戲有沒有生命週期？有，但我覺得跟代理商的文化、理念，還有考核機制，關聯很大～
在我看來，一間好公司應該是「投資人放最後」，先把產品理念、玩家體驗、團隊文化放第一，不然要做到基業長青很難～
很多公司之所以活不長，就是把順序顛倒，每天只想取悅華爾街，把股價跟財報當第一，逼團隊做一堆短視行為。
我會覺得台版楓之谷可以把心力放在幾件很基本的事，讓免費玩家也玩得下去、付費主要放在外觀跟一些生活方便功能，戰力相關的東西控制在合理範圍，否則，你去想嘛，以前幾千幾萬的攻擊數字就很厲害了，現在動輒破億的攻擊要怎麼玩？？？
抽獎的機率分布講清楚，別讓人覺得在玩賭博，再來，外掛能管就管，至少要展現官方的態度，不要讓正規玩家覺得自己像是冤大頭。
這些對一款老牌遊戲來說，反而是比較實際的作法～
不過基本上不可能～那就當我理想主義天馬行空XD
說真的，楓之谷能活到現在不簡單，從 PC 網咖時代一路撐到手機當道、短影音當道，還能維持一群死忠玩家，本身就很厲害。
對我們這種在裡面度過青春的人來說，多少也願意為那份回憶買單。
但做生意還是要算盤打得清楚，付費要合理，花錢的人覺得更好玩，不花的人也不會被趕出遊戲。
這樣社群才有機會自己成長，不會只剩下一小撮課長在那邊撐場面。
不然，十年後楓之谷還在不在，真的很難說。
至於我自己，要我現在回去重練一隻從一等開始的楓之谷角色，大概是沒那個興致也沒那個時間了，只能在心裡跟當年的弓箭手村說聲：謝謝招待，回憶就留在那裡就好（笑）"
貼文143_第1串,"Vincent 這篇我讀完的延伸想法是：
先撇除AI是否會被證偽這件事，目前有一件事情是確定的，現在的算力鏈條後面綁了一長串肉粽，再加上資本集中度又這麼高，行為又幾乎同向，一旦出現預期落差造成的失望賣壓，傳導速度會很可怕～這是幾乎可預見的
我認為上面這個結構的脆弱性可以好好拿來做一些延伸（整篇結構Vincent文章都有做彙整，我就不贅述了，建議各位從頭到尾好好閱讀）
所謂的脆弱性，我把它拆成分子分母賽跑去理解：
分子是應用帶來的現金流，分母是資本成本與需要的報酬率。
現在分母其實不低，因為大多是私募信貸＋長天期承租的混合結構；
分子端則高度仰賴應用端落地的速度。
不確定性其實還是很大，所以可以猜測市場有可能會把很大的預期塞在財報與指引那幾個關鍵節點，一旦出現很強大的預期差，那結果是可想而知的
（邏輯大概是這樣子思考：敘事鬆動 → 融資利差抬頭 → 展期成本上升 → 新增資本放慢 → 現金流預期下修 → 敘事再鬆動）
看完上面的構想，我大概能碰撞出幾條交易的思路：
一是calendar spread，買相對便宜的長天期波動、賣臨近財報的短天期保費，去賺事件前後波動曲面的時間差。
二是小額買入跨式或勒式，搭配嚴格的盈虧比與出場規則，只賭驚喜幅度大於市場定價時的那一跳。
三是指數層做保險，單名個股做方向，讓個股錯殺時的基差變你的朋友。
風險的部分，我自己來看，事件後的 IV crush 很兇，流動性差時滑價會吃掉預期收益，還有提早發新聞或臨時改法說日期的路徑風險。
（所以部位一定要小，把它當成配角就好）
從上面這個案例，我想借鏡之前某家大型投行的 Head of Equity Derivatives Trading 跟我說的觀點，他們以前九零年代末期科網高波動時盯的不是門面股本身，主要看的是供應鏈的波動傳染，當時大家都只盯網路門面股，他反而去看二線的機櫃與網通供應鏈，因為這些公司的訂單週期對預算縮水極度敏感。
那與其去那邊豪賭未來落地應用，不如在不確定信中找確定性（這裡補充一下，如果我們以後見之明來看，當時科網泡沫確實是泡沫，但是如果你把自己丟圍到當時的氛圍去看，你會認為他是泡沫嗎？但當時確實有一批人選擇繞路做其他種賭注交易）
他們在龍頭公布財報前兩週，分批買入 SOX 指數的遠月輕度價外賣權，並且在兩檔高度相關的供應鏈個股上佈局日曆賣權價差，前月小量買、後月再多買一點，等到龍頭財測下修、整條鏈 correlation 跳升，他先出掉指數賣權，再把個股的後月倉位留著等補跌，整個循環做了三次就把全年績效拉起來了。
過程中你不用做任何預測，主要是從上面幾乎確定的結構中找到交易機會，重點是你要對波動曲面有耐心。
以trading 的角度看，逢敘事開始位移時布局波動性是有機會的，如果你要操作，要小心一些要點：
第一，直接買VIX 平常處於順價結構時會有持有成本，時間拖長會被滾動成本磨損。
第二，現在 0DTE 選擇權很活躍，做市商的動態避險會放大日內波動，路徑風險很大，時間點抓錯，保費可能很快就被蒸發。
所以與其賭對或錯，我自己的構想是在敘事鬆動的窗口用小倉位、明確停損、時間價值可控的結構去參與，你就不用長期抱著單邊部位等天亮～
vincentyucw
11/12/25
AI基建是泡沫，還是「抱團買時間」？拆解3兆美元背後的金融結構
​
當科技巨頭在今年砸下超過3000億美元建設AI算力、未來三年預期總投入會超過3兆美元時，一個問題浮現：這是2000年網路泡沫的重演，還是人類史上最大規模的生產力押注？
​
這不是一場簡單的「泡沫 vs 非泡沫」的二元辯論，答案可能比你想的更複雜、也更精密。
​
我沒有能夠預知未來的水晶球。但我試著深入拆解這場盛宴底層的金融結構，建構出一套分析框架。
​
文章較長且多細節，先講結論：
* 方向上，我不認為這是大泡沫。但個別環節存在高風險。
* 更精準地說，現在的 AI 基建像是一場「抱團 + 買時間」的長征。大廠(Microsoft、Google、Meta、Nvidia…等）利用財務工程撬動巨額槓桿，但把主要信用風險外包給專案公司（SPV）與資本市場，將所有參與者的利益緊密綁定。
* 所謂的「買時間」，是指它們在賭自己的現金流與外部資源的耐心，能否撐到「AI真正提升生產力」那天到來。
* 如果賭贏，AI將兌現承諾，大廠是最大贏家。如果賭輸（AI進展不如預期或成本過高），最先受傷的是提供融資的外部資源。
* 這不是2008年那種「銀行槓桿過度、單點引爆」的泡沫。這是直接融資的巨型實驗，由地球上最聰明、現金最充裕的企業主導，用複雜的「表外融資」策略，把風險拆成許多可交易的片段，分散給不同投資人消化。
* 就算不是泡沫，也不代表所有的AI基建投資都可以得到好的ROI。
​
▉ 理解核心：「抱團」的利益綁定機制
​
所謂「抱團」，是指這場AI基建將五方利益緊密綁定：
​
* 科技巨頭（Meta、Microsoft、Google）和它們的大模型合作夥伴（OpenAI、xAI)：需要算力，但不想一次性砸錢。
* 晶片供應商（Nvidia）：需要持續的大訂單來支撐其估值。
* 私募基金（Blackstone、Blue Owl、Apollo）：需要新資產類別來擴張資產管理規模、收取更多管理費。
* Neocloud（CoreWeave、Nebius）以及混合型雲端服務提供商（Oracle Cloud Infrastructure）：提供基建與算力，但同時需要大廠長約來撬動融資。
* 機構投資人（養老基金、主權基金、傳統基金像是BlackRock）：需要高於公債的穩定收益。
​
而這五方形成了一個「利益共同體」，例如：
* Nvidia給CoreWeave優先供貨，同時投資其股權
* Microsoft給CoreWeave長約，同時協助其融資
* Blackstone提供債務融資，同時從養老基金募資
* Meta與Blue Owl共同成立 SPV，共擔風險
*​ OpenAI與其他大模型廠商持續拉高模型參數、推理能力和訓練規模的標準，等於不斷提高整體產業的算力需求門檻。特別是在與Microsoft的深度綁定下，這種「技術外包、壓力內化」的合作結構，讓OpenAI雖不出錢卻成為加速全球資本支出競賽的點火者。它不是出資方，卻是推動全場槓桿加碼的實際策展人。
沒有人能獨善其身，這就是「抱團」的本質。
​
▉ 資本的架構 — 誰在出錢？錢又流向了誰？
​
要理解整體架構，我們可以先從下面那張資金流向圖說起（這是那天與曼尼聊天時，他分享給我的）。
​
科技巨頭需要天文數字的算力，有兩條路：
* 自建資料中心：這是傳統模式。優點是完全掌控，缺點是建設緩慢，且所有資本支出和風險都壓在自己的資產負債表上。
* 尋求外部供應：巨頭們並不是簡單地去租用伺服器，而是催生了兩種核心的「外部供應商」模式。這是當下的新趨勢，也是我們分析的重點。
​
第一種是SPV (Special Purpose Vehicle) / 特殊目的實體：
* 這是一種純粹的金融工具。你可以將其想像成一個專門為「單一項目、單一客戶」成立的特殊實體。
* 商業模式：例如Meta想蓋資料中心，但不想一次出一大筆錢，就與資產管理公司合組SPV。SPV唯一任務是建造並營運這座專屬於Meta的中心。投資人拿到的是以租金現金流為底的高品質債權（公司債+專案融資的混種）。
* 客戶類型：極端單一，通常只有一個（例如Meta）。
* 風險程度：生死完全繫於單一客戶信用。
​
第二種是Neocloud (如 CoreWeave, Lambda, Nebius)：
* 這是獨立營運公司（Operating Company, OpCo），有自己的營運策略與完全的決策權。
* 商業模式：舉例來說CoreWeave 自籌資金（股權和債權）購買大量GPU，轉租給多個客戶，簽「保底/預留」合約。靈活但股權價值波動大。
* 客戶類型：理論上多元，實際早期高度依賴大廠（例如Microsoft對CoreWeave的早期支持）。由於規模較小，不像SPV背靠單一富爸爸，Neocloud對上游供應商（Nvidia）的依存度更高。
* 風險程度：風險分散到多客戶，但營運能力、技術、股權價值都影響存亡。
​
儘管在法律和營運結構上截然不同，但兩者的商業本質殊途同歸：都是巨頭的「算力外部供應商」，將巨額GPU採購和資料中心建設從巨頭資產負債表上「移出」。
​
那麼這些SPV和Neoclouds的錢從哪裡來？
​
答案不是傳統的銀行，而是私募信貸基金（Private Credit Funds）。為什麼？
​
這是因為2008年後，《巴塞爾協定III》對銀行資本適足率要求嚴苛。銀行承作這種高風險、高集中度、長天期的巨額貸款，需提列的準備金高到不符成本。
​
銀行「不能做」、「不敢做」的生意，創造了巨大真空。Apollo、Blue Owl、Blackstone這些私募巨頭填補了空缺——它們不受銀行法規限制，能提供更靈活、更快速、但利率也更高的融資。以專案租金或GPU/設備與長約做擔保。
​
對它們而言，這是極具吸引力的大餅——許多有傳統基建融資經驗，而這主題足以讓管理資產規模成長數倍，管理費和附帶權益 (Carried Interest)大增。
​
那這些私募信貸基金的錢，最終又是從哪裡來的？
​
答案是機構投資人（LPs），例如養老基金（Pension Funds）、主權財富基金、保險公司，甚至是一般投資人（例如透過BlackRock發行的私募信貸ETF——裡面就有Meta項目下的144A私募債Beignet Investor LLC 144A 6.581% 05/30/2049）
​
風險鏈的傳導路徑於是確立：
​
（最終風險承擔者） 養老基金/ETF投資人/主權基金→ （中介機構） 私募信貸基金→ （融資實體） SPV 或 Neocloud (如 CoreWeave) → （最終使用者） 科技巨頭 (如 Meta)
​
▉ SPV實例分析 — Meta的Hyperion
​
要理解SPV模式，Meta的「Hyperion」計畫是一個絕佳案例（足夠多公開資訊）：
* 結構／股權：Meta與Blue Owl管理基金組JV（Beignet Investor LLC）。Meta 20%股權、Blue Owl 80%。以SPV 144A結構發債。JV蓋資產、Meta長約承租。施工期資本支出在JV，融資租賃開始後資產逐漸轉至Meta資產負債表上。
* 規模：約 273 億美元債（144A 私募債）＋約 25 億美元股權，為美國史上最大宗單筆公司債／私募信貸式專案融資之一。而到期日是2049 年，這種長天期攤還結構，本質是「先把最難的時間風險鎖住」。
* 利率／評級：債務獲 S&P A+ 評級（高評級讓保險業者可以配置），票面利率約6.58%。
* 投資人結構：PIMCO認購180億；BlackRock旗下ETF合計逾30億。對這群投資人來說，這是極具吸引力的高品質穩定收益。
* 現金流與租約：Blue Owl看上的不是可能貶值的GPU（我認為現在市場中有些人擔心GPU的折舊年限假設太長是放錯重點，因為GPU只是硬體部分，而AI的整體價值在於硬體+模型，舊款硬體的價格因迭代而跌價，不代表最終AI模式應用的價值也跟著下跌），而是Meta長期租約支撐的SPV現金流（從2029年起）。建設期資金還預配在美國公債降低風險。這結構融合了公司債流動性與專案融資保護條款，同時是144A-for-life（投資人圈子受限）。
​
那為什麼這種架構的短期風險極低？
​
這是因為在這種結構下，Hyperion任務單純：左手收Meta租金，右手付Blue Owl利息。只要Meta不倒（可預見未來機率極低），現金流就穩如磐石。不需擔心AI需求波動、GPU跌價。
​
這個 25 年的超長天期、按租金攤還的債權結構，只要租金穩定進來、利息正常支付，就鎖住了所有近期的再融資風險。這就是「買時間」的精髓（讓AI應用創造出來的價值慢慢追上財務結構）。
​
同時Meta用自己的信用與強大現金流，換取繞過傳統資本支出的巨額長期融資。儘管現代會計準則（IFRS 16）下，長期租約最終仍以「租賃負債」上表，但優點在於：前期建設期數十億美元的資本支出壓力，以及相關建設風險與融資業務，都先轉嫁給SPV。
​
把一次性巨額資本支出，轉化為未來25年分期攤還的租賃費用，極大優化現金流。然後賭這些AI投資能否在10-20年產生足夠經濟效益支付本息（以債券6.58%的票面利率來看，考慮營運費用，以EBITDA計算的ROI至少要在9-10%才能讓股權持有者得到還不錯的報酬率）。
​
▉ Neocloud的緩衝墊 — OpCo的股權風險
​
如果說SPV模式是「信用轉移」，那麼CoreWeave、Nebius這類Neocloud模式，就是「風險進一步分層」。
​
以CoreWeave為例，資本結構遠比SPV複雜。多輪股權與債權融資，投資方包括Nvidia、VC、成長基金和私募債權基金，形成清晰的風險緩衝序列。
​
假設AI需求不如預期，或新競爭者出現，CoreWeave收入大降、付不出高額利息，會怎麼樣：
* 第一步是股權價值蒸發：CoreWeave股價暴跌。這是「股權緩衝墊」——最先吸收衝擊。公司可能被迫折價融資，原股東權益大幅稀釋，甚至血本無歸。相比之下SPV的股權緩衝墊更薄，因無法直接在公開市場融資。
* 第二步是債權人受損：只有股權完全「燒光」後，CoreWeave仍無法償債，才輪到Blackstone這些私募債權人承受損失。但這些基金放款時，通常要求極好的抵押品（最新GPU）和嚴格還款優先權。
* CoreWeave和Nebius都採「先確定長約，再拿長約融資」，在資本市場再融資快速擴張。
​
這個結構的精妙之處在於，大廠客戶可以達到更好資金運用效率，不出資就用未來採購長約撬動更多資本開支，風險傳染到整個金融體系的機率有限。
​
反之Neocloud股東需注意，自己坐的是這場賭局裡最顛簸、但也最刺激的位子。他們賭的是高速成長，還要祈禱管理層的財務操作（債務展期、股權增發）近乎完美無瑕，另外還要留意債務到期結構、質押範圍、合約續簽窗口與客戶集中度，才能更好衡量股權風險報酬比。
​
我們也可以試想一下如果真的AI需求成長較慢的時候，誰會是邊際上最容易被拋棄的產能？SPV還是Neocloud？為什麼？
​
▉ Oracle Cloud：非典型雲端玩家的逆襲
當大家都在關注CoreWeave和三大雲端巨頭時，一匹出乎意料的「雲端黑馬」也在悄悄崛起：Oracle Cloud
它不屬於Neocloud，也不是三大科技巨頭的一線陣營，卻靠著高度彈性的架構設計與Nvidia深度合作，搶下了 Cohere、xAI，甚至 OpenAI 一部分運算負載的合約。
特別是當Neocloud的槓桿逐漸吃緊、傳統雲端空間不足時，Oracle 以「中立」與「可替代」的定位，成為第二波AI算力供應鏈的重要緩衝層。
它的存在也讓我們看到，這場算力爭奪戰並非只有三強對決，還有像 Oracle 這種非典型但極具戰略意義的供應商正悄悄搶位。
但別忘了，這場遊戲的牌桌並不只在矽谷，而是延伸到整個全球金融市場。
▉ 眾人覬覦的政府「隱性擔保」
​
最後，在這場由科技巨頭和私募金融主導的牌局中，還有一張潛在「王牌」——政府。
​
雖然OpenAI最近公開說「沒有也不希望」政府為資料中心提供貸款擔保，與政府討論的是晶片廠潛在擔保而非資料中心。但我認為他們（或類似參與者）原始計畫中，一定包含「把政府拉進來抱團」的選項。
​
怎麼說？若AI基建規模大到連私募債權都無法承擔，唯一出路就是升級為國力之爭。一旦AI領導地位被定義為「國家安全」或「21世紀登月競賽」，政府介入就順理成章。
​
這種介入最有效方式不是直接出錢，而是提供「擔保」。這種做法能帶來一個決定性的好處：大幅降低融資成本。
​
年紀跟我差不多的投資人，應該都還記得Freddie Mac（房地美）/Fannie Mae（房利美）。這兩家「政府贊助企業」（Government Sponsored Enterprises；GSEs）並非美國政府正式部門，但市場普遍相信它們有「隱性政府擔保」。
它們從銀行購買房貸，包裝成MBS並擔保，在公開市場出售後重新將資本導向房貸市場，增加可供放貸資金。也就是它們的存在，讓2008年的金融海嘯影響範圍更大。
​
想像一下，若未來出現「國家AI算力公司」，由政府提供隱性擔保。它發行的債券將被視為準主權債，利率無限接近美國國債。
​
這將徹底改變前面提到的「買時間等生產力上升」：
* 融資成本極低：借貸成本越低，對「AI生產力提升速度」要求越低。
* 時間無限延長：更重要的是，能用極低成本不斷展期（Roll over），等於買到近乎無限時間。
​
換句話說，這做法讓賭局直接「爆掉」機率大降。但一旦爆掉，影響範圍可能擴大數十倍
​
▉ 數兆美元的賭注 — 真正關鍵的「生產力」
​
前述所有的金融結構——SPV、Neocloud、私募債權——無論多麼精巧，都只是在回答「如何付錢」這個問題。
​
而究竟AI基建會不會成泡沫，最根本問題是：「AI是否真能增加生產力？」以及「速度有多快？」
​
所有長達10年、15年的融資安排，本質都在「買時間」。金融工程給巨頭一段喘息期，不需立刻見效。但買時間是有代價的：Blue Owl和Blackstone的投資人（養老基金、主權基金、ETF持有者）需要的是穩定的利息回報，Neocloud的股權投資人需要的是數倍的估值增長。
​
這些融資方的「期望回報率」，就是AI生產力必須跨過的門檻。如果AI帶來的生產力提升，其速度無法覆蓋高昂融資成本，這精巧結構就會從最脆弱處開始崩塌（「股權緩衝墊」）。
​
因此未來幾年，我認為要特別關注以下兩個面向：
* 各領域「應用解決方案」的推出速度：光有強大模型（LLM）不夠。需要看到真正能讓企業掏錢的「軟體」和「服務」。需要這類應用大規模普及，產生的現金流大到足以償還巨額基建成本的本息。
* 外部限制的制約：AI資料中心是吃電怪獸。我們是否有足夠的電力來支撐指數級增長的算力需求？電網的升級速度是否跟得上？Nvidia的GPU和其他硬體的供應是否會碰到瓶頸，使其「慢於」金融契約所要求的時間表？供給側風險可能讓所有「買來的時間」被熬乾。
​
簡而言之，這是一場金融（融資成本）與物理（電力、硬體）和商業（應用落地）之間的賽跑。
​
我們也可以用量化的方式，大略的估計究竟AI需要帶來多大的生產力提升才能避免泡沫：
* 根據Morgan Stanley的預估，這一輪AI投資累積到2028年應該可以達到3兆美元。
* 前述Meta的SPV發債成本大約在6-7%，而根據Fortune的報導，CoreWeave目前的平均債務利率是9%左右。假設產業大多數的私募債權要求回報為7–8%、股債比3:7，換算回來這些AI基建的ROI(以EBITDA與總資本開支計算）需要在12-13%才能讓股權收益率達到20%以上。
* 所以所需 EBITDA = 3 兆 × 12% = 3,600億美元；若按EBITDA利潤率65%計算，對應營收約為5,500億美元；
* 以美國名目 GDP 約 29 兆估算，等同約1.9% GDP的新增產出需要由AI 賦能長期支撐。
* 這個門檻不低，但非天方夜譚（2025年全球雲端產業總收入大約為4000億美元，換句話說我們得至少看到AI賦能再造一到兩個雲端產業）。關鍵在應用變現速度與物理瓶頸能否同步打通。
​
▉ 風險情境壓力測試：當「時間」不夠用時？
​
前述所有的金融結構，都是在賭生產力能跑贏融資成本。讓我用兩個壓力測試，模擬AI生產力實現速度不如預期時的連鎖反應：
​
第一種情況，我們假設AI 生產力「緩慢」實現（例如 15 年才實現規模化，但許多融資也許是 10 年期）：
* Neocloud最先倒下：CoreWeave這類高槓桿的獨立營運商，因收入無法覆蓋高額利息，其「股權緩衝墊」被燒光，引發債務違約或折價重組。
* SPV 面臨展期風險：Hyperion這類SPV債務到期時，Meta必須決定是否用更高利率（市場已目睹Neocloud失敗）再融資，侵蝕核心業務利潤。
* 私募信貸基金LPs蒙受巨大損失，科技股估值大幅下修。這是一次「昂貴的失敗」，但不會引發系統性崩盤。
​
第二種情況，我們假設AI 生產力被「證偽」了（技術進展停滯或是成本無法降低並規模化）：
* 科技巨頭可能選擇「策略性違約」：這是最糟的狀況。Meta等巨頭可能判斷「繼續付租金」是無底洞，進而選擇強行中止租約、迫使 SPV 債務重組。
* SPV 債券崩盤：Hyperion這類被視為 A+ 級的債券，其信用將瞬間與Meta脫鉤，價格崩跌。
* 它可能徹底摧毀私募信貸「基建融資」市場，並極有機會透過前述的連動性，引發金融市場的信心危機。
​
這些測試的目的是將模糊的「是否是泡沫」問題，轉化為具體的情境分析。
​
▉ 風險溫度計：給投資人的實務觀測清單
​
而對於市場信心的變化，我自己會持續盯五件事，作為風險溫度計：
* AI項目生產力的實現速度：包含大模型廠商預期收入的加速或減速(線性增長還是指數性增長）、不同AI產品與項目應用情況。
* Neocloud公司的股價、債券殖利率、公告：包含大訂單、違約/修約、債務再融資（某些私募債在2030年左右會到期，需要特別關注）、增資節奏。
* SPV 債的二級價格/利差：像 Hyperion 這類144A 私募債是否維持高於面額、交易是否活絡，ETF 持倉是否增加。
* 長約條款的品質改變：take-or-pay 比例、最短保留年限、客戶集中度、價格調整機制（電價/利率/定價對通膨的調整）。
* 電力進度及可能的技術創新：作為最可能變成瓶頸的外部因素，需要關注變電、輸配與電價機制的政策訊號。還有是否有新的技術可以大幅降低用電量。
​
▉ 為何這不是2008年的翻版？
​
有些人可能會用類似2008年的泡沫來類比。我認為這種做法可能產生誤判：
​
第一點在於核心資產的本質不同：AI vs. 房屋
​
2008次貸危機核心資產是「房屋」。房屋本身不會有生產力貢獻（租金收益增長極慢）。當房價脫離居民收入基本面，且被層層打包成複雜金融衍生品，泡沫破裂只是時間問題。
​
而AI的核心資產是「算力」。算力是數位時代的「生產工具」。只要你相信AI高機率在未來某時點，能實質性增加全社會生產力（軟體開發、藥物研發、客戶服務、內容創作），就不用太擔心。這是對未來生產力的「預支」。它有真實基本面作錨點，只是尚未完全兌現。
​
第二點在於金融結構的關鍵節點不同：直接融資 vs. 銀行
​
2008泡沫藉由關鍵節點（銀行）大幅擴散。風險透過「銀行間接融資」傳播。一家銀行倒閉（如雷曼），引發對所有銀行信任危機，導致銀行間市場凍結，最終引爆波及所有人的系統性金融危機（含流動性危機）。
​
而現在AI基建融資結構以「直接融資」為主。若AI生產力被證偽，CoreWeave倒閉，Blackstone 75億美元債務違約，這將是Blackstone投資人（養老基金）的巨損。
​
2008後銀行體系確實更強健，但我們不能過度簡化，認為風險能完全「圍堵」在私募市場。例如私募信貸基金本身也可能用銀行槓桿放大回報。若AI投資普遍失敗，這些基金巨虧仍可能透過兩種路徑外溢：
​
* 槓桿違約：基金對銀行的槓桿融資違約，將風險回傳給銀行體系。
* LPs 衝擊：養老基金、保險公司因投資巨虧導致資產負債表惡化，引發它們在公開市場拋售其他資產，觸發連鎖反應。
​
因此更準確的說法是：「這不是2008那種單點引爆、全面凍結的銀行間流動性危機。」最糟狀況將是「昂貴的失敗」，傳染性較低、速度較慢。但鑑於私募市場不透明性，我們對這種新型態慢速傳染風險，仍須高度警惕。
​
▉ 給投資人的啟示：你在這個系統的哪一層？
​
讓我們再次回到最初的問題：AI基礎建設是泡沫嗎？
​
泡沫的形成和爆破來自於預期效益與實際結果的巨大落差。我認為大方向上不是泡沫，更像精密的高槓桿金融佈局。但從風險面看，除了某些環節需特別注意，對小規模泡沫可能帶來的「負財富效應」，也不能掉以輕心。
​
對於投資人來說，在這場數兆美元的AI基建競賽裡，你必須知道持有不同標的時賭的是什麼：
* 科技巨頭股票：你賭的是 AI 生產力能跑贏融資成本
* 私募信貸：你賺的是穩定利息，但承擔「時間可能不夠用」的風險。
* Neocloud 股權：你是最高風險、最高報酬的第一緩衝墊。
​
在這場遊戲裡，位置決定一切。理解這一連串的金融結構，就是找到你自己位置的第一步。而看懂誰在「策展」這場秀，則是判斷這場遊戲何時結束的關鍵。"
貼文144_第1串,"看到有人說巴菲特把遺產捐出去其實都是用基金會避稅洗錢給下一代？
嗯…你乾脆說巴菲特開基金會是想洗錢給比爾蓋茲算了吧XD
人家長年把絕大多數資產捐給蓋茲基金會和幾個公益基金會，不是留給自己家族
況且基金會每年財報公開還要獨立審計，IRS盯得很緊的
這麼多眼睛看，還能洗錢？我倒想知道一些
（真要避稅，有一堆合法的信託與資產配置工具，效率遠高於把錢捐給公益機構吧？）
想想巴菲特他老爸是共和黨右派國會議員
他本人後來一直主張富人該多回饋支持把錢捐出去，價值觀就擺在那裡，行動也做出來了
花點時間了解一個人，你會知道他的選擇和價值觀思維是會貫徹他終身的～
你會發現那些老是用「我認為…OOXX就是……OOXX一定是……OOXX不過就是…..」
這種一番兩瞪眼思維的人，有多可怕了～
然後你會發現這類人他的認知裡：有錢人的一舉一動都是在掠奪窮人的財富
有時候很想反駁：「X ，你哪有這麼多財富讓人掠奪？？多去讀書啦！」
後來想想還是算了，乾脆刪除留言～
嘗試改變對方的想法反而讓我看得像傻逼XD"
貼文145_第1串,"（看到股癌最近在搞遊戲基金，我有一些感觸）
雖然我也愛玩遊戲，但這件事在台灣確實是個挑戰
這讓我想到段永平當年投資網易的邏輯
剛好自己愛玩，也剛好看得懂遊戲的商業模式
很多人說，遊戲和成人內容的商業模式很像：前端免費體驗，後端付費變現，靠黏著度與習慣帶動收入
為什麼它們容易賺錢？因為抓住了高頻、近乎剛性的需求（人性就是會反覆尋求娛樂與刺激）
只要內容到位，使用者就會持續付費
說白了，就算知道玩太多可能有害，很多人還是會玩，成人內容亦是如此
但遊戲的競爭格局很難界定，所以我才說是個挑戰
比方護城河與定價權不容易長久，產品常常是爆款驅動，五年、十年後還在不在很難保證～
對投資人來說，能不能搶到真正有質量的天使輪份額、最終價值會不會集中在少數頭部 IP／平台，也都充滿不確定性
也有少數長青的 IP 和平台，但門檻多半來自規模網路效應還有發行能力（不像是一次性的技術壁壘）
（續
/"
貼文145_第2串,"當然啦，也不一定要做到當年網易那個巨無霸的量級，更重要的是能不能提供有價值的東西
就像當年有人問一家知名 VC：為什麼在楊致遠還是博士生時就投他？
他們的回答是：我們不迷信市場調查，我們看的是執行與學習能力
以股癌的堅持來說，我相信他的耐力遠見
雖然我不認識他，但看得出來他在社群媒體耕耘很多年了，不像只會做短線的人
（相較於某些炒短線的 KOL，我覺得他有風骨太多了）
我也在想，如果我能在這個平台踏實耕耘十年，讓大家見證我的想法沉澱、最後集大成，或許就是個不錯的開始～畢竟有些公司能做成百年老店，中間就算沒有爆發期，也未必是壞事～
/"
貼文146_第1串,"（很多東西一旦爛到被你看見的那一刻，通常已經是內部出嚴重問題了）
近期思考撰文方式有一些方向上的調整，考量大多數讀者不具備金融背景，所以有些金融「行話」可能太過冷僻難懂，有時候各位覺得看不懂就不想看完，想想覺得很可惜哈哈。
所以進行文章，盡可能用平易好懂的方式闡述，再來就是，我針對同一個主題可能會集中在一兩周內密集出現，比方說本週談論權益投資，那就一直來談論權益投資，我不會突然起來切去～
我文章盡量做到讀者導向，如果哪段看起來像我在業內人士自嗨，歡迎你提醒我，我會把它換成更生活的例子，沒有學到東西那就不是我的本意了～
民國四、五十年代就出來創業的前輩，我總能在他們身上學到一些很有用的智慧，畢竟公司能活五六十年，本身就是一種能力。
所謂的智慧，在我看來，是他們知道怎麼堅持做正確的事情，你也可以把它當成是一種選擇排除法，
這裡跟知識不一樣，知識在我看來是把一件事情做對做精的元素，前者是選方向，後者是做深度。
比方做生意前先看人，看看這個人外表整不整齊？是否有誠信？講話是否打高空不講實際數字？….這東西其實就跟你去評判公司管理層的標準是一樣的。
你可能會說，這些方法太主觀，而且很容易被蒙蔽，這我認同，而且也有例外，但這個例外有多少呢？搜尋到這些例外需要多大的時間成本呢？
所以想想，有時候寧可錯判一個人，也不要把那些錯誤的價值觀放進公司環境，畢竟代價太高了～
因為價值觀這種東西跟流感一樣，它會傳染，而且傳染的速度很快！一旦不慎讓人這樣進到公司體系，很快就會變成一顆老鼠屎壞了整鍋粥，得不償失！
那個年代創業的人有些都是土法練鋼，沒有接觸太多組織管理的科學，但適時的去做一些排除法反而管用，就如同米開朗基羅在創作大衛像的時候，其實就是靠這種藝術，想像如何把不是大衛的石頭通通剔掉，剩下就等大衛被雕刻出來啦～
投資也一樣，先把不對的排掉，璞玉自然留在裡面。
我常提醒自己，學要跟活得久的人學，不是跟偶爾暴富的人學，如同我一開始說的，公司能活五六十年，本身就是一種能力。類比到投資領域上，真正的評價不會只看兩三年業績，要拉長週期去看它能不能穿越景氣。
說到活得久，就要來聊聊巴菲特，很多人覺得沒法學巴菲特是因為巴菲特有太多的錢，可我基本肯定這麼說的人是不懂巴菲特的。
我甚至覺得即使像謝國忠這種我欣賞的經濟評論家也不是真懂巴菲特，至少不是骨子裡懂。
呵呵，我不是和謝國忠過不去啊。
像吳嘉隆這種經濟學家我就不提了，總覺得他是陰謀論的集大成，不過即使是吳嘉隆，也是有很多觀點是對的 。
在我看來，能有長線思維的人，其實並不是因為這些人天生有耐心，主要是因為只有長期思考才能吸引正確的人事物，你去想想，什麼樣的人願意犧牲短期利益跟你共事？
通常不是遠見的人，就是有智慧的人，你們跟這些人一起共事，能不幸福嗎？
而且通常有長期思維的人，格局跟氣度都不會太差，正和遊戲是急不得的，這些人也不會因為短期的利益而去幹壞事或是去從事一些違反自己理念的事情，這個你可以自己體會。
接下來，來聊聊所謂的長線思維是什麼？
我直接舉下面這個例子來做說明，各位比較容易理解：
為什麼很多人喜歡在一家公司還沒被關注時，慢慢增加籌碼而且不想驚動市場？因為有三重好處
第一是籌碼優勢，你能在合理價甚至便宜價累積足夠部位。
第二是指數成長優勢，真正好的生意利潤不是線性運作，它是會在突破某個臨界點之後加速的。
第三是預期差優勢，當市場慢半拍醒來，那個「社會欠你一個公道，並還你公道」的力道會來的很猛。
很多人問，別人在追風口吃到 beta 為什麼我還敢買跌不買漲？因為我知道價值終會被看見，我知道我看不懂的東西，稍微有波動，我自己也會拿不住，儘管最後是上漲的。
有時候想想，錯過自己看不懂的東西，有啥好可惜的？拿了自己看不懂的東西，承擔波動的煎熬讓自己睡不著，又何必呢？
關注價值的好處是：等市場注意到，資金和關注會追上來，你的成本又低，整個漲幅不是一比一的線性回補，通常會出現跳躍式的重估。
反過來，追風口表面看起來很黑皮，但多半只是線性成長而已，沒辦法做到指數跳躍增長，除非你開槓桿，但出局的速度也同樣會很快。
追風口還要考慮的是機會成本，下一個風口你未必跟得上，錯失個一兩次，讓你整年沒飯吃，然後這種焦慮的情緒，又會讓你做更多短期決策，然後加速出局淘汰⋯⋯
只要一次你的風口被證偽，跌得比漲得快，再加上你還被追繳保證金，有時候想想，為什麼有人選擇死的這麼不體面XD
所以有時候把心態換成遞延滿足，專心找低估資產，雖慢卻穩，回報常常是非線性的，時間會替你做折現，市場會在某些你意想不到的時刻「還你公道」。
公道不是不到，只是時候未到。
這個「預期差」怎麼看？
拿最近台灣網路圈的例子來說明吧～
像 Andy 與家寧的風波，很多人一開始根本不知道這兩人是誰，自從風波爆發後，後來隨著分手聲明、股權轉讓等話題發酵，輿論風向大幅轉向，開始有人「還Andy公道」，並且有一大群陌生人開始默默關注這件事。
當然啦，誰對誰錯不是我要討論的重點，我只是用這個社群現象說明「被忽視到被注意」的速度有多快，當市場集體改寫敘事，注意力是會瞬間重定價的，這是一個很強大的補償效應！我認為各位可以好好利用在投資決策上。
透過上面這個不對稱的力量，你可以尋找被低估的資產，假如內在價值是真的，多半有均值回歸的力道，所以你可以把時間變成你的朋友。
你可以去想一個問題：「一個你傷害很久的人，突然發現他的好vs一個騙你很久的人，你突然發現他的壞」
嗯….你想明白了就會知道我在說什麼，呵呵，可見大家都有經歷過被感情傷害的那一段XD
再講「資本矯正的力量」
資本主義的美妙在於錢會自己找效率高、能創造剩餘的地方流動。
假設某個產業成本上升，就是另一個產業的收入；反之一邊的景氣循環下行，會逼出另一邊的創新與替代。（這句話請各位再三細品，該說的話，我盡量用一兩句簡短的話表達，剩下就看自己get不get得到的了）
股市通常對這件事很靈敏，誰在接住這些外溢的好處，價格很快就會反應，市場比你判斷風口的能力力還要快，所以要尊重市場。
所以你要做的不是猜每天誰是風口，反而應該回歸根本盯住哪個商業模式能把流入的資本變成可持續的現金流，商業模式還有競爭格局都是重點中的重點。長期看，錢會從平庸被抽走，轉向那些真正會生小錢的大錢，你的等待終究會有價值。
回到長線思維這件事情上，為什麼那些早期出來創業的老前輩對於合夥人以及員工主管的品行這麼在乎？？
他們沒有學過風險管理相關的知識，但不代表他們不知道風險是什麼～
先不扯什麼非線性或是尾部風險、其實這個東西你可以用一些生活化的直觀案例理解，比方你看到汽車擋風玻璃的小裂縫，今天看起來還好，明天可能就會一路擴散讓整片出現大裂痕。
第二是水壩滲出一條小縫，等你真的看到水花，壓力早就累積很久。
風險通常是乘法不是加法。假設你對公司的某一個項目評分滿分是1分，商業模式假設你給這公司評分為0.9分，公司組織文化你也給他0.9分，管理層誠信你也給他0.9，你有發現嗎？聽起來每一項都還好，但三個0.9相乘，整體分數就只剩七成多…
財報也是這樣，應收帳款帳齡拉長、存貨偏高、內控意見保留，單看都勉強能及格，但你有想過嗎？這些東西可能是會彼此相互影響相互作用？甚至你不能用加法理解他們，必須用乘法，你會發現乘在一起就是一場災難。
很多事不是你看到才開始壞，而是壞到一個程度才會浮上檯面被你看到。就像你在廚房看到一隻蟑螂，絕對不會只有一隻蟑螂！可能在你看不見地方有一窩蟑螂巢穴，等你看見蟑螂，通常都晚了。
這種時候最怕「再觀察一下」，然後因為心軟而沒有把這些問題及時根除，有時候人被騙一次兩次，可能是對方真的太壞，要是還被騙第三次，那就是你自己的問題了。
你找員工一樣，他偷懶被你抓到，他可能會找藉口昨天怎麼樣怎麼樣，你萬一心軟，放任讓一顆腫瘤繼續擴大，那你可能就要自己承擔後果了～
你在挑選公司投資也是一樣，如果公司哪怕有一點點問題，那最好保持警覺
真正內部能處理的事，怎麼會層出不窮地跑到檯面上？這種公司看起來再怎麼便宜，我也寧願說不，有時候想想，便宜之所以是便宜，是有原因的。
再者，如果你向這類公司說「yes 」，通常就得跟很多更好的公司說「no」，有時候想想機會成本，我還是謹慎一些好。
對於內部治理很差的公司，就算帳上現金很多、股價看起來便宜，我也寧可當它沒錢，因為那筆錢很可能不會變成股東的回報，萬一被內部人士搬運走怎麼辦？我相信大家應該從安隆事件學一些教訓，這讓我想到Thomas William Phelps說過一句話：「一個會為你偷東西的人，也會偷你的東西。」
原則就是，寧可錯過，不要自己作死。不作死，就不會死。
有時候想想，資產跌50%，要漲100%才回得來。人生更殘酷，你花很多年修復，常常只是回到原地。與其把時間花在修補，不如把力氣放在穩穩成長～
想清楚了，一切就坦然了。"
貼文147_第1串,"（關於某一個十來萬粉絲的財經 KOL 被出征，來說說我的看法吧）
說來有趣，前幾個月各種社交媒體瘋狂推某些受惠板塊，結果這兩三個月風向說變就變，一堆人不去留意風險，照樣追風口
結果反應不過來賠錢，開始找一些 KOL 出氣
不管「表面上」什麼原因，但我猜那位粉絲想的應該是：「x，害我賠錢，我要找個理由修理你。」
大概今年三月附近吧，我發了幾篇文，提示市場風險，過了四月川普關稅事件之後，我又發了幾篇文繼續提示風險
那時候大家在追題材
我說趁保險還便宜時，先把避險部位買好，畢竟vix或是利率期貨曲線都可以看出一些端倪
當時風險沒馬上出現，而且那時還冒出了一些風口題材，結果我被某網友出征
我想他應該搞不清楚狀況…. 如果是在你能力圈範圍內的話，你要追風口你就去追呀～
再者，提示風險又不是說今天提醒明天就會崩盤
那巴菲特有時候提早兩三年減少曝險提高現金比重，他傻了？？績效還不是照樣贏大盤？？？
他降低風險的方式不外乎就是放一些和大盤低相關的東西（像併購套利），再配美元現金與短天期美債這種波動低但有利息的資產
利率高的時候，現金的等待成本其實不高，選擇價值還會上升，為什麼人家看得到這些東西？有些人看不懂？
就不說有人在四月那波關稅消息出來之前，很早就先把保護性部位買好、一路roll到現在，怎麼不說他們是沒吃到最後一波紅利的冤大頭？（明明人家只是紀律比較好而已）
有時候想想，有些兄台就是賠錢的命，賠錢活該～不值得同情，建議這些KOL封鎖他們之前，先噴這些傻瓜一頓～
回到風險的觀點，現在才在討論風險就太慢了
風險是你還沒看到崩盤的時候就要預先知道、預先定價的東西
比方說你還沒跌倒，就知道前方有路障，那路障就是你的風險
等到你真的跌倒，這個就不叫風險了，對某些先知先覺的投資人反而是機會
因為你已經跌倒給他看，等於幫他把風險驗證掉，他會知道：「哦，前方就是個小坎，路邊倒了一個被絆倒的冤大頭」
你覺得他會被你嚇得跑回家叫媽媽？
還是從你這具冤大頭的屍體跨過去？
上面是風險的本質，那這次的風險是什麼？
市場幾乎沒有給你足夠的風險溢價
你現在看到的是波動在放大、β 也不低，但你拿到的補償不成比例，這就叫風險溢價不夠
你不用去做量化，你只需要用定性的角度去了解現在市場處在什麼情況就夠了
對應到目前的產業
各位不難發現近期產業輪動快得像熱鍋上的螞蟻，多半代表大資金找不到能沉澱的價值標的，只好不停換標題、找投機風口
白話就是估值偏貴、敘事大於現金流，AI 很多場景還在等落地驗證（而不是已被證實）
你如果要看指標，那就看看像席勒本益比在歷史分位上便宜不便宜、VIX等風險情緒指標並沒有給到對稱補償
只要估值不便宜 + 補償不夠，結構就很脆弱
這時候你還在賺槓桿趨勢財，那就要很小心了
把上面的邏輯套用到台股市場，一樣成立
台灣這邊期貨淨空單攀升偏高只是其中一個觀察
你去想嘛，外資現貨部位牽涉被動指數權重、借券與回補安排、公司治理票權、稅負與交割時點…
賣了會牽一髮動全身
所以外資通常不直接賣現貨，所以改用指數期貨或選擇權避險，期貨流動性好、成本低、動作快，一下就能把整體曝險降下來
這些規則白紙黑字寫在交易制度裡，各位花一點時間去看，應該不難發現一些可以運用的規則空檔
美股那邊波動傳遞速度變快，又代表什麼風險？
一旦跨市場對沖在加速（債券市場的波動傳到股票市場，大宗商品的波動率也會往股匯市擴散），就表示資金在更頻繁的買保護或砍曝險
你自己想，市場真的健康平穩時，誰會一直花錢對沖？對沖都是有成本的
很多人看一堆財經新聞還是抓不到重點
每天盯外資買超賣超、三大法人籌碼，這就代表留役風險了嗎？？
多數投信或主動型基金在績效好時本來就接近滿倉，要他們此刻改成一半現金不切實際
真正該看的反而是他們怎麼下避險，是拉高指數期貨空單？買保護性選擇權？還是乾脆縮短持有週期？這些才反映真實的風險態度，不是看什麼投信買賣超就以為懂風險
對個人價值投資者來說，與其追法人進出，不如回到估值與品質
低估資產慢慢撿，就算你看不懂宏觀風險，只要你看到公司估值過高、或利潤結構被擠壓，你也應該知道要減碼或出場
巴菲特就算不去看總經，他用價格與利潤當宏觀的代理訊號，也有很大的預示性
當在能力圈內找不到有安全邊際的標的，基本上就代表市場的風險補償在下降
他的做法是拉高現金，或去做β 低、跟大盤相關度低的部位（例如併購套利、特別股等），讓資本待在安全邊際裡繼續複利
當企業 ROIC 靠近資本成本、利潤被競爭或成本吃掉，他就會減碼，這不需要他去預測 GDP，看個股的利潤與競爭地位就判斷得出來
講白一點，如果你沒有巴菲特對行業的敏銳度，那麼自上而下的分析，不管是提示風險還是找機會，通常比自下而上來得快很多
如果你是個股投資，大方向先釐清，再落地到產業與個股
以上這些都是一些方法論還有邏輯框架的體現
我有用什麼很複雜的量化工具嗎？沒有
哈哈，所以這也是為什麼我不貼新聞的原因
很多兄台幾乎毫無判讀能力，也沒有一套完整的分析邏輯框架，於是只能被新聞牽著鼻子走
在他眼裡，只要他賠錢，就一定是你造成的
反之，只要他賺錢，就一定是他眼光獨到XD
所以有時候想想，這些K O L幹嘛吸引這些人當你的受眾？真的是做功德？還是造孽？我好納悶～
Ps.之前有一個黑粉，說什麼我以前研究海外大宗商品出身的，懂個屁台股～
哈哈，市場的邏輯其實是通用的，你不知道而已
至於那些缺乏慧根看不懂人話的兄台，就當我在馬後炮也行
反正我沒興趣帶你飛啦，自己眼睛擦亮看著辦"
貼文148_第1串,"（一週能不能搞清楚一個行業？）
我最近一直在想一件事，媒體上好多所謂的「產業分析師」（引號我真的要加XD），三不五時就在媒體發表行業觀點、然後點名一個新標的，好像每個產業一眨眼就能研究透、然後馬上下結論立刻跟網友分享？
講白了，你研究一個標的真的可以這麼快??結論下的這麼斬釘截鐵嗎？？你中間到底做了哪些篩選？？
在我的世界裡，就算你很拚，一個禮拜能摸到的通常只是表皮，也就差不多行業的3–5%，了不起不到 10%
要往裡面鑽研更深，很多東西還是得靠雙腳勤跑，比方約業內的人喝咖啡、敲專家門、混圈子、問上下游、跑工廠、看現場
AI 頂多只能幫的只是把招股說明書、公告、法說會逐字稿、新聞與研究報告這些紙上作業做好，但資訊遠不如實地走訪
你要我相信「兩三天就搞懂一個行業然後發多空結論」？抱歉，我比較保守，我會先打個問號，更別說現在市場在什麼狀態，這裡我不說破，大家自己體會就好
把話題拉回到行業研究
我自己的粗略看法是這樣：你認真研究一週，差不多做到 20–30%
拉長到一個月，頂多也許能到 40%，大概能碰到一些基金經理的日常深度
但你要說 100%？老實講不可能
就算是資深從業者，也只可能理解到 80% 左右，不然渾水這類做空機構為什麼能一次次抓到連內部人都忽略的洞？
因為業內的人常會落入查理．蒙格說的那個陷阱：手上拿著榔頭，看什麼都像釘子
身在局裡，視角就是容易被自己的賽道框住，很難跳出去同時看歷史脈絡、宏觀環境、制度變遷、技術曲線、資本供給、政策節點，更別說看跨產業的替代與互補關係
只盯著某家公司或某條上下游，其實深度、廣度都遠遠不夠
也因此，很多媒體上的內容，說穿了，多半是飯局談資、茶餘飯後的題材，很難真的能把它當投資建議
這點我跟不少業內朋友交流的感想也一樣，聊完確實能把產業鏈、上下游、受惠傳導理得比較清楚，但他們自己都未必敢下重注，你要我此刻就 All in？我還是會先緩一緩
因為變數太多了：市場願不願意給估值？競爭格局會不會改寫？監管會不會突然轉向？成本曲線會不會被技術打穿……這些沒有一個是你兩三天就能定論的
更有趣的是，連行業競爭格局常提到的波特五力這種入門框架，別說五力了，很多人連其中幾力都說不清楚，那請問你要怎麼投錢？
所以….你拿到的資料，真的是對投資有幫助的訊息嗎？還是只是把看起來像訊息的東西亂湊一通？
很多人以為投資=蒐集資料，但老實說，會提問，並且問對問題，比給資料還重要
問對問題，你才知道要抓什麼數據，才能形成可驗證的假說 ，才知道怎麼做接下來的倉位跟風控
我常看到一些所謂研究報告，發現作者非常用功、排版也很漂亮、邏輯也很順
可惜….你會發現他其實沒有回答投資需要的重點
例如整篇在討論「ooxx 受惠不受惠」
受惠又怎樣？那受惠多少？利潤最後留在誰的口袋、是一次性大單還是可複製的現金流？
所以你會發現，很多人說自己是長線價值投資，結果寫出來的東西完全回答不了「十年、二十年後的競爭格局」
長線不是把期間拉長就叫長線
你能不能講清楚護城河會變厚還是變薄？ROIC 能不能長期高於資本成本？產業結構會朝哪邊傾斜？誰有議價權？還是說…誰只是「受惠」的過客？
講不清楚，就得重新審視自己對於「價值派」的定義了……其實市場充斥不少這樣「名為價值、實則投機」的人
「受惠」這兩字，各位不覺得很像在投機追風口？
我就舉個例子好了，某研究報告說「某某某公司受惠蘋果供應鏈大單，可望今年OOXX」
這種報告在我看來很像辣模在找乾爹，你有想過定價權是在辣模身上？還是乾爹身上？
萬一今天乾爹不要你了，找其他供應鏈？
或因為產品迭代升級而需要更深的供應鏈，讓你不就需要重新開始再找「乾爹」？
萬一找錯乾爹呢？會不會失去競爭力？？
這也解釋為什麼有人的投資方法必須每年頻繁變更自己的投資組合，然後這類人不出三年就會消失在市場裡，或是打個新旗號重新開始～
所以，有些標榜自己「價值投資」的兄台，卻每天沉浸在這些「受惠題材」
如果說追到風口是所謂的價值投資的話，那麼可能我真的被時代淘汰，無法理解他現在的價值投資流派，哈哈
理解哈佛商學院教授麥克波特提到的波特五力，是很好的開始
我認為投資人都應該學會「把問題問對」的能力
比方這家公司到底賺誰的錢？憑什麼獲利？要投入多少資本才能賺錢？對手有沒有更便宜的替代？遇到利率/原料/監管/技術彎道/專利會不會被對手超越？
再來才是找能驗證這些問題的數據，不是看到什麼資料都往簡報上貼
所以，回到文章的重點，一週能不能搞清楚一個行業？答案其實取決於用途
如果只是朋友之間嘴砲幾句、當聊天題材，隨手 Google 一下，把代表性公司、業內大神的發言、幾個行業笑話抓一抓，確實就能比不關注的人講得順
要是寫給老闆看的產業簡報，那就得砸一點人力物力，買資料、做橫向與縱向的對比，把數據拼齊、邏輯自洽，讓公司內部的人看了能快速抓到輪廓
可一旦是為了投資決策，抱歉，知道「現在怎樣」遠遠不夠，還得評估「未來會怎樣」，以及「跟其他行業比起來怎樣」，這必須靠你持續且動態的「滾動式追蹤」，你也要有十足耐心做研究，不是只會躺在辦公室看財報抓飆股，沒有這種事
就像前幾年被熱炒的元宇宙、綠能、醫藥，哪個才是「好行業」？沒有這麼快的標準答案
你如果真的想比其他投資人看得更深，我建議至少把三件事情問清楚
第一，透過模型和常識一起找出這個行業真正的「核心競爭力」是什麼
第二，弄清楚它的護城河靠什麼在撐，成本、品牌、網路效應、管制資源、供應鏈黏著度，各自有各自的脆弱點（這部分可以參考Andrew Chen的著作「網路效應」）
第三，持續監控那個核心的「狀態」，看它是變厚還是變薄
第四，行業是否有地區發展潛力？
這也是為什麼巴菲特在美國偏好消費與金融這些以消費為主導的優勢行業，在亞洲則會買像浦項鋼鐵、中石油這類以投資驅動的優勢行業，每個地區，每個時段都有適合的行業賽道會出現，沒有所謂放逐四海皆準的東西
如果你是做逆向投資，那難度再往上走一層
你不只要知道這行業未來可能怎樣，還要搞清楚它現在到底卡在哪裡、哪些問題的威脅最致命、而且現有資源能不能解
比方渾水機構做空對岸輝山乳業的操作就是此例，你可以去看看人家蹲點蹲了多久？？
人家當年可是出動了三位乳業專家、35 個牧場、5 個生產基地、無人機航拍、跨省供應商走訪
這種密度，老實講，比很多內部員工甚至部分股東理解得還深入，看完這些再回頭想：「一週內搞清楚一個行業」這句話，還說得出口嗎？
用途不同，標準不同，投入自然不同
這讓我想起兩位巨人的智慧
巴菲特：「如果我們有什麼本事，那就是我們知道自己什麼時候在能力圈的中心、什麼時候已經靠近邊緣」
蒙格也提醒過：「如果你真的有能力，你會非常清楚能力圈的邊界在哪；當你還在問自己有沒有超出能力圈，那通常就代表你已經站到圈外了」"
貼文149_第1串,"我學長在某國立大學教財務工程與利率衍生品
結果他自己的投資部位居然只有買0050，還沒做任何避險
某天我就問他，你這麼早就「棄暗投明」，你學生不會吐槽你嗎？？
他說完全不會呀….
就像你學武術，你只是用來防身，不是叫你去路上隨便找人幹架（有時候你學東西，是為了「不做點什麼」，而不是為了「做一點什麼」）￼
後來仔細想想，這其實超合理的
你繞了一大圈學了一大堆知識
最後反而回歸到最基本的原點
但你￼會發現，你並沒有浪費時間
￼因為你對於某些基礎的原則，會有更深層次的理解跟堅持￼
￼有時候在市場上最可貴的….反而就是那一份「堅持」、「信仰」，而不是一些花俏的功夫
￼這是我從他身上學到的智慧￼，送給各位體會"
貼文150_第1串,"（聊聊「何謂適合自己的賽道？」）
文章比較長，分Part1～Part4 四個部分，本來寫好要分幾天發佈的
後來想想，還是整理在一篇裡面，方便閱讀
Part1.你的賽道在哪裡？
有時候我真的會被一種現象逗笑
常有人跑來問我：「你都看哪些金融書？有沒有什麼推薦的教科書？」
結果一聊才知道，對方本業是做室內設計…
我欣賞這個好奇心，也很佩服願意學的人
但我通常會先提醒，不同工作有不同工具
專業教科書很多是業內人士工作需要，像我以前主管就丟John Hull衍生品教科書給我，叫我回去自己慢慢看
當然啦，一般投資人硬啃，負擔很重，而且未必能轉化成績效回報，這也許就不是你的賽道
你說一個室內設計師，為了提升投資報酬，去唸期權定價與隨機微分方程？去看市場微結構？
那就很像為了騎 UBIKE 特別去學賽車維修
不是不能學，只是未必對你有幫助
投資這件事，與其把精力放在陌生且複雜的衍生品，不如先想有沒有更簡單但風險可控的做法？
我就舉一個例子好了
假設現在市場明顯過熱、波動拉大（你看到 VIX 飆高、各資產的震盪彼此傳導）
這種時候你有兩種選擇，一種是只有現金，一種是用衍生品做避險
選擇多留現金、降低槓桿，甚至暫停出手
可能比硬要去賣 call 賺權利金來得安全（尤其當你不知道衍生品定價是怎麼一回事時⋯⋯）
假設VIX 沒有照你排定的時間表收斂回均值
那你的對應措施是什麼？
你很可能就卡在賣方的下檔風險裡面
變成你可能要組合更多的選擇權部位去防守下檔風險，這只會增加你的交易成本..讓你處在更不利的狀態
反過來，持有現金的下檔風險就非常有限
它不會有爆倉或是追保證金的問題
難不成持有現金會因為股市下跌…讓法幣失去信用？我想不到這種可能
很多人老是說「現金放久會被通膨吃掉」
這句話在市場高檔震盪期就顯得太無知了
現金真正的價值在於你有做選擇的餘裕
別人急著砍倉，還未必砍得掉
你手上早已有子彈，去承接別人被迫賣掉的優質資產
而且市場在高檔不跌，撐著越久，你的現金反而越有隱含價值～
也就是說，現在越少人看不起現金，到時候崩盤時，現金的價值就越可貴～
（去體會一下科技泡沫之前的巴菲特吧）
Part2.市場上最難最難的賽道：擇時
要我回答「行情什麼時候發動？」
老實說，這題無解，我也不會去糾結
你看過很多投資分享，邏輯也都說的通
可是一碰到時間拉長、行情跟你作對兩三個月，心就亂了
好比你已經知道「一加一等於二」這題會被全班證明，但不是每個人今天下午就交得出解答
你看懂方向，市場卻需要一段時間來驗證
這段時間可能是一週，也可能是一年
很多人受不了的不是方向看錯，而是苦苦等不到結果，然後抱不住
我常舉 VIX 在高位的例子
風險溢價已經提醒你要防守，可偏偏有人會說：「過了兩週還沒崩啊？哪來的風險？」
這就是典型的時間焦慮，你又要掌握方向、還要精準掌握時間
兩頭都要，你就早晚被市場修理
（至於你什麼時候會被修理？我不知道，但我確定你一定會被修理哈哈XD）
所以…選擇你自己掌控的東西就好了～
在我眼裡：方向把握的重要性＞時間把握
專心你能掌握的東西，很多難題自然就解決了
你不能每隔三五天就喊一次風險來了，自己也撐不住
因為你等同是在跟自己立下短線績效的 KPI較勁
時間沒到就被迫砍倉，方向其實是對的，卻被你自己的時程表打敗
就以比特幣為例，它的規則寫死了
新增供給每隔一段時間就會減少，所以越來越稀缺這件事是可以被預期的，至少這個東西是我能確定的
但問題來了，既然長期供給在限縮、需求有機會擴張，那為什麼邏輯這麼清楚還是讓很多人拿不住？
如果你打從一開始就想用投機心態操作，那麼你抱不住的概率是很大的
比方說，「我想等央行放水我再追」「等某個利空落地我再買」？…..
結果一拖再拖，漲的時候你沒參與，跌的時候又受不了，那豈不是跟自己的資金過不去？
有時候想想老巴說得對…你不想持有10年以上，那你最好連10分鐘都別去持有～
這也是為什麼很多 2018 甚至更早就看懂的人，能一路拿到現在
我想…並不是他們每次都猜中央行何時放水
否則央行升息他們就該出場了，為什麼能拿到現在？
這又讓我想到一些台股投資人
你如果也會盯投信、外資、自營的籌碼、三大法人買賣超，說穿了不也是在擇時？
你會看這些籌碼，難道不就是希望「今天買明天就要漲、或是這週買下週就要發動」嗎？
不也是一種「投機」嗎？
那萬一大資金目前不青睞你看好的股票，你還能勇敢買進？
你去想想公募基金操作的特性就知道XD，他們的「擇時」可能跟擲硬幣差不多，還受到流動性問題所苦
（公募基金進出場性質跟散戶其實沒兩樣，點到為止，自己體會）
當然，我不是叫你像鴕鳥一樣閉眼長抱，死扛到底，錯了吧還不認，這也是另外一種極端
我的意思是，人都應該拉長週期，做時間的朋友
用產業結構、商業模式、管理層治理去評估公司，耐心等估值回歸，讓時間就站在你這邊
人還是得誠實面對自己，你的個性到底適不適合做這麼短線？如果你的工作、家庭、壓力來源都不允許你盯盤，那就別勉強去賺那種分秒必爭的錢
畢竟，選擇自己合適的賽道，比什麼都重要
Part3.我的賽道是什麼？
以前朋友找我喝咖啡，問要不要再弄個交易室，我通常笑笑
不是因為我看淡江湖，我只知道我現在更在意生活的穩定與睡眠品質
我對再創高峰沒有浪漫情懷，坦白說我也不覺得自己曾經有多輝煌
量化這份活，競爭殘酷，你要嘛握有少數真的有效的因子，要嘛就熟到把制度與市場微結構搞到極致，不然就很容易被市場當成流動性提供者、最後被卷出去
零和遊戲太累，你要嘛搞得比別人精，要嘛耍一些「陰招」贏走別人的錢
後來想想，為什麼要這麼累？
為何不玩1+1 ＞2的正和遊戲？
我認為….認清現實不丟臉呀，及早換跑道也是一種選擇
重點是人生要活得自在，並且想辦法對社會創造一些價值
我的日常就是寫寫文章、經營 TAC 社群，把成員拉拔起來，說不定之後能成為研究合作夥伴～
或是把時間放在和產業研究員、供應鏈朋友聊天，研究透了再下部位，總之，我想讓正和遊戲玩久一些
2015 年我剛回台灣，確實認真想過重建一個小交易室
策略開發是一回事，找人又是另一回事
資金來源、分潤機制、風控邊界、報告透明、團隊文化，每一項都得從零設計
對於我這種討厭麻煩的人，最後還是選擇小規模管理自己的錢，舒服很多
平常資金配置我習慣二三成放在看得懂的個股，重點看未來現金流與公司治理，挑有護城河、能穿越景氣循環的公司
其餘大頭放在我熟悉的 FICC 與衍生品操作上
波動貴就賣點保險把保費收回、VIX 低就趁便宜買些防護
總經與資產配置這塊，我有自己完整的框架，夠我自己 cover，老讀者都知道，我的操作其實沒什麼花招，就是把一些跨領域知識做統合，用邏輯加耐心去落地我的每一項決定，儘管簡單，卻也堪用
不過我也老實說，衍生品的比重我會慢慢減少
年紀到了，不想同時盯太多部位
能越簡單越好，像是只做一些 covered call，或把保護性部位做乾淨
理想上，我想完全脫離衍生品
畢竟市場工具是為了服務策略，我們還是得回歸本質
我現在更想專注在生活上，並且提供價值
該打球就打球，該走走就走走，該交朋友就交朋友
多花時間在基本面，少做不必要的操作
學學老巴，口袋留現金，真的便宜再伸手
宏觀波動我自己還算有把握
擇時我不擅長，但對「風險會來」這種方向性認知，我有一定把握
簡單講，我比較能判斷「什麼時候該留現金、什麼時候該上部位」的大致區間
我做不到預言「明天九點半會跌幾點」
我的節奏很慢，一年動兩三次就夠
我把資金系統設計成反脆弱，三年看一次成績，平常不用天天盯盤
我甚至試過兩年不開看盤軟體，反而那年績效更好
反正我沒有幫別人管錢，不用每天交代績效，自然可以少看雜訊，少做衝動決策
當你生存不成問題時，績效往往是時間的副產品
這句話值得放在心裡細細品味
Ps.至於幫別人管錢，那又是另一個宇宙
我聽過很多海外基金經理的心聲，季季排名壓力太重，大家為了分數去追短線，本來該做的耐心與研究會被沖淡
我反而覺得，留點空間做自己，堅持長期主義，績效通常不會太差
總之，我不喜歡把別人的 KPI 套在自己的生活上
回到我自己的賽道上
如果把市場視野放到海外，很多事可以更輕鬆一些
你不一定要開交易室來增加固定成本
交易室燒錢，最狠的不是房租機器，是時間與心力
規模一上來，人事、流程、報表、投委會、合規、風控……..每一項都需要你花費心思
當年我算過，這些成本加在一起，會慢慢蠶食掉我研究與思考的黃金時段
我現在要的是「朋友」，不是「員工」
要的是跨產業、不同深度的對話，不是一群只能照 SOO執行的交易員
資訊密度與腦力碰撞，這些是交易室最難給的
舉個真實例子，之前一位做被動元件的研究員朋友提醒我，某關鍵材料的良率卡關
我回頭把供應鏈研究過一遍，心想這玩意若卡住，會直接影響產品毛利與交期
競爭格局一變，現金流的可預測性就下降
我不想賭，就先減碼、提高現金比重
三週後，法說會印證庫存調整
坦白講，這種因為友軍給了關鍵資訊，讓我早一步把不確定性價格化，有一些投機成分在裡面
但我要說的是，這種人脈帶來的認知紅利，比你在交易室多塞一台螢幕還有用
不是說每次都這麼順，但當你長年累積跨界的可信資訊來源，你的決策會更穩
Part4.投資世界裡的「貴人」
不管是私募基金還是公募基金
也不管投資風格（量化也好、價值也罷）
最後都落在兩件事：人跟文化
我很欣賞張磊剛創立高瓴資本那陣子的氛圍
他寫的《價值》那本書我又翻了好幾遍，不論是取才、帶人、投資思維，很多地方值得反覆咀嚼
他在耶魯時期受到David Swensen 影響，又拿到耶魯捐贈基金的支持
我可以這麼說，要是沒有他耶魯的背景、沒有David Swensen提供的2000萬啟動資金，可能就沒有高瓴的今天
說不定目前頂多就只是一般的私募基金而已，未必能做這麼大
但他一開始也不是那麼的順暢
他一開始找的是大學就合拍的夥伴，有些甚至不是金融本科，由老闆親自帶隊，邊做邊培訓
高瓴也不是清一色都是菁英
在我看來，高瓴厲害的不只是個體，而是那股文化的向心力
我覺得他厲害的地方在於「他有辦法激活其他人對投資的熱情」，然後激勵成員「專注做對的事」
由於組織小、包袱輕、扁平化溝通
彼此 cover，專業能互相滲透
重點是，他把公司做成員工發揮的舞台，不是把人當棋子
這樣的團隊士氣還能不強嗎？
虧網路發達所賜，我們能很快就能找到目標契合的一群朋友，一起開幹，這也是我寫文章然後成立社群的一些宗旨
雖然我沒有像張磊那樣有耶魯的背景加持
但還是要感謝網路給了我們很大的機遇，找到一群願意跟你合作的人
當然啦，這些故事，帶給我的啟發不是「要複製誰」或是「要成為誰」
我們也不太可能在這個時間點跑去唸耶魯
更遑論遇到像David Swensen這樣的伯樂
但有時候發現生活中只要出現一兩位那樣的貴人，人生很快就起飛了，前提是你自己也要提供價值，讓貴人願意靠近你
～End"
貼文151_第1串,"如果按照查理蒙格每天看六百多頁的研報、外加每週看了一兩本書的學習密度
那可以想像一下他沉澱下來的智慧有多可怕…￼
活了99年的智慧，真的不是開玩笑
有時候我真的陷入反思…
他這麼智慧的人，說的話那麼簡明扼要，一針見血
那￼我們這些平常「有話就說」的人，真的內容含量有多少？？有多少是經過「沉澱」過的？￼？
有時候真的會讓我陷入矛盾，然後反思￼許久
我已經快年過半百，還是覺得蒙格的智慧非常有穿透力"
貼文152_第1串,"（如何理解穿越週期這件事？）
網友：
白大好像有說公司的業務需要能夠穿越景氣但我找不到原文,但我想問這句話的具體意思是什麼?
例如業務有很大的債務受升息影響造成現金流受壓
盈利與景氣變化高度相關, ep運輸業
還有更深入和其他角度看這部分嗎
我回覆如下：
我拿幾個最熟的例子來說明，你就懂了
可口可樂一路走到現在一百多年，真正的生死關卡其實就那幾次
最有名的是 1980 年代的 New Coke 口味翻船，還有裝瓶體系整併、收購與健康意識崛起帶來的壓力
這些難關多半是五年、十年才來一回的考題，但它每一次都靠品牌、通路與全球裝瓶網把傷害控制住，慢慢用提價＋包裝策略＋產品線調整把影響補回來
所以你會發現，它面臨的風險有點像二八法則那樣真正需要緊盯的大概就那 20% 的重大風險，挺過去，護城河反而更厚了
反過來，如果顛倒會怎樣？那就慘了
你 80% 的時間都在處理輕度但高頻的雜事與風險，通常不是一門好生意
比方說航空公司，挑戰不是五年一次，是一年好幾次
油價波動、航線申請與競爭、機隊汰換與維修、天災與突發事件、勞資談判、同質化價格戰……每一項都可能讓當年獲利大翻車，未來現金流很難抓
這也是為什麼巴菲特早年長期敬而遠之（他後來短暫持有、疫情時期又退出），本質難度就在這裡
有人會說：「那換個優質 CEO 掌舵，會不會起死回生？」
我要講的是…你叫 F1 車手去開一台家用小車，可能還輸給新手開的超跑
除非車手技術神到不行，頂多險勝，但要大勝很難
說來慚愧，努力很難改變爛基因
同樣的，好的 CEO 很難完全扭轉爛產業
某些賽道天生就有很多你控制不了的變數，每年都像打生死戰，現金流能見度自然就低
就算拿出像美國西南航空這種低成本典範，還是會被油價、事件性風險與同業跟進牽著走
當競爭者能拿到差不多的機隊與費率、航權又是公開制度時，優勢很難長年鎖住
這種生意要穿越景氣真的吃力，你買進前就得知道，這不是靠一兩個聰明作法就能改掉的結構，也不是看幾張財報或會計數字就能根治的
所以我乾脆把一個比較高維度的框架講清楚
你把這套邏輯弄懂，很多看似複雜的財務指標就不會讓你焦慮，因為你會知道哪些是本質、哪些只是短期噪音
（我不要你去背 SOP 檢查表，或是去啃很複雜的財務會計報表，我希望你搞懂幾個簡單但能「以不變應萬變」的道理，拿它當思考框架去看公司）
真正能穿越景氣的公司，通常就在你生活周遭
你每天喝的飲料、過年送的禮品、巷口就買得到的東西、公司離不開的作業系統
它們的共同特徵大概是：穩定的產品力、可複製的商業模型、夠高的護城河、很深的轉換成本，外加長期看得到、摸得著的現金流
回到你問的「像運輸這種跟景氣高度掛勾的行業，有沒有辦法穿越牛熊？」
運輸這類高循環行業，本質是資本密集、價格被供需牽著走、替代性高
景氣好時吃紅利，景氣爛時喝西北風
想多活幾輪牛熊，關鍵看公司能不能把商品化的運力升級成網點系統
這是護城河中的護城河，如果你的節點密、覆蓋廣、航線（或路線）組合更靈活，就能放大規模優勢降低單位成本
在景氣緊繃且票價競爭激烈的時候，市場會優先選擇成本結構更好的那一家
再來，公司負債如果非常少，也有助於穿越牛熊
比方說升息、景氣差的時候，重資產＋重負債的壓力會放大
反之，負債低且持有現金的公司，反而有能力在壞時景氣去撿便宜資產（或是去吃掉別間公司，讓自己做大做強），下一輪就長就快（波克夏
即是此例）
接著回到你對債務與升息的擔心
我認為倒可以回到上面的大框架：
債務與升息會不會傷到它的商業模式？
會不會讓一個本來很棒的生意，突然變成只剩下估值撐場面？
蒙格、巴菲特偏好不靠高槓桿也能賺錢的公司
我的經驗是，前面就把高負債、靠再融資活著的公司排除，剩下那些現金流穩、再投資紀律好的，你其實不用太煩惱利率細節
對長期主義者來說，挑那些輕槓桿、自由現金流長年為正的生意，利率上去的衝擊多半表現在估值倍數而不是商業模式
而且利率主要透過折現率影響所謂的現金流久期，久期越長、對利率越敏感
但只要現金流的「質」沒變，短期被估值波動一下，反而是撿便宜的窗口
這裡就要講一個案例，有些公司是靠高槓桿套利致富，這種公司你要特別小心
套利交易是指先在某一利率水平上融入一筆大額資金，然後用這筆資金購買一項收益率高於自己的融資成本的資產
比方有些飛機租賃公司會融入資金購買一架飛機，再把飛機以高於融資成本的價格租出去，貸款的利息成本和租金之間的差額就是利潤
這個結構唯一的問題在於….如果租賃飛機的公司違約，不按期支付租金的話，那麼這筆需要償付利息的貸款也將發生違約，最後會形成骨牌效應
各位可以參考一下，雷曼兄弟和其他幾家投行破產的原因
它們當時在短期商業票據市場借入了數十億美元的資金，接著將資金投資到了10年至20年期限的次貸抵押貸款上，在短期商業票據到期時，持有這些票據的資金借出機構則將債務滾動延期
次貸抵押貸款開始出現違約，突然間雷曼沒能按時收到次貸抵押貸款的利息，這意味著它也沒錢還給放貸的銀行
當銀行知曉這一事實後，當然不會同意債務延期，於是雷曼在不到一周內就申請了破產保護
所以…如果一個產業天生就需要高負債、高再融資、靠行情吃飯，那基因就很爛
未來現金流很難估，這種公司如何滾出長坡厚雪？（沒有長坡哪來的厚雪？）
你一開始就挑高負債企業，等於先把自己的腳砸到流血
相反的，靠前兩個原則（商業本質＋資本結構）其實能避掉八成地雷
看得懂二十年現金流的生意，短期利率變化多半是股價噪音
看不懂、又靠槓桿與景氣吃飯的生意，利率常常只是壓垮它的最後一根稻草，先把選擇題選對，比後面花功夫處理計算題有效很多
講到抗通膨，我把喜詩糖果跟可口可樂這兩個巴菲特的投資過的經典案例拿出來分享
喜詩的本事在於品牌價值夠厚，品牌代表「客戶送禮的心意」，所以不用陷入同質化削價競爭
原物料會漲沒錯，但它每年都能小步調價，把成本轉嫁到售價上，毛利率能守住
再加上這類企業不用年年砸巨資擴廠（糖果廠跟晶圓廠不一樣，維持性資本支出即可，不用每年大升級），自由現金流就很穩定
換句話說，就算通膨，現金流還是算得出來，這種可預見性，巴菲特當然最愛
可口可樂邏輯也類似，真正的護城河是全球通路系統與品牌，就算原物料上升，消費者對單瓶差幾塊錢的敏感度不高，不太會因為幾塊錢就改喝別牌，於是成本漲幅能慢慢往售價轉嫁
通膨環境下，投資人手上的現金與債券在失血，資金自然會往能提價、現金流不斷頭的公司靠攏
這就是這類企業在通膨時代能活得下去、甚至越活越好的雙重效果
分享一段巴菲特與蒙格的資本配置觀，讓你更有整體的視角
他們非常在意每家公司賺到的每一塊錢，放回公司值不值得？
如果內部沒有足夠高報酬的去處，就該大方把錢還給股東，不要逞強
假設公司把財富都堆在機器上（重資本模式），蒙格常搖頭，那代表你明年、後年、每一年都要持續投入，才能勉強把競爭力留在原地（甚至未必競爭得過別人）
喜詩、可口可樂、茅台這類公司最大的魅力是不用一直砸錢也能成長，多出來的現金就能穩穩分派或回購，長期下來，股東感受到的是現金流的溫度
反過來看，某些科技或新興產業，研發要不斷加碼、週期又短，不投入就會被捲走
投了也不一定成功，因為對手也在跟你競爭
這塊不是不能投，但要很清楚自己的能力圈
對技術革新與公司治理要有高度敏感度，這件事很難懂
像 AI、半導體設計的領頭羊，今天是龍頭，五年後會不會被顛覆？不能說不會
所以我的態度跟蒙格一樣，看懂再做，不懂就先不碰，在能力圈裡找二三十年都看得到的現金流，會比較心安
那麼，能長存的公司長什麼樣？
歷史上很多公司不斷被淘汰，我會找那種需求長年黏住、交易反覆發生、客戶離開代價很高的生意
像酒、調味料、牙膏、家用清潔這些習慣性消費就是（企業軟體、支付網路、關鍵耗材也很像）
一旦建立護城河，消費者轉換成本就很高，消費者黏著度就會提升
這種公司壞年景不會一路掉到谷底，因為日常還是要用，好年景又能把市佔份額與提價都吃回來
這種公司就是所謂的長坡厚雪
所以某種程度上，我認為資產輕、再投入小、現金流厚，是很棒的投資標的
投入一塊資本能帶回高於平均的回報（ROIC 不是看一年，而是看好多年的持續性）
而且回收快，現金不會永遠卡在存貨與設備裡
茅台的原料成本與售價落差，是很直覺的例子
同樣邏輯放在軟體訂閱、支付網路、品牌消費也通用
反過來，如果一個行業年年都要丟一大坨錢才能勉強維持份額，那很可能是資本陷阱
表面營收在長，其實自由現金流不長，最後只是替供應鏈打工
那最後聊聊龍頭怎麼冒出來的？（之前舊文提過）
龍頭的誕生，大多不是在「人人都賺錢」的時候，反而誕生於「人人內卷到快撐不下去」的時刻
競爭到大家都沒利潤時，弱的會先撐不住、出清或被收購。撐得住的人則把對手的份額吃下來，規模更大、資金更便宜、供應商更依賴，正回饋啟動，龍頭才真正成形
那麼技術壁壘在這邊扮演什麼樣的角色呢？有技術就一定會變龍頭？
未必！技術在這裡是雙面刃
如果只是大家都買得到的機台與製程，結果就是一起降成本、一起砍價格，最後變囚徒困境
因為你不砍售價，對手就會比你先去砍價，因為他要搶份額
你份額被搶走，要再搶回來就很難，然後最後你們就變成削價競爭，捲到最後誰都沒有利潤
除非你的技術壁壘強到對手 copy 不走，就算拿同一台機器，他還是做不出你一樣的成果，那才叫真正的壁壘，否則技術只會讓你更快捲進價格戰
寫到這邊，你有發現我上面完全沒有提到太過複雜的財務指標或是任何S O P嗎？
其實我很少去聊什麼選股標準，像是公司組織文化、CEO能力、道德操守、經營理念、遇到風險時的危機處理，這都很難去做量化，只能靠你平常累積的「識人」智慧
這個只能靠你時間多看多見聞，不是一個checklist 可以寫完的
嗯…整篇文章內容有些囉嗦了，先聊到這邊，之後有時間再慢慢補充囉"
貼文153_第1串,"（Q ＆A )問題專欄
/"
貼文154_第1串,"/
哈哈，你已經一針見血的把問題點出來了呀！！XD
我要說的是，這個方法看起來很有邏輯
但我自己習慣從風險角度看
一旦這個方法沒辦法通過極端狀況下的壓力測試，我就會放棄這種做法
各位可以看近一段時間，美股單一大型權值股數十億到上百億美元級別的單日市值變動並不罕見，VIX 也時不時快速拉高（我之前舊文講過， VIX傳導速度很快，不是一件好現象！）
而投資等級公司債的信用利差多數時候仍偏緊，你能從這套策略用槓桿「壓榨」出來的利潤有多少？那你承擔的風險呢？風險報酬比還划算嗎？
這讓我想到之前的 LTCM 事件
（不知道發明這套方法的人…有沒有從那個案例吸收足夠的教訓？）
這策略的結構和 LTCM 的關鍵相似處在於：「槓桿＋小利差＋塞在同一個風險因子」
這就像你平常在鐵軌前撿銅板，後面有台高速開過來的火車
九成時間只要沒被撞飛都很 happy，你會覺得自己天下無敵
一旦遇到 N 倍 σ 的極端事件，可能就把前面累積的一次吐光
更麻煩的是，壓力期資產間相關性常上升、流動性也可能快速萎縮
很多人以為「反正我跑得掉」或「我有設好停損」，但跳空+流動性短缺時，停損未必能在你以為的價位成交（這點真的不要小看）
其實這個方法很多人都知道
之前有個案用投資級金融債做 carry，平常行情好，質押也很順
在平穩期，機構或 PB 客戶在雙邊、三方回購上，自備款（haircut）約 5%～10%不算少見（仍視券質、對手與時點）
嗯…後來壓力來了，haircut 可能直接跳到兩位數，有些券甚至暫停融資、被砍在很難看的位置
為什麼？因為融資方怕你跌更深、也怕自己收不回來，會先把門檻拉高自保
你的原始 LTV 整個失真，輕則補錢，重則被砍倉
（註：一般散戶通常拿不到純 repo 通道，多半是保證金性質融資、券質押借款，條件與可融券種通常更保守～）
這種時候你才發現，原來你以為是未實現損益的正常波動，其實波動會把你抬出場，馬上變成已實現虧損，倉位彈性也跟著沒了
知道這套策略的人很多，但真正理解風險傳導路徑的人有多少？
當然，我也不是說風險一定會按照上面那條路徑走
畢竟風險就是：你把能想到的都想過之後，還會有超出預期的那部分！不然就不叫風險了
這也是為什麼Taleb推薦做蒙地卡羅的原因….
你不知道中間風險傳導的路徑沒關係，但你要知道最壞的情況下你hold不hold得住??？
我發現大多數人的通病是：
「知道風險」vs 對風險「有感覺」是兩回事
通常只是知道，不代表你感覺得到
就像你今天闖紅燈過馬路沒被撞，明明知道有風險，但你感覺不到，於是還是會僥倖這麼做
所以我決定按照步驟拆解一下「槓桿＋小利差＋塞在同一個風險因子+（匯率風險）」到底問題在哪裡，讓各位具體體會這套系統哪邊的螺絲是鬆的
1）槓桿的部分：
如果你不上槓桿，投資級債的遊戲其實就很單純
只要發行人不違約，你抱到期，中間價格上下叫淨值波動，帳面會波動沒錯，但在正殖利率環境下，到期總報酬（票息＋到期價差）通常可期待為正
會變成名目本金價格損失的情況，大多是發行人真的出事，或你中途自己賣在低點
另外如果買在溢價或券有可贖回條款，到期／被贖回按面額 100 償還，價格端也可能虧（是否被票息抵銷，得看持有期間與買入價格與殖利率）
可是你一旦加了槓桿，主控權就從「你 → 市場」
你從主動變成被動，接著下面的鏈條就會發生：
債價跌 → 抵押品市值縮水 → 低於融資門檻 → 融資方追繳 → 你要補錢或賣券
補不出來，就得砍倉，原本只是帳面虧損，立刻變成實際損失（被迫在你不想賣的時點賣掉）
這種追繳不只股票融資或期貨才有
你用 repo（回購）或券質押借出來的錢，同樣天天 mark-to-market
只要價格跌、LTV 超標 → 融資方發通知 → 你補錢或被賣 → 虧損實現
這就是為什麼同一檔債，用不用槓桿，風險等級差很大
那麼，淨值波動跟本金損失差在哪？
想像你買一間好公司發的 10 年債，票面利率固定
市場殖利率上行、或市場情緒變差，它可能變便宜，你的報價下來，你會不舒服
但公司還在、現金流還在，只要你願意耐心抱到期，總報酬仍可期待
可是一旦上了槓桿，中間那段正常波動就可能觸發金融機構的風控規則
逼你在壞價位賣掉，事情就不是「波動風險」這麼簡單，已經變成結構性風險
為了理解配置風險，我們要聊聊久期
久期簡單說，就是債券對殖利率變動的敏感度
用一個粗略的說法讓大家理解：
殖利率每上 1%（100 bps），價格大概跌「久期 %」
為什麼我加上「大概」這兩個字？
因為真實世界還有凸性、條款、贖回選擇權等細節
更精確會分開看 IR duration（對利率）與 spread duration（對利差）的敏感度，很多金融債的 spread duration 往往略小於其 IR duration
2）利差風險
公司債除了利率，還有信用利差（例如 OAS）要衡量
白話講，利差就是市場要這家公司比起同期限政府債，多付你的風險補償
大家恐慌時就把補償喊高（利差擴大），因為擔心違約概率上升
反之，太平盛世時，利差就收斂
為什麼會同時出現「殖利率上行、利差也擴大」的雙殺？
很好理解呀，只要出現通膨下不來、央行轉鷹、景氣前景轉弱，一邊把整體殖利率往上推，一邊又讓市場擔憂企業償債能力，兩邊同時對價格不利
例如 2023 年美國矽谷銀行風波：
很多中小銀行在低利率時期握有長天期債券，後來利率大漲、債券大跌，未實現虧損變大，加上存款外流，SVB 快速被接管
這類事件一來，整個金融板塊利差容易被一起拉開，價格就像自由落體往下掉
利差風險還有一個不對稱要留意：
當利差很低時，你拿的是有限的上行（carry＋一點點利差再縮）vs 不對稱的下行（利差一跳空擴大，價格一次回吐好幾年的票息）
舉例：利差擴 100 bps 在壓力期並不罕見，如果你的spread duration ≈ 7，價格約跌 7%。
你如果只拿 2.5% 年化 carry，三年也才 7.5%，一次事件就讓你做白工
加了槓桿，跌幅再乘上倍數，追繳速度也等比放大
這也是為什麼許多做債的老屁股喜歡等利差拉寬再上，不外乎就以下這三個原因吧：
① 安全墊較厚（carry 本身較大）
② 回歸均值機率較高（利差長期有區間，站在偏寬的一邊，回中位數的機會更大—但遇到 N 倍 σ 還是會被教訓）
③ 風險回報更順手（每年拿 4–5% carry，遇到再縮有小紅利，下行要擴很大才會把你抹平）
當然啦，等不等得到是另一回事，所以更務實的做法是：平常小倉位，利差明顯拉寬時再慢慢加
3）因子集中風險
談分散，很多人其實不太會分散，或是看起來有分散
以為買了銀行 A、銀行 B、銀行 C 就叫分散
其實這比較像同一家連鎖的不同分店，風險因子仍然是「市場對金融體系的信心」
一旦市場開始擔憂「擠兌、增資、某資產出問題」的議題時，投資人會同時變保守，同一因子就一起受到牽連（利差同時拉寬、價格同時跌）
很多做金融工程的朋友會說：「那就對沖啊，買 CDS 不就好？」
實話說，散戶幾乎沒有直接做 CDS 的便捷管道（要 ISDA、要對手方，成本與門檻不低），而且你手上的券與指數 CDS 中間還有基差風險
比較實務的作法是：用你拿得到的工具去降低同一因子的曝險，或把集中度降下來，再搭配一點懂得的保險
例如：金融指數類 ETF 的保護性部位，或學老巴一樣拉高現金比
（但要知道這些也都有基差、時點風險）
另外，銀行債層級也有區分，同一家銀行會發好幾種不同順位的債
相對來說：senior unsecured 的確比 subordinated 高順位、風險低一些、票息也低一些，但它未必是整體資本結構最前順位
上面這些名詞不懂沒關係，但至少留意條款，因為條款會寫清楚可不可以提前贖回？控股變更怎麼處理？票息怎麼重置？這你要自己去看清楚
4）匯率風險
你的生活在台幣世界，買的是美元債
你可以選擇不避險，直接曝險（美元升多賺、美元跌被吃掉）
或用避險把未來美元預先換回台幣（票息較穩，但要付利差、基差等成本）
沒有一定對錯，重點是先想清楚：
不避險就承擔匯率一年約 ±3%～±10% 的常見波動區間（視年度環境而定）
避險就接受票息會被吃掉一部分
你自己可以假設最壞情境，看看可否接受：假設利差擴大、債價先跌 7%，同時美元再跌 3%，總報酬大概 −10% 左右（如果還有開槓桿，幅度還會再放大）
市場不可控，至少槓桿是可控（不想承擔最壞打算，就把槓桿降一降，別拿石頭砸自己的腳）
綜合上面的論述，你還會覺得這種搭配方式穩健又安全嗎？
雖然風險影響的路徑前千百百種，但上面是幾個明顯一定會被扣扣分的項目，平常最好養成敏銳度
最後文章的結尾，我想跟大家聊聊一些在操作上會遇到的一些（心態層面）的問題
首先，很多散戶會把避險跟投機混在一起，這要不得
比方說避險部位還開很大的槓桿
你要他說清楚：「這個部位是為了避險，還是為了投機未來？」
只要回答不太出來，就代表不知道自己在幹嘛
很簡單嘛，避險就避險，投機就投機
目的如果混在一起，只要市場一不利，你就會卡住：「我到底是該為了投機出場？還是為了避險留下？」兩個邏輯會打架
那至於這位兄台的方法是不是真的每個月穩定息收？
淨現金流要用壞情境算
例如票息、到期殖利率 5%，扣掉融資利息、避險成本、稅費，口袋可能只剩 0～1%（視個人條件與槓桿倍數而異）
而且如果你的融資是浮動利率，市場升個 1 碼，在槓桿較高或息差本就偏薄的情況下，淨現金流就可能歸零甚至轉負
散戶常見的是保證金性質的融資，利率與條件不是你說了算！你可以用降低槓桿、拉長資金來源，或乾脆不用槓桿，把這顆變數收斂一點
那融資比失算會怎樣？
之前某位大哥把抵押比抓在 50%，想說穩穩收息
某次市場殺下去，債價先跌 8%，他還 OK
很短時間內，融資方把 haircut 從 5% 拉到 15%，等於同一堆擔保品一夜之間縮水，LTV 瞬間超標，補不出現金就被賣掉
過一陣子市場回穩、價格彈回來，他只後悔：「早知道不要被砍就好了」
嗯…這不就是拿石頭砸自己的腳嗎？
我不想把這個系統的控制權交給市場
既然要賺，就去賺你有把握的錢
當然啦，不是說這樣就沒有風險，但至少是可控的風險（試問：保證金繳不出來被強制砍倉，這件事是你可控的嗎？）
到這裡差不多可以做一個收尾
你想要的是「承受波動、領票息」，還是「放大報酬、承擔追繳」？
如果是前者，投資級金融債在不加槓桿的情況下，多半考耐心
如果是後者，問題就變成：你能不能活過一次追繳？壓力時你還有沒有現金？
兩條路都可以走，看個人
那什麼時候算是好價位？給個簡單的看法：
當市場一片和樂、發債很順、法說重點都在回購與配息，這樣可以操作，但淺嚐即止
當新聞開始沸沸揚揚、被動資金淨流出（AP 申贖／二級賣壓）、少數銀行或公司被點名、新發債延後或撤回，差不多要開始警惕了，可以分批出場
當大家在問會不會有系統性風險的時候，往往是最接近好價位的時候
當然啦，這不是制式公式，偏向我的直覺經驗來理解（股票其實也是一樣的道理）
你不用猜頂底，因為你也猜不到，先想著活下去再說
最後想說的是
知道這個方法的人不少，但真正成功的人有多少？
某朋友退休後也玩過金融債＋小槓桿
他把單一產業比重壓在四成以下、就算收益再香也不隨便把融資比拉太高
清楚自己是為了防禦，不是為了投機（這份清醒很重要！）
2023 年矽谷銀行風險那段日子，他的淨值變得很難看，但至少沒被追繳
後來利差收窄一點、利率降一點，慢慢就補回來了
裡面沒有神操作，也沒有花俏招式，只是把最壞的情況先想清楚，然後耐心等待
所以….投資有時不是比誰跑得快，是比誰中間不跌倒
現在這個盤面，一邊是VIX傳遞速度很快，一邊是信用利差偏緊
你如果照教科書的方法硬要上……也不是不行啦，平常燒好香就好"
貼文155_第1串,"（來聊聊如何玩「人生online」，大概7800字，文長慎入～）
我最近被演算法轟炸到有點心煩
目前除了發文之外，一天使用社交媒體的時間基本上不超過20分鐘
IG、Threads 一直推了一堆國與國比較的短影音給我
這邊說大樓多高、那邊說地鐵多乾淨、某國薪資多香、某城夜景多亮
點進去看底下留言，一半吹捧一半酸，戰火一片，挺有意思的
老實講，現在自媒體生態有點走樣
今天出來帶個風向、明天發廣告、後天把別人的素材剪一剪、加兩句「我覺得ooxx 」就上架
我不確定這些作者對於內容的把關怎麼樣？
但觀察下來也是炒短線的居多
比方標題一定要爆、夠引戰，縮圖一定要搏眼球、結論一定要走極端，因為遊走中間路線很難賺流量
久了你會發現，我們不是在看世界，我們是被聳動標題牽著鼻子走
你的注意力就被一點一滴被收割，就像慢性病一樣
這種比較心態最後就變成一種隱形稅，默默從你身上課徵專注力、快樂感，還會把你投資跟人生的價值觀帶偏，你以為在吸收知識，其實是默默被人牽著鼻子走而不自知
有些人很容易被這些東西煽風點火，然後你的時間跟注意力就越來越不值錢
我要說的是「比較心態」「嫉妒心」非常要不得，我認為他是心理疾病上的「腫瘤」
高樓一定有人比我們多、錢一定有人比我們多、顏值一定有人比我們高
這種比法永遠比不完，但你忘了，每個人都有屬於自己的賽道，每個國家都有自己的階段性發展戰略
就像你會發現美國地鐵怎麼那麼老舊？
中國地鐵怎麼這麼新？難道中國發展比美國好？
美國地鐵是100年前的東西，基建這種東西是靠未來人口紅利發展來徵稅
當你政府評估未來收不上稅的時候，基建本來就會停止（比方說人口老年化就是一個例子）
像中國人口前二三十年快速發展，政府本來就可以預計從這些新增的人口徵到稅收，所以加快的基建發展絕對是沒問題的（再加上早期中國還有很大的舉債空間）
但美國人口已經提早中國好幾十年邁入老齡化，稅收未必收的上，加上考慮舉債的空間的話，大幅擴張基建未必是智舉
所以你不能拿這個去比較誰落後誰強大，這沒得比，也不能這樣子去比
那麼，把比較心態拉回到個人層面上來討論討
人生本來是拿來享受、進步、創造價值的，各位應該不否認吧？
但你硬把人生搞成排行榜，最後只會在「嫉妒、自我懷疑」的地獄循環，怎麼可能快樂？
這裡給各位一個貫徹整篇文章的思考公式：
快樂 ≈ 現實 ÷ 期待
分子的現實是什麼意思？他是代表你真的擁有的財富（健康、關係、作品、現金流、時間…）
分母的期待，講白話就是你看得到卻還沒得到的東西
當分母被你拉太大，就算分子沒變，快樂就會被稀釋；當然，分子如果太小也未是好事，比方說你的現實生活還沒安頓好，那麼你的快樂也很難顯著放大
但我觀察大多數的人不快樂是因為「分子適中，但分母放太大」
想像你現在月薪六萬，原本對自己的期待是四萬，你會覺得「欸！其實不錯」
隔天你滑社群媒體，演算法讓你天天看到別人月薪二十萬、年終五十個月，你腦袋的「合理期待」偷偷飆到十五萬，結果同樣的六萬忽然變成「不夠用」「我怎麼這麼失敗」，然後你就陷入了焦慮…
這不是因為你現實有多慘，是你自己接受太多污染的訊息，結果不小心把分母灌爆了
就像我身邊有不少人開好車，但是心理是空虛的
你認為這怎麼可能？有令人稱羨的物質生活，怎麼可能還是空虛的呢？
人對好事的感覺會習慣得很快，第一台車讓你爽到飛天，第二台爽度減半，第三台帶來的效用可能遠遠不及第一台
而且車不只是交通工具，很多時候是地位象徵
當你身邊的分母（期待、同溫層標準）越來越大，你就會需要更大的訊號才能維持同樣的感覺
所以就會造成「你擁有越多好車，但你反而越焦慮」，因為你的同溫層也放大了，你的期望也放大了
這不是誰高誰低，這是人腦的設定值天生就這樣
當然啦，不是每個開超跑的人都空虛，但「靠物件撐住自我價值感」這件事，的確很容易把人丟回期待無限上綱的循環裡，然後越活越累
所以，像你滑IG還有其他社交媒體，你會發現演算法推給你的東西，其實會把你快樂公式的分母往上拉大，然後你就不快樂了….
解法很簡單，就是少滑一點跟你人生沒關係的炫耀短影音，讓注意力重新變值錢，也就是我現在做的事情
這類有毒內容的危害不止於此…
不知道各位是不是每天都在往復經歷注意力失調的一天？
比方早上在捷運上，耳機一戴滑到江湖郎中賣「三天改變命運」的雞湯，你聽得很爽
中午便當配「外國人眼中的台灣」你拍手叫好
下午上廁所滑到「某老師今天又抓到漲停」你佩服的五體投地
晚上躺床刷「某一個 K O L開箱豪宅夜景」你羨慕的叫媽媽
你問自己今天學到什麼？
大概只學到三件事：別人很爽、我不夠好、我現在就要比別人強
這就是被演算法帶來的焦慮，你原本以為自己可以管控你的注意力，結果發現自己被控制住
然後你發現自己做了一筆蠢交易：也就是把現在社會最昂貴的注意力，拿去換最廉價的焦慮，然後你就變得更不快樂
注意力失調以及比較心態帶來的毒害，肯定遠不止於此
在市場投資就是FOMO（fear of missing out，錯失恐懼症)，比方看到別人的對帳單，腦內多巴胺噴一下，理智就下降了，手就跟著癢了，不服輸的心態讓你想趕快試試手氣
結果FOMO讓你在錯的時間、為了錯的理由、用錯的部位進場
人生也一樣，FOMO 會讓你把本來該用來深度工作的時間，全拿去追逐最新最亮的東西，重點還得不到回報，結果是認知系統變淺、心更亂
就像每到牛市一定有人曬對帳單搏眼球
三天翻倍、五天致富，留言區一片「老師跪了」XD
你腦波一弱，隔天就成為對手盤
什麼叫成為對手盤？就是別人出貨需要觀眾，你還很剛好的就坐第一排
你看到綠轉紅就追，紅轉黑就砍，你以為自己很靈活，實際上在幫市場搬貨
莊家不會跟你說「我要賣囉」，他會先讓你相信「還能更高」，你追上去，他賣給你，等你被套，他再丟個利空，你嚇到砍在地板，他在下面接回
當然啦，這段子很陰謀論也很搞笑，但這些人的行為就是這樣
同樣的劇本一次又一次，你覺得自己沒天分，其實是你基準錯置
你明明在跑十公里耐力賽，卻拿短跑的標準要求自己
你明明是新手小資金練功，卻硬要學人家高頻交易進進出出
最後發現落差感太大，覺得是自己是不是不適合投資，事實上是你根本搞錯賽道，然後還用錯誤的標準來要求自己，你不失落才怪
巴菲特有提過一個內在記分卡的概念，我忘記在哪邊看到的
簡單說就是：不要把分數交給別人或市場，你要把主宰權交給自己
你可以問自己以下幾個問題：
今天有沒有在能力圈內下注？有沒有守住安全邊際？有沒有避開會把你踢出局的風險？
至於蒙格也提到一個概念：「不懂不做」
你除了可以理解成「不去碰能力圈以外的事情」，還可以理解成「有些東西不值得你花時間懂」
有些人可能會誤會這是傲慢，認為「人怎麼可以不去搞懂那些你不懂的東西？」
但他其實想表達的意思是：「你有權利選擇哪一題要答、哪一題先空白。」
也就是說，假設你本來就不打算回答這一題了，那麼你也不必不浪費時間去回答了，把時間挪到其他地方
就像有人笑巴菲特及蒙格老頑固不懂區塊鏈，不懂科技股，但你有想過「為什麼他要懂」嗎？
為什麼要去回答他看不懂的問題，然後害自己被扣分？市場不是扣分制，不去答題也不會扣分的
他賺他看得懂的錢不是很好嗎？
有些年輕朋友會嘲笑某些傳統金融大佬：「OOO連 DeFi 那堆協議都不熟，還在看現金流，太老派啦！」
我當然認同區塊鏈的潛力，但不代表我必須理解那些炒土狗、炒迷因幣，然後跟風炒作的行為
人性弱點並不會因為你處在Defi還是傳統金融而有所改變，是韭菜就是韭菜，我不想浪費時間在沒有辦法積累的事情上
試問：又有誰能玩訊息差割韭菜的遊戲能玩10年20年的？
沒興趣的東西（或是你本來不該重視的東西）
你打從一開始就不用浪費時間去瞎折騰了
就像我不會為了搞懂區塊鏈，然後花幾年光陰讓自己變成工程師
如同各位投資者也不會為了學好投資，然後花四年回大學去唸相關科系一樣
我更願意把時間放在我擅長的戰場
你要 diss 我保守，我當然可以接受
但不要忘了，常勝的答案在時間+耐心
就如同回到剛剛那個問題上：「你能炒一輩子的迷因幣嗎？」
講到複利，這邊我講一些「金錢心理學」跟「人生模型」的概念
第一個你務必要認知到的事實是：資產跌 50%，要漲 100% 才回到原點
這是老生常談的東西！投資的朋友一定不陌生
我認為這是一個很好用的模型，套用到人生也是非常有幫助的
你要是被慾望拉著走，去做了過度消費、舉債裝面子，短期看起來風光，長期你則被負債綁架
你的人生能量會浪費在「修補漏洞」而不是「專心搞增長」，而且形式大概會長得像下面這個樣子：
慾望太大（人生不快樂）→舉債消費滿足面子→賺錢還債（被工作綁架）→失去支配人生的自由感（越來越不快樂）
只要你沒擺脫「用物質刺激來滿足人生的快樂」的邏輯，那麼你永遠走不出被金錢支配的惡性循環
根除的方式只能從自己心態上去找答案
要嘛你分子無窮大
要嘛你分母無窮小
前者不切實際，畢竟每個人資源有限
後者可以做到的，只要降低一點期待，生活中出現一點點的小事都能讓你喜出望外，你心態會更平和，也更能持續進入心流
要讓自己進入心流，就一定要做到「預期差管理」
預期（慾望）這個東西是一把雙面刃
如果期望（慾望）太大，那麼只要「稍微不如預期」，你很可能馬上會陷入痛苦，而做出不理智的短視決定（比方說太早砍倉），這東西在投資上對你的危害會很大
各位有想過為什麼查理蒙格、巴菲特有辦法駕馭價值投資嗎？
是價值投資成就他們？
還是他們成就了價值投資？
都不是，我認為是他們的「低慾望」成就了價值投資，而這個低慾望並非來自他們天生基因！
而是「若要做好價值投資，不得不做到低慾望，降低自己的預期」
因為你絕對不會想在市場低迷的時候還要浪費力氣跟自己的情緒對抗，或是對抗那種失落感
這些失落感會讓你失去投資的心流，沒有獲得投資的成就感跟樂趣，甚至做出短視的決定
你要想在阻力最小的道路上長期複利，就盡量不要造成自己情緒上的波動或是財務上的波動
聰明人不會想在複利的道路上浪費精力做維持
你的精力應該留給車子等速往目標前衝
而不是亂搞一通，然後花精力修車子零件，拖累你的目標
類似的例子還有很多，這個道理可以套用到以下幾個情境：
1）你不顧你的健康，花很多時間去賺錢，那麼你就要花更多的時間在醫藥還有看病上
2）你不顧你的信用，去賺那一點投機財
那到時候你要修補信用你可能要花很多時間，或者是你可能從此沒有辦法在商場上做生意
3）你不顧陪伴家人，只為了榨取一點時間去賺錢
那這個更慘，時間是不可逆的
你有發現嗎，一旦偏離的跑道，或是走了極端，之後你可能要花更大的精力去修復，讓自己回到跑道上，有些甚至無法修復
而且修復並非沒有成本的，他可能又會花你的時間，花你的健康，甚至是以「損失50%卻要補100%」的量級，去耗費你的精力讓自己拉回正軌
這樣子值得嗎？你每天的心力都拿去補破洞，還有什麼力氣慢慢堆出長坡厚雪？
複利真正的本質不是「短期報酬率越高越好」，是盡可能不要犯錯，而且盡可能讓自己留在賽場上久一點
所以，我想把我理解的複利寫成一句模板：
複利 =（降低自己的期望 + 不走極端）的N次方
以下分批次說明：
1）降低期望不是叫你自暴自棄，或是叫你像個苦行僧一樣過活，所謂的降低慾望是把分母拉回正常值！也就是在快樂邊際效應遞減之前好好活著！
2）所謂的不走極端則是少搞那種讓你整盤翻車的事，或是少去搞那一些「虧損50 %卻要100%修復的事情」
套用蒙格講的就是「避免愚蠢」跟「反向思考」
先想怎麼不出事，再想怎麼變厲害
保持無聊，但至少可以讓自己在平穩的斜線上持續
老實說，你如果不懂得在「無聊的日子」找到快樂，嫉妒心就會跑出來催你做極端的選擇，把財務搞得大起大落，複利就從此掰掰，然後你就要花時間重新開始，所以這樣的人是做不了價值投資的
3）N次方就是叫你活得過久一點！所以保持健康，不要熬夜，不要犯蠢，基本上N次方就能把你變強大
那你說降低期望會不會太消極？不會
你把期望降到合理，你會比較容易被「小確幸」點亮
史蒂芬‧霍金有句話：我期待值是零，所以每一件事情都是賺到
他身體那樣殘疾，還能發現人生的快樂，這非常有智慧，因為他把分母降到幾乎零
當然啦，我們不用像他一樣降到零，但至少不要讓演算法或是一堆雜訊一直幫你把分母加碼，徒增自己煩惱
我也不是叫大家完全不比較，你活在這個世界上就難免需要面臨比較，但比較分兩種：消耗型跟成長型
消耗型比較會讓你內耗、焦慮
成長型比較只提醒你大方向，並且激勵你，然後引導你把視角拉回自己
如果是一個成長型的比較，你會問自己三個問題：我現在在哪？我能控制什麼？下一步最小可行的動作是什麼？
這其實就是斯多葛學派的二分法，遇到不可控（別人多帥、多有錢、多幸運）就先放生，不要跟自己內耗
如果可控（學習、紀律、風險、健康、人際），那就每天做一點，每天強化一點，讓自己進入複利的賽道
我以前投行有個同事，不到四十就離職
依我的經驗，這類人不是兩把刷子，就是找到人生主線
他創業做資產管理，績效漂亮，而且募資過程非常順利，算是在另外一個賽道上找到人生第二春
幾年後我在對岸聽一場分享，是高瓴資本創辦人張磊的業內分享，我躲在後排聽講，結果中場休息竟然遇到他
我們到外面吹風聊起來，他說賺到人生第一桶很有份量的金額沒錯，但人不快樂
每天早上六點前出門、半夜十二點後回家，身體常常在求救，兩個小孩也在等他下班回來陪他們
客戶信任他、績效也很棒
不過呢，他雖然自己創業，但背後好幾個眼睛在盯著他看，讓他從來沒有真正「為自己工作」，感覺只是「從一個火坑跳到另外一個火坑」
為了榨那一點點超額報酬，他把健康、睡眠、關係都拿去抵押
「我拿投資那套玩人生，結果人生被我玩爛了」
那天我只回他一句：「不是只有資產要配置，人生也要戰略配置。如果你只追求投資曲線漂亮，卻不配置睡眠、關係、興趣，你其實是在用超高折現率看自己的未來，你這麼聰明，應該知道這怎麼算都不划算」
主講人在台上談「慢就是快」「長期主義是稀缺品」，我們在台下點頭如搗蒜，真正難的是：把長期主義落在自己做的每一件小事上
回到幸福感這件事上
太高的物質生活，太高的物慾，或太遙不可及的夢想，其實某種程度上都是一個累贅
用珍奶的例子來做說明，大家應該知道珍珠奶茶喝多了會膩吧？第一口喝起來很快樂，第十口就普普通通，最後可能想吐
外在加法（更多物質、更多讚、更多頭銜）過了某個點，快樂的邊際效用會轉負
你為了面子背貸款買跑車，短期真的爽，出門很拉風，長期每月帳單像鬧鐘一樣提醒你，你的腦袋整天處在焦慮 β 波，怎麼進心流？
不是要你清心寡慾，是提醒你搞懂效用曲線
把錢與時間優先放在效用遞減還沒開始的地方（學習、健康、關係、工具、系統）
這些東西一旦進入複利區，幸福區間會變得很穩
那很多人問
那長期賺錢靠什麼？老話一句，不是靠槓桿，是靠安全的反脆弱系統
先把「東方如果不亮，那西方亮」的反脆弱賺錢系統搭建好，剩下就讓時間為你賺錢
我的反脆弱模板很簡單
無論行情多熱，不要梭哈，至少留 20% 流動資產，為什麼？
因為當市場逆風、價格崩盤，你要是滿倉或加了槓桿，很容易被追繳保證金
這時你會被動斷頭、借不到錢、也沒力氣逢低加碼
口袋有現金的人，反而有餘裕「慢慢撿」
滿倉時，市場是你的老闆；有現金時，你才是自己的老闆！
這時有人一定跳出來說「現金會被通膨吃掉！」
沒錯，但那叫保費，你付保費換一張選擇權，不划算嗎？
當別人被迫賣在地板，你不用被margin call，還能用 20% 去撿便宜，被通膨吃掉又算什麼？你去體會一下被call保證金融資斷頭的感覺，就知道我說的是什麼了
要是你看不懂我上面舉的例子，你直接拿投資系統對比兩種人：
甲：看多開兩倍槓桿，資產 100 變 200 的曝險
乙：資產 100，80 做配置、20 留現
遇到 -30% 回檔，甲的 200 變 140，保證金告急、被迫賣在地板
乙的 80 變 56，但口袋還有 20 現金，反而能在市場最吵時慢慢撿
半年後行情反彈 20%，甲早被掃出場，乙的 56×1.2＝67.2，再加上低點撿到的倉位，績效慢慢爬回來，誰能活到下一回合？答案很清楚
巴菲特幾筆經典交易，也是同樣的反脆弱系統
市場最恐慌時，除了他拿得出現金買股，還去買有 10% 現金流的可轉債
由於有一張未來能換股的權利撐腰，讓他有餘裕去度過金融風險，而不會讓狀況告急，這個反脆弱系統打造的可真好，晚上還能睡得著
因為這一套系統下檔有票息托底，上檔有權利空間，這就是不對稱風險收益帶來的好處
有人會說：「那我就分散到二十檔不熟的標的，也很安全啊！」
盲目分散只會把報酬沖淡，還要考慮手續費
最後不如直接買大盤
如果你要主動，就集中在自己真的懂的幾檔，但前面那 20% 的安全墊不能動
如果你不想花心力研究，就買大盤、定期定額，加一點現金墊，同樣活得好
重點不是你選哪條路，重點是別讓任何一條路把你逼到絕路
與其嫉妒別人靠槓桿資產翻倍，不如為自己打造一個安全的系統
像是你常常在社交媒體看到有人靠槓桿一天翻倍，恭喜他，但別以為那就是你的人生路
不是只有投機交易，很多行業天生就不具備長坡厚雪
明星運動員能巔峰幾年？網紅流量可以熱多久？
有些收入來得快、去得也快，現金流無法用合理的折現去估，當然也更難拿來複利
你可以欣賞別人的高光，但要誠實面對，那很可能不是你的賽道
反而是健康、專業能力、穩定的人際信任，這些東西可以緩慢但可持續地疊加，只要你活得夠久，效果會很驚人
那幸福是什麼？又是什麼東西可以讓你感到幸福？
對我而言，早上泡一杯我喜歡的咖啡，看著窗外下著小雨，讀幾本我很喜歡的財經書，每天成長一點點，我就會很快樂
中午帶便當去河濱走一圈，去打打高爾夫球，去跟幾個業界朋友聊聊投資，只要出門曬到一點點太陽，腦袋突然把卡很久的問題想通，我就會很快樂
下午看到長輩傳來的訊息按了愛心，順手提醒她吃藥，他感謝我，我就會很快樂
晚上回到家，小孩跟我視訊，跟我分享他成長的喜悅，我就會很快樂
睡前總結今天的所思所想，打打文章分享價值給陌生人，然後收到大家的感謝，我就會很快樂
我時時刻刻都盡量讓自己感到快樂
這些畫面沒有豪宅、沒有超跑，但有個共通點
你在你想過的生活裡，做你重視的事，多巴胺來自於提供他人價值
你不靠過度消費，你也不去跟人家做無謂的比較，你的人生在一個穩定的賽道上成長！這就是無所謂的長期保持快樂的秘訣
當然啦，很多人把「沒有錢萬萬不能」當藉口，並且認為追求金錢是當下的任務
錢當然重要，是必要條件，但不是充分條件，我要講的事情是：錢太多太少都不對～
收入過了某個點，幸福感會趨緩，而且你為了維持這個財富，你需要付出的責任還有時間還有壓力也會指數化增加
尤其某些兄台賺的是不義之財
肯定是提心吊膽，並且整天擔心這個錢什麼時候會吐回去，這就違反我上面講的「複利 =（降低自己的期望 + 不走極端）的N次方」
所以，「知道自己的幸福」是一個現代社會中非常可貴的技能！
我認為幸福的關鍵字不是「多」，而是「知」
知道自己擁有什麼、知道自己需要什麼、知道邊界在哪、知道什麼值得你用力、知道什麼該放生
你不需要在每個戰場都贏，你只需要在你選對的戰場不要輸
投資就是選對賽道、把倉位管好、讓時間為你效力
人生就是把時間放在長期正回報的地方
不要小看這個「知道」，它會把你從盲目比較的泥沼裡拉出來
當你知道自己的幸福圈在哪，你就不會傻傻的因為「嫉妒心作祟」「比較心態」而把人生賠進去
你也更能抵抗那些嘩眾取寵的廣告與短影音，那些東西都是增加你分母的累贅（你的寶貴注意力，你的快樂感，很快都被消磨沒了）
以上這篇文章，我希望在我旅行的時候提醒自己
如果一直拿別人的行程跟自己比，只會一路焦慮
如果你知道自己此刻在看夕陽、聞海風、手上拿著路邊攤的熱食，腦袋不要再去演算法的世界逛一圈，你會突然覺得：其實我過得不差
投資同理：當你在能力圈裡照你的系統穩穩做，社群與新聞就只是背景音，你的人生曲線不會因為別人的高光瞬間而誤判
比較心態會偷走快樂，也會偷走複利，千萬不要讓「嫉妒」這個人類的原罪剝奪你心靈上的自由、還有人生複利的軌道
別怕慢，也別怕輸給別人，怕的是輸給自己的分心
你不必贏過世界，先做到不輸給自己，世界自然慢慢站到你這邊"
貼文156_第1串,"（先聲明：本篇用一個比較健康的心態去聊這一個產業，沒有不良暗示）
看到這篇文，實在忍不住想寫一篇文章來討論~
我們常說投資要投看得懂的生意，但愛看A片未必真懂A片產業的商業模式
一開始如果用內容IP去理解這個行業，你會發現一個很奇怪的現象：一堆人看免費的片，那這個行業靠什麼盈利？
簡單來說，這個產業本來就「天生自帶流量」
A片公司其實只要發片就好，就會有人上門來光顧
這種流量是有可持續性的，也不太需要蹭話題，也不用為題材想破頭（不難發現很多A片的劇情跟題材幾乎是一成不變的，只是換不同人演而已）
而流量這個東西是可以用來賺錢的
就以投放廣告來說
影片前後、側欄、搜尋列表，總有位置能放
來投放的多半是交友、直播、VPN廣告、成人用品、甚至灰產博弈
因為使用者的心情與情境吻合，轉化率就不錯，所以廣告主願意付導客費
再來就是有些片廠會做導流合作
看片的人不一定付錢，但總有一小撮人會被引導去開會員、買服務，平台抽成
你沒掏錢，換別人也會掏，整體就能養活一條供應鏈
但A片產業也有有一個很致命的問題，就是它的內容端定價權偏弱，跟好萊塢明星片很像
(續
/
picasso00987
10/29/25
好奇啦，A片廠商每年持續成長賺大錢，我們這群免費仔都沒付錢，廠商到底在哪裡賺錢的？"
貼文156_第2串,"觀眾可能就是來看波多野結衣的片
他不管你是哪一間製片廠拍出來的，所以定價權就幾乎會落在女優身上，不是在製片廠
真正的護城河反而落在分發＋合規
合規做不好會被投訴下架、重罰、搜尋降權，甚至牽涉刑責
至於著作權….多數內容可被替代、重複性又高，盜版又快，也難成長期護城河
這點跟迪士尼靠不可替代 IP 不同（米老鼠唐老鴨不會要求你漲工資），成人內容本身難成 IP
平台跟製片公司幾乎只能把護城河蓋在流量與合規上，但這種東西可能每隔一段時間就要重新去調整
所以，同樣 1 美元的現金流，這個行業可能要用 15–25% 的要求報酬率打折，所以估值不會像 SaaS 那麼高～
（SaaS靠續約與漲價，邊際成本低、現金流相較可預期的；而成人平台靠廣告導流，多數收入與流量與政策同週期，現金流可預期性較差）
市場對這類資產常用現金流倍數（例如 5–10× EBITDA）談價格，遇到政策風險可能還會再折 20–40% 的風險貼水，反之倍數會往區間上緣靠
（續
/
View 1 more"
貼文156_第3串,"（小孩如果表達能力太差，成長環境真的會吃虧）
當爸媽能做的其中一個長線投資，其實就是從小讓小孩練習「好好說話」！
不只正音、咬字，更是把想法說清楚、把別人的感受放進來
這某種程度上可以讓小孩子越來越聰明，容易融入社會
說話這件事會同時拉動大腦負責理解語意的區域跟表達的區域（負責組織語句那塊）
前額葉在旁邊輔助，社交相關的區域（負責換位思考那塊）會慢慢變強大
越早有好的對話、故事、音樂與表達練習，越能把這幾塊線路接在一起
小孩長大在學校、職場、人際上，通常會比較順
講到這裡，我得談談大人世界的一些觀察：
我發現有些人在對話時，起手式就是先打預防針，比方說「我無意冒犯」「我不是針對你」「我其實沒有要唱反調」「我是說真話，希望你不要介意」….
然後下一句，就直接往你臉上扔觀點
我暫且稱呼這類人叫做「預防針哥／姐」…
跟這種人的溝通成本通常很重，看似直話直說，實際上沒有邏輯，或是「真話說得沒有藝術」
（通常這類人在社交場合上很容易吃虧，或是事業發展很容易碰壁）
強硬加諸自己的觀點在他人身上，就跟強姦他人一樣，會讓人很排斥，你等於浪費時間講了別人沒辦法聽下去的廢話，未必是一件聰明的事
通常會一直想「糾正別人」的人，心裡多半是焦慮的，缺乏自信的，渴望自己被別人接受
委婉一點的做法通常不是衝上去糾正別人，通常先把問題問清楚，確認彼此在講同一件事
我自己的做法很簡單，就是想辦法讓對方有表達的空間，也就是先問問題再丟結論，先讓對方充分表達，你也充分聆聽（不能帶反駁），你再來給你的觀點
別用「我無意冒犯」當開場白，相信我吧，當你說「我無意冒犯」的時候，別人就已經感覺到冒犯了，就有點像是此地無銀三百兩～
可以改成「我好奇你怎麼看…」，把話題拋給對方，讓對方有陳述意見的空間，而不是用你的觀點去強姦別人，這樣的對話會柔和很多
再來就是，描述具體情境時，也不要去貼他人標籤，比方有些兄台開口就下定論「你不懂、你外行」，這一樣讓人覺得非常不尊重～
可以改成指出哪一段、哪個假設、哪個數字對不起來，這樣對方有台階下，也不會突顯你的魯莽不尊重
我舉個例子
壞示範：你根本不懂 AI，你外行
好示範：你第二段把推理服務的成本當成一次性費用了，我用這組雲成本拆給你看，看是不是我誤會～
你有發現嗎？下面的論述是否好了很多
會讓人更想跟你討論
如果你發現自己也常有上面這些起手式，而且常常「不小心冒犯別人」，真的可以練習改掉
先把「我要改變對方」、「我一定要說服對方」的執著放下，回到「如何跟對方站在同一陣線，並且和對方描述同一件事」
我後來改成先說「我自己的觀察是…我可能也會錯」，摩擦就小非常多
回到開頭，為什麼要從小練好好說話？
因為說話不是技巧，是一種把自己放進他人世界、也把他人放進自己世界的能力
你再厲害，說不進人心，就不會有人理你
小孩是這樣，大人也是
少當「預防針哥／姐」，多當能把話說清楚、把人放進心裡的人，日子會順很多，好的緣分也會慢慢積累～"
貼文157_第1串,"（聊聊基金生態）
為什麼一堆教人做指數化投資的教科書，總把主動基金經理描述成遜咖？好像跑不贏大盤就是原罪
我要替他們說句公道話
開放式基金每天都有申購、贖回，等於隨時要備著一堆好賣、流動性高的標的，一旦遇到贖回潮，先砍的一定是最容易變現的東西
偏偏要創造超額報酬，像巴菲特那樣適度集中是必要條件，但合約又設了單一持股、單一產業、單一國家的上限
你就算研究到滾瓜爛熟，想重倉 20%、30%，幾乎做不到（這也是為什麼老巴後來乾脆不走基金那條路）
這些基金經理的壓力不只來自結構，還有職涯風險
客戶和顧問天天盯基準與追蹤誤差，短期一落後，投委會和外部顧問就會連環 K包，久了你自然不敢太偏離
更別說衍生品和槓桿，想用也不一定用得上
年底的分配與稅務節點常常逼你為了實現／結算去調部位，本來想長抱，硬是被切換成短線
這些合規問題把很多經理人的潛能「封印」住了
再來談規模，基金不是越大越好
規模一上去，容量上限與市場衝擊成本不是線性增加，而是越來越陡
首先，原本好用的策略，會被自己的資金量擠壓到失靈（胃納量問題）
再來，規模帶來的另一個麻煩是溝通成本，資金來源如果太雜，IR（投資人關係）就得一天到晚去安撫各種投資人
為了妥協客戶，你可能做出違反自己投資框架的調整，結果就成了最為人詬病的風格飄移
所以基金常見的兩條出路
一種是很多頂尖量化乾脆不收外部資金，專心做內部／員工資本，把流動性壓力與溝通成本降到最低
另一種是學老巴，改走永久資本的控股公司，把贖回風險從制度上直接拔掉，心無旁騖拉長線釣大魚
也因此，我不太糾結「某某基金經理打不打得贏大盤」的問題
多數 alpha 是被機制吃掉的，不是人沒沒料
反過來說，把合規、流動性、風控這些框架全拿掉，也許超額就會跑出來，但問題是，你敢把錢交給這種幾乎沒框沒限的操作嗎？
規範存在，是為了守住多數人的下限
代價，就是把上限壓住
所以選擇其實也很簡單，要嘛自己把功夫練好，自己管錢
要嘛挑一個你打從心底信任的經理人（像老巴那型），把錢交給他，閉嘴讓他照自己的節奏來
最怕就是卡在中間（功課不做、手又放不開，還想要別人幫你賺超額）這心態註定走不遠
你想別人幫你管錢？抱歉，真正好的經理人也不見得想接你的錢
因為只要是受監管的產品，合規、流動性、風控一定會把打法綁住
你要安全，就得接受上限被壓
接受不了這個現實，就別投基金，去買國債／指數，自己做資產配置，乾脆省事
反之，既然要人家幫你管錢，就別一天到晚抱怨為什麼沒贏大盤，要魚又要熊掌，天底下沒這麼好的事"
貼文158_第1串,"（人比人真的會氣死人）
這￼讓我想到之前在社區跑步時遇到我以前建中的學弟
他剛從美國回來，他說在華爾街工作是一個非常傷自尊的事情
￼甚至聊到他之前去曼哈頓對沖基金面試
面試官問他得過哪些獎，於是他把高中競賽成果娓娓道來
結果對方指著交易室的角落笑：那幾位是國際奧賽數學金牌….
學弟說他當場清醒…
vincentyucw
10/13/25
關於Mentorship Program
長假期間收到幾位申請者的來信詢問進度，這裡先說明一下：
1. 我們預期在本週末（10/19）前決定名單並通知大家。兩週內共收到約80份申請（感謝大家的熱情！）。我已經看完所有履歷與申請文件，但Chris因出差＋市場波動較大，需要多一點時間審閱。最後我們也會共同討論名單，所以請再給我們幾天。
2. 看履歷的過程有些感觸。申請者的背景高度相似——學系、社團、實習、GPA、甚至作品集，都幾乎是同一個模版。有時我翻到下一頁還要再確認名字是不是不同人。
往好的方向想，代表學生越來越積極，也更懂得用專業方式展現自己。但我更希望看到的是，在「術」之外的「道」：那些誠實的好奇心、真實的聲音、未被模板馴化的想法。
Be authentic
複製品就算做工再完美，也缺少那份獨特的味道。
以我的經驗，選 mentee 從來不是在挑最完美的履歷，我更在意的是一個人願不願意誠實探索自己。那些還沒找到自己聲音的人，也請別急，真實往往比技巧更有穿透力。"
貼文159_第1串,"七百萬年薪的話題這幾天又在 Threads 被吵翻
老實說，假設回到20年前我還是窮小子的時候，我一樣沒那麼在意這個數字～
理由很簡單，你把年薪拉到 500、700萬，充其量只是work your ass off for peanuts
通常是用更多的時間、精神、責任去換來的
你能多賺到什麼程度？
更多會議、更多臨時狀況、更多on call、更多家庭時間被切割，還要承受更高的可被取代風險
看你要不要那個代價
我寧可少賺一點，換回可支配時間和身心穩定，這才叫回報
我之前文章講過，人對收入的滿足是遞減的，越往上每多一塊錢帶來的快樂越少，但邊際痛苦（時間、壓力、健康）卻可能越來越大
你以為是年薪 300→500→700 的直線，其實多數人的曲線長這樣：收入往上，痛苦也在非線性加速
算一算「單位時間回報率」和「風險調整後的回報」就知道了
如果同樣是靠時間換錢，年薪700 跟 300 的本質差異沒你想像的大，差的常常只是體力、抗壓，再加一點點運氣，但本質還是看你願不願意把人生更多割讓給公司
（續
/"
貼文159_第2串,"二十幾年前我剛畢業，大家也在吵年薪多少，我才不管這個，並非我是一個easygoing 的人，是因為我很早就想通一件事，只要你的收入模式如果是「用時間換$，每年再來循環一次」
那麼你的智慧是沒辦法隨著工作年齡增長的
我要的東西是長遠的人生成長
短暫薪水給我多少根本不重要，只要確定我不會餓死，我就100%能在這個基礎上發力，暴富就是時間早晚的問題了（沒錯，我是那種在沙漠都有辦法開發出綠洲的生物XD)
你多給我那麼一點薪水要我多賣一點命，我也不會比別人富多少
但我要犧牲更多讓自己成長的時間，這個賽道對我來說是短視的
誰知道10年後、20年後的我，要是選擇正確的賽道，我會不會暴富？我不想太早扼殺自己的路
正如同俗話說，把一個人搞廢，只要給他超越自身價值的薪水就可以了～
你年薪一百、兩百、五百，只要工作型態不變，在我眼裡你們是同一類人，你都在用今天的生命換今天的收入，唯一差別是你們願不願意多犧牲一點，把自己壓得更緊
你本質都在玩別人設計好的遊戲，沒什麼好比較的，你了不起遊戲等級比別人高一點而已
高等人都是不玩別人設計的遊戲的，在裡面沈迷上癮然後比較誰等級比較高，都是很傻逼的事
/"
貼文160_第1串,"我發現有些人的人生戰略是有一些問題的，昨天跟一對新婚夫妻聊天，兩個人都不到30歲，非常年輕
男生是政府公務員，太太也在同單位上班
問我：「現在要不要先買房？或是一邊工作一邊投資？」
我直接跟他們說實話：
先別買房，除非你想終身為他人工作賣命來繳房貸，那你就買房吧
有人會說，公務員好貸款，透過銀行槓桿買房抵押，一樣可以富起來呀
很多人知道這樣可以賺錢，但基因裡「不敢」這樣做…不然他們怎麼會選擇當公務員？
難道一開始就是為了公務員這個身分貸款買房？
如果說是買房自住
我大概了解他們的薪資結構
你買一間一千五百萬的房子，頭期款抓三成四百五十萬，貸一千零五十萬，三十年期，月供四～五萬跑不掉（升息再多個幾千）
再加上兩個人的生活開銷、交通、孝親、保險、之後小孩的托育，月月都在狹縫中求生存
你說再拿一點錢投資？
～講的扎心一點，在本金不夠大的情況下，你再會操作，都只是蠅頭小利
而且大概只會把你的人生脆弱性拉到最高
只要一個環節出問題（升息一碼、其中一人工作出狀況、家裡有人生病）你們現金流一定會出問題！
這個時候你要賣掉你的房子？
還是從股市套現走人？那你要怎麼滾雪球？
（續
/
applemilk_456
買房
10/20/25
很好奇，現在30-40歲這一輩的人對於買房是什麼概念？
小弟32歲，目前收入約80000，想到要買房呢，在台南隨便看一看，透天差不多都快接近2000萬？
如果買的話，父母不幫忙，頭期準備個400，扣掉貸款、儲蓄、保險一些支出，更不用說生小孩了？
這個前提下是還要扣掉很多東西，可能連出國或者國旅稍微玩一下有品質都要很緊繃。
如果住在家裡，跟父母住，或是比較好的選擇嗎？
說真的，我對於台灣的未來是蠻悲觀的，少子化這個問題我覺得就打死一票人了，以後得孩子越來越少，扶養比越來越重，勞健保領的人越來越多，繳的人越來越少，房子那麼貴，上面的人完全沒有想解決嗎？
臺灣也不是吸引外國人來移民的地方，頂多是移工來賺錢之後就走了，台積電去美國的話，是不是那些人口也會移民去美國？
不知道是只有我悲觀，還是像那些房仲說的，房價要谷底反彈了？我實在是看不出人任何在漲的理由了"
貼文160_第2串,"就算你已經有一千萬，假設年化 20%（已經很拚）
一年也就兩百萬毛利，還沒算稅金、失誤、情緒成本
你們兩個下班還要顧家庭、照小孩，哪有那麼多時間每天研究做功課？
把時間丟到錯的遊戲裡，十年一眨眼，在錯誤的人生賽道上複利，你只會搞死自己
所以我給這對夫妻的建議很簡單：先想辦法提升自己的第二專業，然後把自己本金變厚
雖然創業很難，但比投資股市的成功率高
因為創業是創你理解的行業，投資股市像是隔山打牛牛，你未必參與行業經營，所以很多東西會有訊息差￼，你的安全邊際很低
￼
既然股市有太多你不了解的行業
你當然不可能放大你的部位，你也不可能承擔太高的風險或波動，成功率當然不會很高￼
所以說，如果要聊什麼鹹魚翻身大道理、或是什麼財富自由的建議（隨便啦，你要通俗理解也ok
我會說，先培養自己的第二專長→
把時間跟金錢解放出來→慢慢滾雪球做大→至於有沒有辦法財富自由，就看你的時間跟積累了
不過我想，只要你活得夠久，在正確的賽道上努力，那是早晚的事情～￼
反之，要是你的人生收入結構不改變，你投資什麼都不會成功，因為你第一顆雪球沒有累積起來，再怎麼滾都不會大
至於其他的，都是多餘的
/"
貼文161_第1串,"美國政府要解決債務問題….還真不一定要靠撙節開銷這一招，改規則還可能比較快XD
法幣本質就是政府的短債，對政策反應比長天期公債還敏感些～
美國政府簡單一點的做法可以用規則和時間把實質債務稀釋掉
讓名目成長和通膨跑在平均利率前面，購買力慢慢被吃掉，帳面卻看起來穩穩的
你可以把美元想成可以被動手腳的支票，工具箱在財政部＋聯準會手上，利率、流動性都可以被「控制」（這個詞我不知道是否精確，但為了方便理解哈哈）
關於這一點，某位美國的網友第一個直覺是想要持有不動產來抗通膨
但房子本質上請你把它當成「長天期固定息資產」
對利率、稅制、信用擴張都非常敏感
當美國政府要用利率和流動性去達到前面那種解債方法時，不動產不見得是好的保險
還得看現金流與槓桿結構，不能只把注意力放在漲跌"
貼文162_第1串,"/
（市場雖然沒有邏輯，但你不能沒有邏輯）
今年凡是資產組合裡有配到黃金的，基本上都跟到一段行情
四、五月那陣子我在公開貼文就提到，黃金配置邏輯你已經不能用Jeremy Siegel 那一套「黃金長期配置效果很差」的舊觀念去看待
黃金會漲多少？或幾時反應？
這種事我沒辦法預測，因為不重要
我關注的點是方向
我的心態是：「5到10年後我來看這筆配置，我會不會後悔？」
要是風險可控，資金夠的話，我就下去配
當新聞還在吵利率、吵美元指數的時候
你可以去想一個問題：如果這幾年全世界對信用貨幣體系這件事的信心在鬆動，資金會往哪裡跑？
這讓我想到四月中的某一天，某幾個網友還跟我在聊 AI、聊半導體景氣循環，我的重點反而放在貴金屬與美元流動性的簡表
有人打趣：「你又來了，黃金？」
對，必須得是黃金，但不是那種「看到美元跌就買金」的推論
黃金跟美元的相關性時強時弱，基本上是沒有辦法透過「美元↓ →黃金↑」的邏輯去配置黃金的
那你也許會問：「那不就是避險嗎？黃金抗通膨、遇通脹就漲？」
這觀念也是半對半錯
第一，所謂黃金抗通膨？
1980 年以後到 2000 年初這二十年，各位可以發現，美國不是沒有通膨，黃金卻一路陰晴不定、實質報酬很慘
通膨存在，但貨幣體系穩定，美元信用強
市場寧可把錢壓在股債資產，所以金價有抗通膨？根本沒有
第二，所謂黃金避險？
2008 金融危機最亂的幾週，很多人不是買金，而是選擇先砍黃金
因為要補保證金、要還美元部位，黃金短線反而成為提款機
所以你看，一般人認知的常態，在極端情況往往會變成例外，恰好這個例外卻是造成很多人在市場栽跟斗的原因
那今年為什麼又輪到黃金？
你可以觀察身邊各種人，大從央行，小到家裡長輩，無不關注「分散美元信用風險」這回事
比方，企業財務長開會不只看美元活存，會問要不要加點黃金或相關 ETF？
長輩去銀樓買飾金，會順口問有沒有金塊金條？
私人資金不一定一窩蜂跟進，但逢回落多少會承接
對岸央行也常在去美元化的敘事下，趁著金價回落時承接，讓整體走勢跌不太下來
雖然利率與美元指數還是影響金價節奏，但更深層次的驅動邏輯是大家正在給「不依賴任何主權信用」的資產重新定價
綜上所述
你應該關注重點反而是落在「美元的信用風險」本身，而不是「美元的價格」本身
甚至你可以這麼說：美元的價格、通脹、實際利率預期，都是反映在「信用風險」這一個大框架之下
用「信用風險」去推敲，大概不會跑偏
那麼，同樣的道理也套用在白銀身上，白銀也是漲了一波行情
白銀的部分我過去沒有特別提到，畢竟白銀研究的框架跟黃金不一樣
白銀比黃金更工業化一些（跟製造業景氣、能源轉型、電子零件需求綁很緊）
今年某幾段時間甚至出現現貨比期貨更貴的怪象，也就是說倉庫裡能交割的銀不多，市場現貨比較搶手
加上部分 ETF 會長期鎖住現貨，供應一下子卡住，金銀比自然下滑，白銀漲得比黃金更猛就合理
你把這些供需訊號自己體會一下吧，你會發現黃金上漲的邏輯會慢慢從偶然收斂成必然
方向性確定之後，剩下就是你的耐心跟你如何配置你資金的問題了，至於什麼時候發動，這我無法預知～
針對上面的推論
有人會拿出華頓（沃頓）商學院的 Jeremy Siegel 的觀點「黃金長期配置效果很差」進行反駁，這部分我稍微提供我的論點：
首先，我尊重他的研究，但我不照單全收
為什麼？因為每個人的時代與視角不同
他的樣本主要是二戰後美股稱霸的時代
美元信用極強、股權風險溢價極具吸引力
你當然可以得出「長期持股最划算、黃金雞肋」的結論
可問題是，當前這幾年我們面對的是另一種環境：貿易體系重整+政策端財政易鬆難緊+地緣風險與資產可得性的疑慮都在加總
你可以相信美國財政不會垮（我也不認為會垮，別人是否這麼認為？我不知道）
但你也得承認：投資美股這件事，宏觀風險不是靠FED按下去就沒了
到這種時候，單純用 20 世紀的美股經驗，直接推成「黃金長期沒用」，嗯…邏輯上站不住腳
所以，投資沒有一個永遠對的老師，只有你自己的獨立思考最重要！
當然，我的東西你也未必要照單全收
你可以用質疑的視角來看待，但不管怎麼樣，你自己順過一次最重要！
最後，也有人會問：「那是不是只要買金就好？」
我做個分層處理：
短線我看的是節奏感（利率跟美元流動性在踩油門還是踩煞車）
中期就回到供需和市場結構（央行回落有沒有接？現貨跟期貨的基差正不正常？）
長線則看一件事：對法幣體系的信任有沒有在修復？（修復得越穩，黃金的角色就會慢慢退回純配置，反之你就要多給它一點權重）
如果你願意花點時間，從歷史大波段回頭看，你會慢慢抓到那些真正會動到金價的關鍵因子
不只利率，還有央行買盤、地緣事件、ETF 申贖、倫敦/COMEX 的貨源緊不緊等等，資料都找得到，你自己畫畫流程圖跑一遍也行
想省時間的話，我在 TAC 把這些做成一套完整的框架體系，尤其如果你在做資產配置或是交易會漏掉一些check List的話，這一套框架或許幫到你
但我自己的做法，我會稍微調整
我是偏長期主義的人，習慣用五到十年的角度回頭看這筆配置值不值得
我也知道很多朋友需要一點中短期的節奏感
所以我還是會把觀察與框架寫出來給大家參考
至於要不要花時間成本去熬，就看你的資金規模、工作節奏、跟自己的性格
我這邊本金與心臟都還夠，能把時間當朋友，讓複利慢慢發揮
如果你扛不了波動，那就回到自己身上找答案，把中短期的因素當作節奏輔助，別拿來壓身家
當然啦，我也不是在預言五年、十年後美元一定出事，我的意思是「不確定性真實存在，但它不是必然事件，我寧可先佈置一點權重當保險」
就算報酬不驚人、甚至短期有回撤，我也扛得住，因為我把它視為對美元信用體系的某種對沖
五年後的變數太多了，誰也說不準
我用五到十年的視角抓大致上的方向，至於要不要用中短期的節奏做調整，就看你個人～
如果哪一天出現新的比較穩定的國際秩序、主要經濟體的財政紀律重新被市場相信、美元資產的無風險光環恢復，那我也會把黃金配置部位減少～
在那之前，它更像是一種「體系風險對沖」"
貼文163_第1串,"小心以下詐騙
/"
貼文164_第1串,"（你是哪根筋不對？才認為台灣適合小孩發展？）
（你是哪根筋不對？才認為台灣適合小孩發展？）
這一篇有一點點「小戾氣」，也會講到一些「各位可能不喜歡聽的實話」，不喜勿入
延續上週聊澳洲移民，今天又有人私訊我：「會不會考慮讓小孩回台灣念書？之後怎麼規劃？」
老實講，這題我有想過很久
不是我不想回台灣、也不是不想讓小孩回來，我人現在就在台灣，但小孩住在澳洲
比較尷尬的是，岳父岳母在澳洲本地發展，老人家又是新加坡人，要說搬就搬，沒那麼簡單
可如果只談「哪裡適合孩子成長」，我還是要講句可能不中聽的：台灣會比澳洲好！
說到這個，上次有一對台灣背包客小倆口（他們後來在澳洲拿到PR）笑我：
「你是哪根筋不對？才認為台灣適合小孩發展？」
呵呵，老實說都聽到這句話，我心裡很多話想噴，但我一直忍住
今天稍微梳理一下我的想法:
每個人要的生活不一樣
有些人喜歡澳洲的清幽、步調慢、空氣好，這我完全認同
但別把旅遊當背包客看到的景象，當成定居的日常
海外的好，別人一定會一直講給你聽
你住個二十年，再回頭看，滋味就沒那麼簡單
尤其你是一個講制度、講規矩、講衛生的人，你很可能沒有辦法忍受別人對你的「隨性」，尤其有些人的「隨性」會嚴重影響到他人
那麼在這個地方會活得很痛苦的，這是很一體兩面的東西
另外，我最常聽到一個說法：「澳洲（或西方）沒什麼階級，做什麼工作都會被尊重」
呵呵你確定嗎？？
這說出來得罪人，但我還是想講
人到哪裡都有階層分野，只是表達方式不同而已，或是說得更扎心一點：「你待的那個圈層可能不在意階級」
事實就是，你住的區、孩子上的學校 catchment、週末去的社團、朋友聊的話題，無形中就畫出圈層邊界
你在工人階級的圈子談階級，表面大家都不 care，好像很chill，是因為大家已經很忙著對抗生活的壓力，你如果還在那種場域聊階級話題，或仗勢欺人，只會把底層的戾氣逼出來，最後誰都不舒服
簡單講，不要把人家的溫良當成理所當然，更不要誤會成「這裡沒有分層」
分層是有的，只是寫在你看不到的地方
除非你在當地真的混到比較上層的那個生態位
小孩能進資源密度高的學校、社團、人脈網（藝術、運動、學術都有門檻）
不然多數時間，你碰到的同學家長、日常互動，還是落在中產或中下
不是說人家不好，而是當你周邊的知識水平、經濟水平、期待值都差不多，你要在這個環境下成長幾乎是不可能的事情，甚至會被與素質低下的人影響（ 尤其抱著跟你同樣心態「逃離」過來的華人 ，沒錯，你就是要跟他們相處）
你想靠環境把孩子往上推一格，就得靠父母額外投入：時間、錢、眼界、陪跑，樣樣都不能省
以我自己的標準，如果家庭年收入不到一千萬台幣，要在海外擠進資源密度很高的圈層，會比較吃力，現在幾乎是不可能的，你在挑人，別人也在挑你
不信的話，你去問當地政府他們歡迎背包客拿永居還是歡迎投資移民？
澳洲是移民社會，不是難民社會，懂了就懂
（人太勢力？呵呵，是你不懂社會）
世界從來就不是東方一邊、西方一邊，人都一樣，有善意有私心，有制度也有灰色地帶
你愛哪裡，不需要貶低另外一邊來抬高自己
拿掉濾鏡，你會看到台灣的便利、醫療、人情味、教育資源
更何況，你在台灣都活不下去了，你在海外要怎麼活？
反過來，台灣每天滑 Threads、看到政治口水、網路紛亂，你會覺得這地方烏煙瘴氣
但你把手機放下，出去買杯豆漿、騎車到市場，去體會交通便利、去體會人情味、還有我們醫療的可近性，台灣幾乎是完勝的
就看你用什麼濾鏡來看世界
近年看到非常非常多跑到海外的台灣人，一開口就把台灣往死裡踩
認為台灣樣樣不如人，覺得台灣非逃不可、海外一定更香，很多人選擇逃離到澳洲、日本、東南亞
老實說，我對這種「逃難式」心態很不以為然
你如果把自己定位成難民，那你自然會被分配到難民聚集的社群，你心裡面把你當成什麼，你就會成為什麼
你會發現租哪一區、念哪一種學校、周圍的人在想什麼，全部都會跟著那個定位走，你可能永遠也成不了氣候
久了你就會發現，身邊的人不是沒有善意，而是你自身的定位讓你資源稀薄、焦慮感變重，彼此能提供的正向外溢有限，日常摩擦反而變多
然後很多人撐一陣子，發現「身邊的人怎麼都這樣啊？」
於是受不了，又回台灣看病、用健保、休養，甚至乾脆整個人回台灣待著
不是哪個國家不好，是你的心態把你丟進了某個低資源的惡性螺旋上
你用什麼眼光看世界，世界就用什麼姿態回你，這句話一點也不玄，因為他在很多人身上應驗
我不是在喊愛國口號，更不是情緒勒索你一定要愛台灣
你愛不愛台灣那是你家的事，干我什麼事？
我要說的是，沒有任何地方是絕對的好
你如果經濟還沒準備好、能力還沒長起來，卻帶著逃離的心情往外跑
最後多半只是把台灣現成的優勢丟掉，跑到一個你也拿不到資源的地方硬撐著
除非你是「帶資進場」，你有本事在不同國家都能打開另外一扇門、用金錢買到時間、用金錢買到選擇，那是主動者，不是被動漂流
能做到這種層次的人，多半不會去踩自己的國家一腳
因為他們本來就是心態富足的人，不是一個索取者，也不會認為自己過不好是「國家欠你的」
但多數人在原本自己的國家過得不怎麼樣，出了國就在那邊酸這裡落後、那裡先進
呵呵，去了幾個國家就認為自己見識廣大？
井底之蛙永遠只會從一個井跳到另外一個井而已，你只會物理上的水平搬遷，並不會思維上的垂直進步，大概就是這個意思
所以我才說，選擇去哪裡，不用被網路吵鬧帶著走
把心態擺正，先算清楚成本，想清楚你要進的是哪個圈層，再去試住、試學、試社群
能進得去、撐得住、還活得開心，那就去
不然，台灣其實很好，你把手機放下，把thread關掉，不去看政治口水戰，走出去轉兩圈，就知道我在說什麼
這也是為什麼我常說，我寧可在一群很強的人裡面當吊車尾，也不要在一堆素質很差的圈子當老大
你把自己放進牛群，當個牛尾，眼界、討論的基準線、孩子耳濡目染的日常，會逼你長大
反之在雞群當雞首，短期爽、長期沒辦法成長，還會被實力比較弱的雞影響，得不償失
環境這件事，比你想像的還重要
所以我才會更珍惜回台灣這段時間的感受：台灣人是相較其他很多國家講禮貌講規矩的！
你去東南亞看看看就知道了，尤其很多人鼓吹越南泰國多好多好，什麼移居天堂…我猜他們應該搞不清楚狀況
但當你看到半夜還有人在開party，有些人會在公共場所脫鞋子把腳放在椅子，或是大剌剌躺在椅子上
就會知道他們其實是法治跟衛生觀念低落，你跟他們講道理，他們會說「這是文化差異」
後來回頭想想，還是覺得台灣的好
呵呵"
貼文165_第1串,"（第一次創業到底要獨資還是合夥？）
今天一早刷 Threads，有個小兄弟發了一個貼文在問「第一次創業要獨資還是合夥？」
我不知道各位讀者你有沒有親眼看過人在利益面前翻臉的樣子？
如果你看過，你大概知道這篇的答案會是什麼
如果沒看過，請先想像一個場景：
桌上突然放著一筆「大到夠讓你跟最信任的人撕破臉」的錢，合約還沒簽完、款項已經在路上
這一刻，你會怎麼做？
是先談義氣？還是先把規則寫死？
你的底線是什麼？什麼情況你會立刻喊停？
想著想著，腦中跳回以前幾次合夥過的場景，眼淚差點流出來XD
順風時大家都很好說話，都是自己兄弟
但遇到分工、分潤、決策權就開始拉扯
也想起幾次翻車後才看清人性的真面目
（很痛，但教訓很寶貴！）
如果能回到當時，我會告訴自己：
第一次創業，請先小成本，最好用「小額合夥」試水溫！
理由很簡單，創業不只是做事，更是跟人性打交道
先搞定人，才有辦法搞定事
人性本善這一句話，我認為是半對半錯的，端看你是在什麼情況下去討論人性？
如果把「人性本善」當成亙古不變的真理，你就像是一個誤入叢林的小白兔一樣，不知天高地厚
「溫良恭儉讓」的前提是「利益不夠誘人」
當利益大到足以讓人翻臉的時候，還會有溫良恭儉讓這件事嗎？你可以好好反思
人性之複雜，很難公式化去表達
事情的流程可以寫成SOP，但人的變化根本寫不完
只能由你自己親自踩坑、或是別人替你踩坑然後你從他身上學教訓
如果各位讀者你還沒有出社會、或是還沒有見過人性的醜陋，有一個道理最好記在心裡，你會少走很多彎路：
盡量在事業還在小規模就看清楚人性
這時候試錯成本小，你經得起摔倒
等到你獨資做到資本變大、卡到需要合夥的那天
人性一翻臉，你可能連付學費的本錢都不夠，甚至連累親友
這風景我看多了，發生在我自己身上、也發生在我親友身上
順風時人人說自己功勞最大，逆風時人人都有別人該負的責任
簽約前講義氣、簽約後講細節
一到分潤就翻臉不認人
看到這裡你還會高估人性嗎？
那既然如此，怎麼做比較實在？
白紙黑字先寫清楚「誰出多少？誰做什麼？薪水與分紅分開？虧損怎麼扛？賺錢怎麼分？什麼情況可以喊停？」
股權不要一次到位，設個里程碑慢慢歸屬
先寫好分手機制（怎麼回購、怎麼估值、多久結清）
結婚之前先把離婚寫好，大家才敢放心往前衝
談感情不會有真感情，講規則才能維繫感情
你會想說「朋友之間幹嘛這麼講究？」
但我要說的是「就是因為朋友，才要講究！」
你不寫清楚，就是對自己的殘忍！也是對你親人的人的殘忍，因為你的事業可能會連累到他們
總之呢，一紙合約勝過十次喝酒，靠喝酒結拜的事業夥伴，通常不是真夥伴，等到翻臉不認人的時候，最後只剩你一個人躲起來喝悶酒
當然啦，獨資並不是罪，合夥也不是良方
獨資的好處是決策快，壞處是資源有限，盲點容易放大
合夥的好處是互補增幅，壞處是共識成本、溝通成本，尤其信任成本很重
但不管如何，先用小錢「把人摸清楚」，最後才談放大規模，畢竟「好的合夥人可遇不可求！」"
貼文166_第1串,"/
（細說「價值陷阱」，文長，我盡量寫到老少咸宜）
如果你有買過二手車，你可能會碰過這種事
你在二手網站上看到一台歐系進口車，外觀亮晶晶、價格也便宜，車主還強調保養完整、里程保證
結果你真買回家，才知道那顆引擎是吃錢怪獸
零件一換不只貴、還缺料，油耗高、稅金重，一年下來花的錢都可以買一台新車
這種二手車表面上看起來便宜，實際上卻是坑，這就是典型的價值陷阱
永遠記住一件事情：價格低≠划算，重點在後續現金流和風險會不會把你吞噬掉
放到股票市場，有些人對於價值投資撿煙蒂會有一些誤解，導致於常常撿到地雷，這就是所謂的價值陷阱
在這之前呢，我想先對於價值陷阱做個簡單的定義，當然啦，每個人定義不一樣，但為了方便理解，我暫且先把價值陷阱定義成是「那些看起來很便宜，但你其實不該買」的公司，因為基本面在惡化、利潤不可持續，股價越跌反而越貴，不是越跌越便宜！
這讓我想到金融危機時的花旗，從 55 跌到 1塊，很多人越跌越買，結果把一票人一路套住
那為什麼金融危機時的花旗是價值陷阱呢？
這就要借用索羅斯的反身性概念來說明了：
這類金融股的股價會影響基本面
基本面再回頭影響價格
所以造成的反身性循環，就會以下列的方式表示：
股價崩→花旗信用評等被降→融資成本跳升→被迫增資或賣資產→每股淨值被稀釋→市場信心更差→股價再跌，如此循環
短線上，對沖基金還會因為波動變大被動砍倉（VaR/風控拉高，必須減部位），賣壓再把價格往下壓，反身性的效應就會放大
相反的，像可口可樂這種龍頭公司，股價下跌並不會讓超商隔天把它下架，也不會讓供應商抽銀根
因此，可口可樂的反身性相較花旗的例子弱很多，跌價多半只是折現率或情緒波動，通常不會傷筋動骨（更何況可口可樂商業模式簡單，現金流易估算，難怪巴菲特喜歡！）
那麼，哪些行業反身性強？
比如高槓桿、靠外部融資、信用敏感或需要股價當「貨幣」的，比方金融股、營建／房地產開發、重資產的資源類（礦、油運）、高耗資本的新創平台、靠配股並購擴張的公司，這類公司都會有上述的反身性效應
哪些比較不會有反身性？
需求穩定、現金流厚、議價力強的消費必需品、成熟醫療保健、部分公用事業與壟斷性基礎設施（但也要看監管機制與槓桿，這要個案討論，不能套版）
那麼，什麼樣的情況最容易落入價值陷阱？
這裡我劃分成有五種情況，每一種情況我各自會舉幾個生活化的案例，再聊到投資邏輯，方便大家理解
一）第一種價值陷阱：買到快要退場的夕陽產業
就像 DVD 時代的尾聲你去買高階播放器，隔年串流全面起飛，二手價直接崩潰
放到股票，就是被新技術替代的公司
當下看起來本益比很低，很多人會直覺這類公司很便宜，何不撿便宜？
但真相通常是：明後年獲利會一路往下，甚至歸零，這種低本益比多半是陷阱
為了闡述價值陷阱，我稍微幫各位釐清一些基本的觀念：首先「本益比＝股價 ÷ 每股盈餘（EPS）」
但這裡我不知道講本益比的公式怎麼推導，我要講的是裡面的一些觀念
首先，新手可能會有一個疑問：「夕陽產業 EPS 會往下掉，那照理說本益比應該變高才對啊，為什麼你還會說它常常『本益比很低』？」
關鍵在於時間差
市場通常先嗅到產業衰退，股價會先掉下來
但 EPS 要隔幾季才掉得明顯，所以會有lag
結果就是，價格已經往下了、分母 E 還停在舊高，所以當下算出來的本益比看起來偏低，像是便宜貨
等到生意真的轉差、EPS 往下砍，本益比就會自己跳高，股價還會再補跌，就造成的「股價低，實則貴」的現象
也就是說，原本的低本益比只是你拿了還沒消失的舊分母去除，等到時間一到，就會見真章！
如果你還沒有感覺，我用以下幾個數字來說明：
假設今天股價 20、EPS 2，本益比 10 倍，看起來超便宜
一年後產品被取代、毛利下滑，EPS 掉到 1，股價還在 20，本益比瞬間變 20 倍
再一年 EPS 只有 0.5，股價就算還沒跌，本益比也變 40 倍
如果變成虧損（E 變負），本益比直接毫無用武之地，這時再談幾倍根本沒意義
我們用內在價值來看就會很清楚，如果這家公司長期能維持的正常化 EPS其實只有 0.5，給它 10 倍合理倍數，那內在價值大概 5
你在「看起來本益比 10 倍」的那一刻用 20 去買，等於用4 倍內在價值在接刀
表面上低本益比，實際上買得很貴
所以千萬別看到低本益比就買，你要先搞清楚你面對的是哪種低：
一種是好公司被錯殺，E 會回升，這種低本益比多半是真便宜
另一種是夕陽/被替代，E 會一路縮，最後連 E 都不剩，這種低本益比是假便宜
判斷的關鍵不是盯倍率，重點應該放在「這家公司的 E，三到五年後大致往上，還是一路往下？」
如果是後者，市場現在把價格先打低，只是還沒反映到分母上，這並不代表你撿到寶
回到 DVD 的例子就很好懂
末期的財報常常漂亮，當下本益比也低，但真正該看的，是大家已經不買光碟了
E 後面會一直縮，低倍數只是分母在消失，不是你用便宜價買到會持續生現金的機器
講白一點，那不是真便宜，是把錢塞進一台很快就不再吐現金的老機器而已
二）第二種價值陷阱，就是有些賽道天生講密度與規模，有些小公司便宜，但在大公司旁邊，它未必是好貨
有些產業「人越多、單位成本越低、體驗越好、資料數據越準，差距就越拉越開」最後會變成強者更強／贏者通吃
為什麼？
第一是規模經濟（倉配、客服、研發、行銷攤薄得快）
第二是網路效應（買家多→賣家就想進來→選擇更多→買家更黏，支付、社群、外送、叫車都一樣）
第三是轉換成本（你的支付習慣、好友關係、商家後台與API都綁著）
第四是資本與品牌（龍頭融資更便宜、信任更高，能撐長期價格戰）
所以在電商、第三方支付、外送／叫車、雲端這些密度越高越好的賽道裡，龍頭通常會越做越大，小公司就算看起來便宜，常常只是假象
因為你單位經濟比不過人、導流又導不贏、留存也幾乎做不起來，市佔被年年受到擠壓，現金流會越走越薄，最後變成你口中的價值陷阱
除非你能指出一個結構性變局（例如監管拆解平台優勢、技術路線突然換道、切出一塊被龍頭忽略的利基市場、或用全新商業模型把獲客成本打到對手無法跟進）不然在這類賽道去撿便宜貨，勝率通常不高
反過來思考，會通吃的賽道就盯住龍頭就好，因為它的規模與網路效應本來就是決勝因子
三）第三種價值陷阱：重資產的夕陽行業
一間開在偏一點地段的老店，租約還綁好幾年，裝潢貸款還沒付清，員工也不能說裁就裁
客人變少了，但這些固定成本每個月都得扛，結果只能一路打折、送券、拼量來撐
價格一降，毛利更薄，為了省錢開始少做維修、延後換設備，店越做越舊、服務品質越來越難維持，回頭客自然再往下掉
這類夕陽產業需求已經不太增長（甚至在下滑），但產能退不掉，固定成本又重，最後大家只好用價格戰互相消耗
這類產業之所以是價值陷阱，在於「長期投資報酬率撐不過資金成本」
說白一點，你丟進去的錢，賺回來的不夠支付房租、設備折舊、維修、利息，還要顧門市與人事
於是乎，這類公司財報上常會看到兩個假象：
第一，低本益比，看起來很便宜
第二，高殖利率，看起來很大方
可是呢，它之所以便宜，是因為市場已經在對未來衰退定價
它之所以高殖利率，是因為公司暫時縮了資本支出，先把現金配給你，但設備總要換、管線總要修，該還的遲早要還，等到真的要重投資，現金流一下就塌了
像是傳統印刷與報業，客戶往數位走，印量年年縮，但輪轉機、廠房、維護人員都不是說退就退
為了留單只好降價印，結果是越印越薄
區域型有線電視，訂戶被串流服務一點一點吸走，家家戶戶的線路、機房維護照樣要花，收入卻年年縮水，最後靠促銷撐戶數，毛利被吃掉
另外就是一些老牌百貨已經不在主要商圈，來客數一旦下來、空租率升高，就得靠降租或自辦活動補流量，但是通常一去不復返，而且還要面對裝修與空調系統的維護開銷（比方台灣南部有一些百貨公司逐漸退場，即是此例）
線下補教業者也是，招生遭到線上課程分流，校舍租約與講師成本一樣是固定開銷，短期砍促銷或許還可以撐一下，但長期還是得面對客源減少的事實
這類案例不勝枚舉，像是能源轉型之下，部分油服設備供應鏈或老舊燃煤電廠也有類似的毛病，長約只要一解約、資本開支一收縮，那麼訂單與稼動率的下滑必是趨勢，不是景氣冷熱而已
把前面老店的案例跟投資邏輯串連起來，就是這個邏輯：
需求不長→產能退不掉→價格戰→毛利摺、折舊與維修吃掉現金→看起來便宜、配息高→下一輪要重投資時現金流轉弱→股價再下台階
你如果只看「低本益比＋高殖利率」，很容易被這個時間差騙到，誤以為便宜就是安全
實際上是把錢放進一台需要不斷補血、還看不到轉機的機器
真正要避免踩這種雷，關鍵不是去算有多便宜，你反而要先問三件事：
這個需求還能撐多久？產能退得掉嗎？
公司每投一塊錢，長期能賺回超過資金成本嗎？
如果三個問號都答不出肯定句，那麼答案很明顯了，不需多言
四）第四種價值陷阱
假設你半夜路過一家店，剛好看到它排隊排到巷口
你如果只看這一刻，就以為它天天這麼旺
結果隔天中午再去現場，發現空空如也
這個誤判的現象，放到股市就是對應到「周期股在高峰那一刻」，很多人會認為這一類股票可以一直旺下去，認為動能投資可以持續下去，結果常常買在高點～
航運股就是此例
報價衝高、訂單塞滿、公司賺到滿出來，當期 EPS 衝的很高，所以用「價格÷EPS」算出來的本益比看起來只有三五倍，好像超便宜
問題是那個 EPS 是不正常的高峰
等景氣往下、報價掉回常態，EPS 少一半甚至轉虧，即使股價還沒動，本益比也會自己從 5 倍變 10、20 倍，看起來忽然變貴
不是公司被誰陷害或出了什麼問題，是你根本拿錯了時間點在估價
就前幾年航海王的案例說明
航運遇到景氣旺、塞港、運價大漲，船公司那一年現金流爆發、EPS 飆升，市場一看 P/E 只有 4、5 倍就喊便宜
但航運有一個天然的延遲，看到好景大家趕快下單造船，12–24 個月後新船交付，供給一口氣上來，塞港緩解、運價回落，EPS 跟著縮水
面板也一樣，報價很熱、擴產跟進、出貨大增
結果產能一打開、庫存回來，價格跟著掉，獲利也跟著掉，週期就結束了
你看到的榮景，其實只是剛好遇到高峰那一刻
那投資上要怎麼防雷？
邏輯順序是這樣的：
先看需求是不是還在往上？還是只是被動補庫存？
→再看供給的管道
例如航運就看手上訂造的船占整體船隊的比例、交船時程，面板就看各家擴產與稼動率，有沒有停線或檢修
價格則看即期價跟長約價的關係，一旦即期價連續走弱、長約開始被重談，通常代表旺季在退燒
最後才回頭談估值，用本益比時不要拿高峰 EPS，可以改用循環中位或幾年平均的 EPS 來估（或乾脆用市淨率看資產底、用市銷率看規模，會比只盯單季 EPS 安全得多）
所以所謂周期股的便宜，通常要等在低檔找
尤其等去庫存去得差不多了、報價也回穩、企業停止擴產甚至關舊線，供需出清了
這時候的低本益比或低市淨率才比較有含金量
反過來，在新聞滿天飛、人人都說缺貨的高檔，看到三五倍本益比就搶，九成是搶在高點，能不賠錢嗎？你心裡有數
五）第五種：會計誠信出問題
這不只出現在所謂的價值股，高估值的成長股更常見
至於哪種情況下，公司會有動機去動手腳？
比方說承諾給市場的增長做不到、股權激勵需要股價、債務條款卡著某些比率、快要上市或剛上市需要漂亮數字
常見手法不外乎以下三類
把收入往前拉（提早認列、找關係人對打單）
把成本往後推（該費用化的拿去資本化、一次性名目亂用）
把負債藏起來（表外工具、保證/回購沒講清）
財報造假的經典案例是安隆，對岸近年也出過瑞幸咖啡財報造假、金流平台黑洞等
但說到瑞幸那個案子，很多人心裡都有個疑問
都已經爆出財報造假了，為什麼後來股價還能往上？
究竟是商業模式真的被市場重新買單？還是有別的力量在推？
這裡就提到一個例外了，順道來聊聊我自己面對財報造假這種事的操作原則
先說瑞幸之所以造假後股價還能漲，不是因為市場認為造假沒關係，其實有一些更深層次的因素：
第一，公司有認真把過去的法律和財務爛賬一次處理到位，把投資人擔憂的不確定性給一次解決
第二，公司有做到治理換血，涉案的人事退場、董事會和審計體系重組，把信任漏洞做修復
第三，有拿出營運數字出來證明公司的盈利能力
由於單店經濟學可驗證、現金流夠厚、產品也有持續出爆款、開店速度和關店率能對上，所以連續好幾季都在改善
第四，交易層面也有催化劑，比方退市後流動性變薄、空頭回補、新資金搶故事，波動被放大等等
這四個條件拼起來，市場才願意重新給倍數
一言以蔽之就是「不確定性下降＋現金流可信」
當然啦，我還是要把我的原則講清楚
遇到財報造假，一律就是先砍
理由很簡單，你不知道後面的坑多大
反身性一旦發生了，後果會不堪設想，比方客戶、供應商、銀行都會縮手，股價跌勢反過來傷到基本面，況且監管與訴訟的流程可能會拖很長，估值折價會黏很久
所以遇到這種情況，我一律先把風險降下來，先讓子彈飛一會兒，再伺機行動，你不需要在熵增無序的環境下博弈，哪怕這個時候盈虧比特別好
你可能會問：那為什麼我們老是會踩坑？其實很大一塊是人性
行為金融最常見的是線性外推，這是人性最大的毛病，那什麼是線性外推？我舉個案例說明：
假設去年公司的報表口徑（會計準則）EPS 原本是 0.70，但年底一次性認列了 0.20 的減值，最後呈現在年報上的 EPS 變成 0.50（基期被壓低）
今年公司的報表口徑EPS 是 0.75，但管理層對外溝通時用調整口徑（把 0.05 的股權激勵等費用加回），對外說成 0.80
於是這樣加加減減下來，投資簡報上的增長就變成「0.50 → 0.80，成長 +60%！」
可是如果你用可比口徑去看（報表對報表、或調整對調整），其實是 0.70 → 0.75，真正只有 +7%
這裡的手法就是「去年用壓低後的數字當基期、今年用調高後的數字當結果，增長自然被放大」
接下來，人性就上場了！
第一步，賣方與媒體把+60%當主敘事，讀者腦中只剩「這家公司在加速增長」
人會自己去腦補自己願意相信的東西，並且拿出更多自己相信的故事案例去為自己的論點佐證，這一點我非常肯定～（哪一次不是這樣呢？XD)
第二步，市場把這個 +60% 當成新常態來外推
今年 +60%，那明年保守 +40%、後年 +30% 應該也有吧？
殊不知你所謂的保守估計根本不保守，你根據的事實是錯的，你得到的結論就是錯的！！於是估值模型裡的成長假設（g）被一路拉高
第三步，估值開始兩頭一起美化
一方面把 g 拉高、另一方面把風險想得更低（折現率 r 往下），本益比自然上去
原本 15 倍的公司，故事一熱可能被追到 25～30 倍
第四步，面對現實XD
下一季基期正常化、一次性調整不再、或拉貨還原，增長掉到 +10% 左右
這時候市場發現前面是「錯口徑＋錯基期」，估值反身修正，先砍倍數、再砍預期，股價就容易兩段式下台階
除了上述陷阱之外，錨定偏誤也很要命
很多人會犯一個老毛病：「股價腰斬就以為便宜」
一旦投資者更常見的是把「自己的買進成本」當錨，認為價格跌到你買進成本之下就是「便宜」，價格噴發你的買進成本之上就是「昂貴」
結果你就暴露了一個大問題，你時常要在股價跟你的心理成本之間的波動周旋
你根據的是情緒來處理你的部位，而不是根據事實
所以你常常會面臨「拿不住、賣太早、捨不得砍」的大問題
但殊不知這不是你的情緒在作祟，很多人這個時候會跑去修行打坐冥想，但這都沒幫助
問題在於你根本不懂所謂的便宜跟貴的邏輯
市場不在乎你的成本，它只管產業結構、資金流向、利率與公司現金流
很多人把停損設在進場成本附近，結果常常被來回掃到斷手，既吃不到獲利，又累積交易壓力
對停損比較健康的方法是：
1）用「假說會錯的條件」當停損
例如：毛利率跌破同業＋兩季連續流失市占→代表競爭格局變了
2）用風險預算而非成本線當界線
單檔最大可承受虧損 X%，觸發就降槓桿／降部位
3）對周期股，停損常常應該是「價格指標／產能投入」出現拐點，而不是 K 線跌破你成本
4）那什麼時候可以死扛？
只在「基本面短期受壓+但長期護城河未受損+且資產負債表安全+不會受到反身性影響」時才值得扛（尤其反身性的部分很多人沒考慮考慮到～）
反之，護城河破洞＋槓桿高，扛通常只是拖更久
（當然，我不鼓勵新手死扛，尤其有些兄台認知水平過低又缺乏耐心，死扛只會折磨自己而已）
除了上面估值陷阱之外，我們常常把過於昂貴企業當便宜貨買
（反過來看，市場常把小組賽第一名當總冠軍來定價；新進入者只要短期跑很快，就先給一個冠軍估值）
這種敘事溢價偶爾能靠動能賺到快錢，但一旦增長速度回歸常態或競爭者反擊，估值從天上掉回地面，跌得也快（這可以參考我前天的文章！但為了篇幅的完整性，我還是把它補充進來）
那怎麼避免踩雷？
第一，看利潤的可持續性，不是看單一指標的便宜
（被技術替代、產業結構惡化、或在景氣高點的利潤，本質都不耐久，容易是價值陷阱）
第二，看產業格局會不會頭部化
（如果是強者更強的賽道，別硬撿小而便宜的票，除非你有清楚的變局假說）
第三，看公司有沒有第二成長曲線與平台化能力
（如果沒有第二曲線，今天的便宜可能只是成長停滯、現金牛即將榨乾；反之，有第二曲線，就算短線不便宜，你知道它的價值還在長）
我舉幾個第二曲線+平台化的例子：
微軟從 Windows/Office 走到 Azure
亞馬遜從電商走到 AWS
NVIDIA 從遊戲 GPU 走到資料中心 AI
台積電從 PC／手機一路疊到 HPC/AI
散熱廠從 NB 散熱擴到伺服器／AI 應用
所謂平台化，就是舊的能力（研發、供應鏈、渠道、資料、生態）能複用到新市場，邊際成本下降、邊際效益上升
第四，看宏觀周期的位置，特別是周期股
低本益比可能只是高峰利潤的錯覺
這時候用市淨率、市銷率、替代成本、庫存與價格指標來做 cross-check，比只盯 EPS 安全
第五，對共識擁擠的地方多一分警惕
當資金都擠到同一側，邊際買盤已經不多
反倒是沒人關注、但現金流可持續、資產負債表乾淨的公司，常常更有風險報酬比
還有一種常見的誤區：
政策護城河看起來很深，但等補貼退潮、需求沒跟上，就露出重資產、分散競爭的本來面目，利潤守不住
給各位一個思考：
真正偉大的公司多半是競爭中爬出來的，不是補貼扶持出來的
政策過度補貼反而讓太多公司一擁而上，進來的門檻變低了，結果是百家爭鳴、更多同質化內卷，把利潤給卷沒了
太多光伏、風電、面板、LED、部分新能源車鏈，在補貼退坡或海外政策一轉彎，就出現價格戰與出清
當然啦，政策補貼本質上是一種對系統的熵增
你要在這個環境下挑出未來的龍頭實屬不易
而且在這種大家搶補貼、拼產能的大環境下，大家沒有時間打磨產品品質與商業模式
等補貼退場，整個產業反而更脆弱了～
說到這裡，你可能擔心：
那是不是只能買龍頭、只能買貴的？
其實不用走到極端，我們分4種情況來討論
1）貴但不一定壞：
在產業爆發初期，領先者拿到大盤蛋糕、第二曲線清楚，估值高不一定錯
像雲端剛起飛時的微軟／亞馬遜、剛吃到市場份額的騰訊、AI 資本開支啟動時的 GPU 供應鏈
貴歸貴，但現金流與競爭地位一路向上，三年後回頭看仍划算！
2）便宜也不一定爛：
市場恐慌或短期誤解時，優質公司也會被錯殺
台股就看過景氣下行時，某些現金流穩、負債低、手上訂單能見度高的公司，本益比掉到長期低檔，等景氣回溫與新應用（比如 HPC/AI、車用）上來，估值與獲利雙修
（巴菲特長期持有的公司也常出現在這種被市場短暫忽略的區間）
3）貴但很危險：
故事很滿、估值靠想像（例如高達數十倍的 PS）
只要增長略微不如預期，估值一掉下來，跌幅很可怕，2021 年一堆這類鬼故事你我都見識過
4）便宜但真的是坑：
周期高峰與夕陽產業的低本益比、或技術被替代後的殘值交易，看似便宜，其實是基本面往下的惡性螺旋
那你可能會問：「美股這麼有效率，錯價照理來說應該很少才對呀，為什麼還會有便宜貨？」
首先，有效率不代表完美
資金規模與考核週期，會逼專業投資人去追共識與短期績效
被動資金與量化因子也會把資金往同一側推
還有監管、訴訟、國別風險、ESG 框架等非基本面因素，都會造成臨時性錯價
更關鍵的是限制套利，就算你看出便宜，如果錯價在短期擴大，你也可能撐不住（基金贖回、風控壓力）
所以我們的切入點，應該放在「可持續的現金流＋不對稱的風險報酬」，而不是無腦找低本益比
最後，如果你上面文章全部都看不懂，這個你記住下幾個判斷重點就好：
1）先問「這家公司三年後仍有定價權嗎？毛利率與現金轉換率會不會維持？」
2）再問「如果股價腰斬，它會不會因為反身性出事？（抽銀根、被迫增資、客戶信心崩）」
3）看第二曲線是不是能用既有能力去打新市場，而不是完全換跑道重新投胎
4）產業是不是在去庫存末端或擴張前期？（周期股）
5）財報三件事：毛利率／營運現金流／應收與存貨的變化，有沒有跟敘事對得上
一句話記住以上的重點：
價值陷阱的本質是「盈利不可持續」！
價值陷阱的本質是「盈利不可持續」！
價值陷阱的本質是「盈利不可持續」！
（很重要，所以說三遍～XD
把以上文章看懂，然後刻意練習
把注意力從「表面便宜」移到「利潤與優勢的持久性」
從「新聞聲量」移到「產業結構與第二曲線」
再把反身性與人性偏誤放進風控裡
你就會少踩坑，多拿到真正划算的價格"
貼文167_第1串,"各位一定要小心詐騙！這是仿冒的
/"
貼文168_第1串,"(既然我某種程度上也是在經營自媒體，那就聊聊自媒體的一些經營體悟吧)
首先呢，我不太信坊間那套自媒體流量學
（就是教人家怎麼做流量，怎麼行銷引流…）
我以前小編會建議我做一下行銷包裝
但我認為所謂的招式、包裝、模板，都是「術」的層面，如果「道」 沒有掌握住，那麼這些「術」都是毫無用武之地
所謂的「道」是什麼？
道=（真誠分享+提供價值+穩定輸出+持續迭代）然後N次方
簡單的事重複做，做到變成肌肉記憶
至於心態層面呢？
寫作思考對我來說比較像修行
每天把腦中那點觀察磨成一段話，能說清楚就先說清楚，說不清楚就回去想清楚，重新琢磨再表達，沒什麼花招
久了之後你會發現，寫文其實在修煉自己的邏輯、耐心、跟對人的尊重
你把讀者當誠摯的朋友，文章自然長得人見人愛
你把讀者當流量的犧牲品，文章就會走樣，內容空洞，自己看了也噁心
那有人會好奇，為什麼我選擇經營長文？
不是說現在社會注意力短缺嗎？
長文還有市場嗎？長文會有流量嗎？
首先，長文流量相對是比較差的！這是真的
但是這個時候你就要去取捨
你究竟是要把觀點表達清楚？
還是你單純要的是流量？
有些東西適合用短文，有些東西不適合
能簡單表達的內容我當然用短文
但大多數我想表達的概念都不會太簡單
所以我選擇長文～
長文也未必沒有流量，就看你放多少心思在裡面，有沒有流量就看市場的接受度了，但這個東西不是你能控制的
每一篇長文都像是我自己的小孩一樣
先讓他長骨頭（核心觀點），再長肌肉（例子與數字），最後換上乾淨衣服（語句簡化）
觀點打磨到一個程度，才放心交到你手上
當然啦，炒短線譁眾取寵也是一種路線
但代價是你會吸引到你不想吸引到的人
所以長文某種程度上也是一種過濾手段
畢竟有些沒耐心的讀者本來就不是我的目標受眾，吸引到錯誤的人就只會增加你我的溝通成本而已
所以這也是為什麼我要寫長文去「篩選」我的讀者
（沒錯XD，你們在篩選我文章的同時，我也在篩選各位！跟大多數的人觀點不一樣的是，我認為每個作者都有權決定自己的讀者是誰，因為這會影響到我輸出的品質好壞與否）
不管你現在是否像我一樣正在經營自媒體，我分享幾個我平常在用的撰文小技巧給各位～
第一，先寫給一個具體的人看，像在跟朋友聊天，語氣自然就對了
第二，寫完先放著，幾個小時再回看，這很重要，也許你一開始在撰寫的時候帶有很強烈的個人情緒，導致於邏輯沒有這麼通順，所以我會等情緒退散，邏輯自然會跑出來，這時候再來修改
你會發現你原本的文章會有很多漏洞或是不通暢的地方，此時去修改文章的時機最棒
第三，把不必要的句子刪掉，把空話換成一個真實案例或一個小數字
讀者是來拿走能用的東西，能替讀者省時間就盡量省時間
第四，每一段都留一個「可以被畫線」的重點句，滑過去也抓得到重心
第五，標題正常就好，不用譁眾取寵
內容扎實，推播自然會把你推到該去的地方
第六，留言能回就回，不能回也不勉強～未必需要在陌生帳號底下留言裝熟博取關注（別人未必認識你，留言也未必能增加良性互動，甚至造成他人反感）
我的寫作哲學
別把寫作當排泄…
你自己都不想看的東西，別丟給別人看，別去噁心別人
把文章當小孩，把讀者當朋友，慢慢養、好好養，該對自己嚴格就嚴格，該對讀者溫柔就溫柔
至於其他什麼經營自媒體花招XD
我倒覺得不如把時間放在自我修煉上"
貼文169_第1串,"（千萬別在你看不起的人底下做事，哪怕薪資待遇再好）
十幾年前還在賣方工作的時候，研究部茶水間常聽到有同事抱怨：「那個 Head 太雷了，會議上只會甩鍋，我不想在他底下做事」
我通常會問他：「那你為什麼不走？」
對方就會說：「沒辦法啦，年終快到了、公司品牌也不錯…」
我就笑了：「兄弟你有兩條腿，真要走，今天就能走，你都能在這種地方活得下來，去更好的公司還會活不下來？」
問題不是能不能走，是你敢不敢選擇～
在賣方生態，KPI 寫得很清楚
研究端看客戶投票、交易分潤、法說資源與產出品質
投行端看 League Table、Fee Pool、Mandate 命中率
這些都是制度，但你真正會變成什麼人，取決於你跟誰學、替誰打仗、每天被誰影響
查理蒙格講過三條職場鐵律：
別賣你自己都不會買的東西；別替你不敬佩的人工作；別和你不喜歡的人共事
說穿了，選老闆就是在選你三年後的樣子，薪水只是短期的考量點而已
我看過太多「薪水很香但內部死氣沉沉」的工作環境
比方賣方客戶要的是長期顧問，團隊卻只盯著年內排名Pitchbook 做到天荒地老，真正該做的 idea incubation 卻被擠到下班後
Junior 被教育的是「不要問為什麼，先把表填滿」
這種地方，在我看來，你很難學會真正的專業，很多都是錯誤的價值排序
你如果在這個地方待了10年，你不會因此有10年的工作經驗
比較像是用一年的工作經驗重複10年，基本上沒有辦法把你的工作智慧複利成長
你會複利到錯誤的東西上，像是你對這個體系的抱怨還有職場的murmur、職場八卦
這種複利對個人成長毫無幫助，頂多拿來跟晚輩吹牛說你在XX體系幹了十年，倚老賣老，這種對話內容相當空洞，也很難聊出有比較深入的見解
短期你也許拿到大包年終，長期你會把價值觀養壞，最後用壞掉的判斷標準去選下一份工作、下一個客戶，整條路就歪了
倒過來想（蒙格最愛的「反過來想」）：
如果你今天就決定只跟值得敬佩的人做事，會發生什麼？
第一，你會自動遠離那些只會在會議室大聲、遇事往下丟的人
第二，你會更快進到手把手教你看產業、看交易、看風險的圈子
第三，你會發現平台的能量是會相乘複利的
最極端的例子大家都知道，如果當年某些人只是為了一份高薪而留在舒適圈，他的人生就不會有後來那種「降薪加入創業者、一起把平台做大」的劇本
選對人、選對平台，回報常常不是「多拿一點 Bonus」，你的劇本會改寫為「參與一個複利很長的故事」
昨天文章還提到的「別把小組賽的結果當成最後終局，別忘了你還有錦標賽」
市場如此，職涯亦然
很多人預賽跑兩圈就自我感動，以為拿到部門小獎就是封王
但變數永遠比你想的還多，真正分勝負的，是你長期站在誰的旁邊？每天被誰影響？
那回到文章的主題，怎麼判斷這個人／這個團隊，值不值得你把青春押上去？？
我自己的經驗是這樣子：
1）看他做決策時的重心、還有邏輯，究竟是為了客戶的長期結果，還是為了本季排名（用同樣的標準，你也可以拿來篩選公司的K P I考核是否合理？）
2）看他怎麼分功與過，功勞往團隊推、責任往自己扛，還是反過來？
3）看他怎麼投資 Junior，只把你當工具人？還是願意把產業與方法傾囊相授？
4）看他如何看待合規與風險？把你推去摸紅線？還是寧可慢一點也不讓你踩雷？
這些東西，兩個月就看得出端倪了
既然看懂了，就要敢選擇
你在一個人底下工作三個月，學到的是技能
你在一個人底下工作三年，學到的是價值觀
薪水是短期最容易被高估的變數，文化是長期最容易被低估的變數
公司品牌也許很誘人，但品牌背後若是內卷、甩鍋、唯票是問，那塊牌子只會把你腦子鈍化，我自己是過來人
（反之，真正好的平台，從不怕你變強，因為他們相信正和遊戲）
最後，還是借蒙格那句老話收尾
最快得到你想要的辦法，就是先「配得上」你想要的東西
而配得上的第一步，就是別把時間賣給你不敬佩的人
職涯這趟賽道很長，別在一個你看不起的人底下，賣掉你最昂貴的東西（你的青春、你的價值觀、你的未來成長複利）"
貼文170_第1串,"（用估值的角度來聊聊過度自信）
先從賽馬說起
很多人看到某匹馬在小組賽拿冠軍，就以為它最後一定封王，於是押了過重的注
問題是，預賽終究只是預賽，後面還有彎道、換場地、體能起伏、騎術調整，甚至會殺出黑馬，所以真正分勝負常常在後段
你在小組賽就給那匹馬「冠軍估值」，只要它後面速度略低於預期，行情就會被證偽，價格立刻往回修正
股市其實一樣
用折現的邏輯看，估值≈未來現金流的加總除以折現率，寫成一句：P＝Σ CFₜ / (1+r)ᵗ
CFₜ背後包含了成長率 g 的想像，r 則包含無風險利率與風險溢酬
當情緒嗨到不行時，市場常同時做兩件不理性的事：
第一，把很久以後的成長想得太滿，於是把未來的 CF 想像得很大
第二，把 r 想得太低，不管是因為利率在低檔，還是風險溢酬被壓縮，結果就是那一坨遠期的現金流被放到超大，好像現在就要兌現一樣
可是一旦現金流長不出來（成長沒那麼快），或 r 反手上升（利率走高、風險偏好降溫），估值就會連環修正
久期越長、故事越遠的資產，對 r 的敏感度越高，拉回也越痛
這就是為什麼很多人把「小組賽第一名」直接當「總冠軍」來定價，後面只要不合預期，回檔都特別難受
這個道理放到投資的決策上就是：
在百家爭鳴的時候，先別急著押誰一定是最後的龍頭
等到進入真正的錦標賽階段，競爭更殘酷、集中度往上，龍頭開始打出扎實的現金流，甚至跑出第二曲線，再上車也不遲
所謂第二曲線，就是把既有的核心能力升維＋外溢到新的產品或市場，讓公司在另一條 S 曲線上再起飛，常見像是產品服務化、雲化、平台化，或者用資料、演算法、渠道優勢去打新戰場
跨過去之後，公司的天花板會被打開，議價能力也會提升（接近訂價權，但不代表永遠有絕對的訂價主導權，這種東西一樣要與時俱進，不是一勞永逸的）
最後龍頭之間比的，是能不能找到這條第二曲線，或把舊的核心能力變成系統化、可複用的平台能力
如果過度自信、押得太早，要嘛押錯標的，要嘛常常賠在預期修正
等廝殺結果比較明朗、不確定收斂，再投入其實不晚
不要被「一定要超前部署才賺得到大錢」這句話綁住
回頭看網路泡沫以前，名單漂亮的公司很多，真正活過競爭的只剩少數，但這些少數後來一樣走出長牛
投資上，抓對勝出者的時間不一定要最早，很多時候是等賽道清退到一個段落、勝負輪廓出來了，再跟上也能拿到可觀的報酬，因為那時候不確定已經變成比較可控的風險
再回到賽馬那個例子
A、B、C 三匹馬同場起跑
A 起步最快、聲量最大，前幾回合媒體和資金都追捧 A，估值被一路抬高，高到好像把冠軍獎金先發給它了
過沒多久，B 換打法，不跟 A 拼速度，改變路線與節奏，看起來像降維打擊，本質卻是「技術＋商業模式升維」
C 的起步不亮眼，但在尾段漁翁得利，接連撿到對手的失誤，慢慢被注意
當 A 的增長數字放慢、故事不再往上加碼時，市場才發現「冠軍估值」撐不住，價格回修，押錯的人此時最痛
這種戲碼，在電商、新能源車等產業都演過，誰起跑快根本不重要，重點是誰能「持續」把現金流與競爭力跑出來
對投資新手最容易踩的坑，就是過度自信，覺得非得在百家爭鳴時就挑出未來的老大
但這裡面的變數很多，產業規則、打法調整、監管環境、資金成本，都可能改變賽局
能在很早期就辨識出偉大公司的投資人本來就少，而且即便辨識對了，路上也得撐過估值與預期的反覆擺盪
投資回報拆開來看，主要就兩塊：
企業利潤真的長大（內生現金流）＋市場給你的倍數上調（重估）
第二塊通常一次性、難以持久，也比較不可控
第一塊才是長期、可持續、可以被經營層與商業模式真正驅動的部分
而當估值走到極端、共識過度擁擠，市場最一致的時候往往最危險，因為均值回歸終究會把價格拉回常態
至於什麼時候可以等？得看幾個重點：
賽道是否還在清退吊車尾的選手（退出速度大於份額擴張）？
行業集中度是否持續提升？
龍頭之間是否開始互相滲透彼此的腹地？
用戶價值與單客貢獻是否還在放大？
在資本擁擠、大家在卷價格戰的時候，你根本不知道誰會倒，這種內卷（同業彼此消耗）的階段，利潤本來就難看，你在這時候進場，等於把自己暴露在高不確定之中
等到清退完成、秩序恢復、勝負較明確，再評估勝率，通常更高，也不用替過高的估值買單
這個方法論，放在不同國家的行業輪動、以及近年極端分化後的糾偏上，其實邏輯都一致
為什麼我偏愛低估值，而不是動不動幾十倍本益比的高成長？
因為估值其實就是期待分數，一開始被捧得太高，只要財報略低於預期就會被修
反過來，冷門低估的標的，大家本來沒抱太大期待，只要超一點點預期，價格的彈性反而更大
所以真正危險的是「高估值＋高預期＋增長放緩」的組合
比較有性價比的，是「低估值＋低預期＋基本面在改善」
至於市值大小不是關鍵，關鍵是定價權與護城河
如果一家大市值公司在行業裡持續拿份額、具備穩定的議價能力與成本/網路效應的護城河，它的體量並不會妨礙長期空間
（這邊做個小註記：
「低估值＋低預期＋基本面在改善」不是單純撿煙蒂，重點是預期差
當市場對它的看法過度保守，而實際營運逐季改善，這個「差」就是你的安全邊際與上行空間）
最後補充一下宏觀傳導邏輯
這跟前面講的折現率 r 是同一件事
利率影響估值，有兩條線：
一條是算術層面，長天期公債殖利率等無風險利率進到 r 裡面，r 下降，給定同一組 CF，折現回來的現值就變大，估值上去（r 上升反之）
高成長、長久期資產對 r 的敏感度特別高，所以行情更劇烈
另一條是行為與流動性層面，寬鬆時資金成本低、風險偏好高，市場願意用更高的倍數去買更遠的故事
一旦政策轉向、通膨抬頭或全球長端利率上行，估值壓縮的速度常常比基本面惡化還快，這就是你看到數字還行、但股價卻先跌的原因
說到底，投資要上手，等比賽跑到後段、變數收斂，再把資金放上去，勝率與風險報酬比往往更好
（這是分享我個人心得方法論，非投資建議，重點在於把節奏跟預期管理好）"
貼文171_第1串,"這則長榮空服員過勞離世的新聞，說真的看了很難過
很多事其實可以更早補救的
在別人底下做事，心裡一定要有一條很清楚的底線：有些東西賠不起
薪水少一點頂多不爽，但健康、青春、時間—這三樣一旦流失就回不來
領固定薪水，天花板就擺在那
可你扛的成本（健康、青春、時間）卻是最貴、最不可逆的那幾樣
同樣的薪水，換工作有一堆選擇
但身體跟人生壞了就沒得換
高壓工作本質上很像在賣深度價內選擇權、做空波動率
平常風平浪靜時收益不錯
但黑天鵝一來，可能會把全部賺的賠回去
￼
當身體亮紅燈時，你腦中第一個念頭往往不是「我還好嗎」，你擔憂的可能是「航班還沒飛完、公司規定要照走、在旅客面前不能丟臉」
結果只能硬撐，裝沒事，結果身體出了問題￼
雖然有些公司制度看起來比較有人性
但頂多是「讓你被壓榨得比較得體一些」
本質上，你還是被壓榨￼
矛盾也在這
如果大家都人間清醒、不願碰高風險工作，社會要怎麼運作？
我沒資格叫誰一定離職
但還是想提醒：那些高度消耗健康的行業，「淺嚐即止」就好
把它當作人生的一段歷練，不需要把一輩子都押在會燒自己的工作上
最重要的是，記得替自己留一條退路，你還有家人"
貼文172_第1串,"最近有不少台灣朋友考慮移居或是移民海外
如果你是非常非常非常在意當地居民素質的人
那麼￼有華人聚集地方，應該都不用考慮了
￼（可以參考紐約、洛杉磯…，某種程度上當地市容跟中國是很像的）
自從我在墨爾本學到的「教訓」，我會盡量避開華人聚集地
不要問我為什麼￼，我還是比較喜歡安靜一點的地方
畢竟某些民族說話是比較大聲+衛生習慣是比較差的（這是寫在基因的東西，你要糾正對方，他們反而跟你拼命呢！）￼
只要一個區域觀光客很多、短租客變多，通常就會變得很吵，人口就會很複雜
治安某種程度上也是反身性
治安好→吸引大量移民進駐→超過公共系統負荷水平→管理難度提升→治安慢慢變差
￼
像東京、倫敦、曼谷這種超大都會，華人很多，會不會超過當地負荷水平？我不知道，但我相信這是早晚的問題
真的要長住就往二線城市或近郊跑
澳洲我反而喜歡Adelede、Perth 步調比較慢，華人相較少一些
基礎設施當然不比雪梨、墨爾本厲害，但整體生活質感對我來說剛剛好"
貼文173_第1串,"平常把便宜的保險買好了，沒想到居然這麼快就用上～
這次老樣子從波動率來看
事件落地前一天 VIX 還在 ~16 的低檔，隔天消息一出，波動指標跳上 21 以上
股指寫下自 4 月來最糟的一天
這代表保費在平日市場風平浪靜就該買好了
vol 跳升後才買昂貴的短天期 put未必明智
買到的多半是情緒溢價，不如就先降槓桿縮部位，提高現金比重，等到隱波回落、成交深度恢復再來談精細操作
Ps.如同早上的論述
我並不認為這次是黑天鵝
川普說話我會把它定調成「戳破一顆原本就繃到快爆的氣球（但我們不知道什麼時候會爆）」
黑天鵝是你幾乎想不到、定價不了、出其不意
這回更像是長期堆出來的脆弱
（估值擁擠+寬度收斂+資金過度集中在少數權重與 AI 主線）
美股過去一年多次被提醒集中風險在抬頭
產業輪動速度過快，代表資金三分鐘熱度
這些都是可觀測的警訊
但可惜你我都不是算命先生，不知道這顆氣球什麼時候會爆
有人選擇提早出場+持有滿手現金
也有人靠beta+槓桿，去榨乾市場最後一滴水
你想要少賺但從容出場？還是遇到這次風險，就把前面賺的微薄利潤一次賠回去（而且還倒賠+連滾帶爬？"
貼文174_第1串,"川普充其量只是拿根針去戳破早就該爆的氣球而已～
沒什麼好說的，就兩句話
1）這顆氣球＝估值擁擠＋獲利預期過滿＋市場寬度收斂＋流動性邊際緊縮
2）分子亂竄＝資金輪動加速+波動放大"
貼文175_第1串,"（小逆風，聊聊「把輝達總部或大型基地硬留在台北市，對整體台灣發展來說是一件好事？」）
我不是反對產業、也不是反對外資，資本逐利本來就天經地義
但公共政策的問題設定如果是「怎麼樣都要把輝達留在台北」，那命題就先錯一半了
我認為這個議題可以修正為「在 2025 年的台灣，面對電力、土地、居住成本、區域失衡與人才結構這些已知制約，我們要用什麼條件、用哪一個地點與治理方式，才能把整體社會的淨效益最大化？」
這個答案不必然是台北，更不必然是用便宜地、退權利金或特別待遇去搶
資本要轉型、企業要擴張，談條件沒什麼不對
但條件不是憑空來的
便宜土地、容積、稅負減免，最後都是全民在買單
有人會反駁：不對啊，外商來了就有稅收～
但如果你有在外商工作，你會知道高階總部通常有移轉訂價、跨國合併申報、租稅優惠等安排
課得到的公司稅常常被沖淡，地方政府還要負擔交通、治安、公共建設與居住壓力
以最近大家討論的 T17、T18、與新壽、北市府、輝達的三方協商為例，如果用退回既收權利金、換地、特別安排去兜，短期看起來像是加速投資，長期卻會讓整個制度變成「會談就有更好的條件」，這個先例一開，是否會後患無窮？？其他業者下一輪也照樣跟你喊條件，這本質就有點像補貼競賽，城市跟城市、企業跟企業都被拉進零和賽局，最後公共部門議價能力會被消耗
很多人會說台北有聚落效益、人才都在這裡，企業放台北才有加乘
沒錯，群聚有好處，但經濟學上群聚外部性是有邊際擁擠成本的
台北現在不是群聚太少，根本是擁擠的副作用太大：通勤時間、地價租金、施工成本、電力與路權、社會成本全部往上推
當邊際擁擠成本超過群聚帶來的額外產出，選擇繼續往同一個點堆就是效率不佳
你如果是生活在台北市的人，你用基本的成本效益判斷就知道了….
更何況輝達在台灣的業務屬性，多半是企業合作、研發支援、解決方案與生態系夥伴管理，這些功能對在台北市中心的依賴度，遠低於要跟晶圓廠、封測廠、系統組裝廠 24 小時物流銜接的製造型活動
（從供應鏈地理來看，反而是桃園、新竹、台中、台南這條走廊更接近實際夥伴，也更容易取得大面積用地、迴旋的電力與較低的生活成本）
說到生活成本，大家每天在抱怨房價與房租，這件事情也跟這個議題有很大的牽連
就需求面來說，當高薪外商與供應鏈公司一起擴張，短期租賃市場會先感受到高收入族群搶屋，租金先跳，接著建商用可比交易（比較法）拉高開價，地價再被反推上去
反觀供給面，北市新增住宅幾乎只能靠都更危老，程序長、成本高、產出慢，價格彈性又小，於是價格更不容易下來
這套傳導機制我在內科、南港都看過很多次了
你說會有就業機會帶動所得？
實際上會被快速抬升的是少數高端人才與供應商利潤，服務業與一般勞工薪資調整是遲鈍的，房租卻是即時的
結果就是典型的 K 型分化，買得起的更買得起，買不起的更遠離市中心，貧富差距在空間上被放大
如果你一方面要求政府認真打房，在那邊靠杯政府沒落實居住正義，一方面又期待用特別待遇把巨型資本放進台北，邏輯上就是前後打架
尤其主張要讓輝達來台北的議員，是否要去確認一下這議題跟居住正義有沒有背後深層次的衝突？（當然我相信這些議員是真心希望台灣的發展可以更好！只是我希望有些反面的議題可以更深入的去討論，而且希望這個聲音可以被放大）
所以，問題如果限縮在「怎麼樣把輝達留在台北」，那上面的配套措施是否有想過？
如果把問題改成「怎麼樣讓台灣整體接住 AI 產業的循環」，是否會更好？而且讓收益的分配更合理？
提供拙見給各位思考：
台北保留小而精的決策與對外溝通據點即可，真正吃地、吃電、需要擴張的研發、測試、資料中心放在桃園航空城—新竹—台中港—台南科學園區等走廊，用交通一小時生活圈連起來
這樣的空間經濟能兼顧供應鏈鄰近與居住負擔，也能讓北中南三區都吃到紅利，而不是把所有紅利集中在一個已經滿載的城市
如果堅持一定要讓輝達在台灣擴大投資，我認為有幾個底牌可以堅守，而且這些底線在台北更應該嚴格
第一，所有地、容積、稅負上的讓利需做完整的成本效益盤點，包含機會成本與外部性，公開透明，不做個案密室條款
第二，明確的在地回饋機制要綁在契約裡，而不是口頭承諾，像是一定比例的本地採購、與本土新創的開放競標、研發成果共享與開放測試場域、人才培育基金與社宅基金，達不到就有違約處分
第三，居住與交通的配套要同時啟動，包含在企業周邊設計就業導向住宅與職住平衡的交通服務、提高空置成本、加速商辦—宿舍用途彈性調整、提高長租供給，避免單點壓力把整個租屋市場帶壞
第四，制度一體適用，不退已收的權利金、不做只為單一企業設計的特例，避免破壞規則的可預期性～
我知道有人會說：「不要怕富者更富，否則台灣怎麼進步？」
但我們要先把「進步」定義講清楚
進步不是把房價繼續抬高、讓年輕人通勤兩小時、讓中小企業被租金擠出
進步應該是生產力提高、所得中位數跟得上、居住負擔可控、區域更均衡、創新更厚實
如果我們需要某些旗艦企業的帶動，那就好好設計條件，讓它成為全島的引擎，不是單一城市的地價加速器
最後回到情緒這件事
你如果把所有反對意見都當成「阻礙進步」，那你就忽略了公共選擇的基本題目：誰得到利益？誰承擔成本？風險怎麼分攤？
大型資本進來不可能雨露均霑，資本絕對是逐利的！而且你要去想「誰會是這裡面的代價？」
這句話很現實，跟各位絕對有關！
今天我提出的不過是把大家平常在房市、交通、能源上天天碰到的現實放回決策題目裡
不是每件事都要蓋在台北，也不是每件投資都要用全民的口袋去把它留住
把命題修正、把配套補齊、把規則立好，才是讓台灣整體往上走的方式
你如果覺得台北一定得搶，沒有搶到輝達就是蔣萬安的無能，那我也覺得那起碼也要回答這些具體問題：地從哪裡來、錢誰出、權利金為什麼退、房租怎麼穩、電力誰保、人怎麼住、制度怎麼一體適用
這些問題答得清楚，大家自然支持
答不出來，就不要把質疑者貼上反進步的標籤
我站在客觀中立的角度看這件事，輝達來台灣擴張就產業面沒問題，我也樂見國際合作更深，但把基地放在台北、用特別待遇去換，從宏觀經濟、房市機制與產業地理來看，風險大於收益
與其花力氣把它留在最擁擠的地方，不如把條件談好、把布局做對、把成果公平分配，讓企業賺得到錢、社會也過得起生活
這樣的進步，才是長久的
Ps. 要是我手上抱著一疊英偉達股票，現在一定他X的挺爆萬惡的資本把總部搬進台北，套利套好套滿
最好市府紅地毯鋪到門口、容積一路加、地價打折送，因為股價每跳一格我就多一杯珍奶XD"
貼文176_第1串,"(聊聊逆向投資）
很多人認為逆向投資就是為了唱反調而唱反調，但有些行業不適合逆向投資，有些則適合
像大宗商品、煤炭、鋼鐵這種高度景氣循環的產業，按照經驗來說，順著趨勢做勝算較高，反之以價值投資思維未必好做
尤其景氣往上就不要太早唱反調
景氣反轉就要彈性調整看法，賺趨勢財的反應速度要非常快，以台股 2021 那波鋼鐵、航運為例，景氣好的時候全市場搶成一片
後面供需一反轉，節奏掌握太慢的人就被扛出去了
你明明是賺趨勢財，但你把它當成價投，那你就會出大事
另一種麻煩是結構性衰退的行業
像某些傳統媒體、光碟、老牌手機零組件，需求長期往下走
看起來超便宜，其實有可能只是價值陷阱，便宜會更便宜，因為基本面已經開始爛
科技也一樣，科技變化快、產品週期短
你看到越跌越買好像很帥很勇，但很多時候是接刀
比方說手機供應鏈或面板、記憶體這種，庫存跟 ASP 一崩，盈利就會掉很快，而且他不會馬上改善
如果你還沒看到去庫存與報價止穩，就硬撿便宜，常常撿到的是第二波下殺，那會非常痛苦
遇到上面這種問題，除了鑒別產業差異之外，我的做法是左側右側都要會做
那什麼時候用左側？
兩種極端最適合：熊底跟牛頂
在熊市尾端，市場情緒極端崩潰，估值被錯殺，常常出現政策先發力，但基本面落後的情況
像降息、寬鬆、補貼出來了，可財報還很醜、定量數據還沒轉好
這時我會用定性訊號卡位（政策節奏、產業供需的拐點跡象、公司管理層指引），因為等到數據漂亮再動手，多半已經慢一拍
到牛市末端則相反，我會用左側先減碼，因為整體市場波動率放大，板塊輪動快，情緒與估值已經明顯偏離，等財報轉壞才走，通常會來不及
那什麼時候用右側？
就是景氣已經從復甦進入擴張（或空頭剛開啟）且趨勢已反映到基本面
你看到 KPI 共振（營收 YoY 轉正、毛利率回升、庫存天數回落、報價止跌回升）
這時候就照紀律做趨勢財，不硬猜最低點/最高點
一個很簡單的邏輯就是，左側吃「定性＋政策領先」，右側吃「定量＋趨勢確認」，中間靠你對情緒、政策與數據時間差的判斷來切換
那什麼時候逆向比較有勝率？
我舉個例子，我偏好民生消費、食品飲料這種「需求不會因為突發事件長期消失」的類型，尤其是一次性事件把整個板塊砍到見骨，但龍頭沒犯大錯、治理也OK，反而會因為信任效應吃到市占
台灣自己就有發生過塑化劑、油品風暴的經驗，當子市場情緒是恐慌的，不管三七二十一先砍倉再說
但回頭看，很多沒有直接捲入食安風暴，或只是無辜被波及的龍頭，後來靠著更嚴格的品管與品牌力，把失去的銷量補回來，市占還提升，這些都是機會
美股也有例子，Chipotle 以前食安事件鬧很大，之後公司花了幾年大動作整改，等到同店成長回正、市場重新定價，走出一條長牛
並非所有的災難都能讓你發災難財
但是如果你能分辨這是可修復的小烏龍？還是歪了根本性的樑柱？分清楚會讓你相對不會那麼容易被市場情緒左右
我自己會用一個很生活化的小檢查清單，看事件會不會會影響到你的投資決定
第一，替代性
這東西如果有一堆替代品，消費者轉身就走，復原會拖很久（如果替代性低，反彈更快）
第二，範圍
是個別公司的問題？還是整個產業的問題？
個股雷就乾脆避開兇手，改盯兇手的競爭對手
產業雷就挑受影響相對小、治理與財務體質更好的
第三，性質
分清楚是主動違規還是躺著也中槍？
主動違規我通常保守，被動中槍就看修復速度
第四，能否快速修復
有些問題加強流程、換供應商就能解，有些像成分造假、長期信任崩壞就很難
第五，品牌底子
歷史長、品牌強、現金流穩的，在風暴裡通常撐得住，還能趁亂搶市占
第六，是否有極端受害個案
如果社會創傷很深，情緒醞釀的效應不要小看，因為有時候市場瘋起來比你還瘋，你認為市場只會微瘋，但有時候市場會大瘋，所以，復原就不要急
以上這些都不難理解，但一次做到位其實就拉開勝率
除了公司與產業，我也會偷瞄一下宏觀變數，因為估值的重估很靠環境
就我所知有些價值投資者或是產業研究員是很不屑宏觀分析的，他們認為從微觀著手為什麼要看宏觀？
我認為就算你做產業研究，宏觀分析也是有他的必要性的！有時候宏觀領先的變量其實是早微觀一個季度的，自上而下的分析會幫你減少誤判率
比方，你能透過一些前瞻性的宏觀變素判斷利率高企、流動性緊的時候，市場願意給的本益比通常上不去，就算 E 端（獲利）有改善，P/E 的空間也有限
反之如果進入寬鬆循環，大家風險偏好上來，好的公司容易出現戴維斯雙擊那種 E 長、P/E 也拉升的組合
不過我不會只靠降息憧憬去賭估值，還是要回到產業供需、成本曲線、庫存週期這些硬指標上，這也是為什麼我平常要跟這些產業研究員打好關係一樣，因為他們宏觀邏輯也許不如我，我產業判斷一定不如他們，我們需要一個很好的分工互補，大家各取所長
我也提醒自己不要把情緒帶進決策
災難新聞滿天飛時，市場容易過度反應，一兩個月內的跌幅常常把最壞情境都算進去了
這時候如果基本盤其實沒壞，反而是找點進場的好時機
但我不會去猜低點在哪，畢竟沒人猜的準！
很多厲害的基金經理基本上都沒有辦法做到很好的擇時，大多數基金經理都是專注好自己可控的事情上，尤其做好產業研究、公司研究
所以很多創造超額報酬的基金經理大多數是選股超強，至少我目前沒看過靠擇時創造alpha的基金經理
產業研究好之後通常是分批買、用研究數據來換倉位，看到復原的 KPI（像銷量回溫、毛利率回升、庫存正常化）就加碼，看不到就停手，不去做太多花俏的操作
最後講個我自己的小偏好
我比較愛「好賽道的壞消息」，勝過「壞賽道的好消息」
前者多半可修復、修復後還能享受長期成長
後者常常只是曇花一現
大家都在樹上搶葡萄時，不妨低頭看看地上其實掉了幾顆蘋果，撿起來就能吃，還不用跟人擠爆單 XD"
貼文177_第1串,"前幾年去Toyota 看新車，想幫家母換掉開了20年的老爺車
她一輩子省吃儉用，能走路就不坐車，能修車就不換車，認為車子實用就好也不用買太好
但老人家開了一台這麼老舊的車子，我還是替她的安全感到擔憂，後來我先自己去Toyota 展間踩點，看實車、問配備和交期，如果沒問題的話當天就會簽約
結果我發現…這位迎接我的業務挺有兩把刷子，一直抓住我的猶豫點
我心想…畢竟我也略懂一點博弈談判，於是想跟他過過招，看他能多久拿下我這一單
我當時故意展現出強大的購買意願，單純想看他們業務厲不厲害
我就拋一句殺手鐧，看他怎麼化解：「我家財務長（老婆）沒到，錢在她那」
當時我暗爽在心裡，心想他應該沒招了
因為我發現大多數銷售談判遇到像我這種家庭主夫出來購物的，只要把家裡母老虎搬出來，說錢都是老婆在管的，銷售通常無解，哪怕店裡銷冠來也一樣
後來我跟他周旋了一下，他發現我很難搞，感覺像來亂的
（因為我發現他逐漸放棄表情管理，尤其那種準備放生的表情很明顯XD)
彷彿心裡在OS：「靠夭，就一台不到一百萬的 Toyota，你在這邊跟我拉扯？我這單也沒賺你多少，懶得跟你耗，要買就買，不買拉倒。」
我看懂了就收手，笑著說：「好啦別鬧了，我現在就簽。」
其實整段只是想測一下他們的銷售功力，看看遇到「財務長不在」這一題會怎麼解XD，結論是無解!!
(如果有解方的話，也請各位談判大師在下面留言告訴我)
這一幕讓我想到談判裡的黑白臉
一個拉高溝通成本（扮黑臉）、一個給對方台階下（扮白臉），形成區間，把主導權拿回來，買車買房都很好用
家裡我也常用同一套，平常我多半演白臉，太太當黑臉
小朋友如果不聽話，太太先把規矩立好、把越界的代價講清楚，我再出來當緩衝，陪她拆解問題、給一條可行的補救路
比方說一下這個情境：
太太：「作業又拖到睡前，這週末先取消一個行程。」
我：「那我們現在先寫 30 分鐘，明天把剩下補完，達標就把行程恢復一半，好嗎？」
黑臉把邊界立起來，白臉把台階鋪好，孩子感受到的是「事情有成本，也有修復路徑」
久了她會懂：規矩不是拿來處罰她的，訂規矩的目的是為了幫你把事情做得更好
這樣小孩既不會覺得爸媽好說話，也學得到面對錯誤要怎麼補救
談判其實也一樣，對方看見代價與好處，要同時存在，局面就回到你能掌握的區間
這也讓我想到台灣目前的現狀
新政府上路後，賴清德面對內部拉鋸與外部壓力
行政院卓揆像是球隊總教練，對內要整隊、對外要跟在野黨談判
有時候就覺得，卓扮白臉的比重大過於黑臉（賴亦如是）
如果檯面上都是扮白臉溫和派，缺少能扮黑臉的人，就極度容易被測試底線，直到你底線被人家摸的清清楚楚
組織要設計的是角色分工，有人負責畫紅線、有人負責遞橄欖枝
前者讓對手看到代價，後者讓對手看到好處
(Btw這篇不談顏色，要來戰政治就免了，我會直接封鎖XD)
用博弈的語言講，黑臉提供 credible threat（可信威脅），白臉提供 credible promise（可信承諾）
兩者合起來，才做出好的 BATNA（最佳替代方案）
歷史上唐太宗接納魏徵進諫就是分工的典型
內廷有敢說不的角色，外朝才談得硬也談得穩
回到日常，夫妻購物就是最好理解的版本
業務問人夫要不要買？人夫如果要善意回絕對方，避免被強迫推銷的話，可以回「要看財務長點頭」，把家裡那一尊母老虎搬出來
這樣的話，原本是業務測試你的底線，現在反過來變成你去測試他的底線，如果有議價機會的話，說不定能為你爭取到一個好價格"
貼文178_第1串,"先跟各位說聲抱歉～這兩天跟幾位退休的基金經理前輩小聚，聊到半夜，耽誤了發文
坐在他們旁邊，看著那種經歷過幾十年牛熊還能淡淡喝茶的穩定，實在佩服，我們沒有聊太多操作心法，畢竟，能做到這個層級的人，討論的早就不是「什麼策略好不好用」的問題了，反而更多的是一些人生觀還有經營哲學～
在他們身上，我看到所謂的「管錢，就是管心!!」
這個心，不只是自己的內心，也是你基金持有者的信心
有一個好的經營哲學，能讓好幾條不同的心綁在同一艘船上，畢竟起心動念正確！做什麼都會對～而且你的支持者也會希望你成功
他們分享兩個核心：
第一，就是職業道德！
把別人的錢當自己的錢在管，能不賭就不賭，能解釋就講清楚
因為很多時候持有者未必看的是績效！
而是你個人道德
你有沒有對他們負責？有沒有對自己的專業負責？都是一個很重要的考核！
第二，看股票要用經營一家企業的視角，當作你要親手經營十年（這聽起來很巴菲特，實踐起來一點也不輕鬆 ！）
現實的基金管理上，他們說最大兩個壓力不外乎就是時間錯配+資金流
一般共同基金收的是隨時可贖回的錢，可基金想做的卻是長期複利的事，中間卡著風控、法規、投資人情緒
有些朋友會以為基金經理每天只管挑股票，但很多時候還要處理持有人的心情
績效一旦有大波動，持有人很快就打電話過來了，開口就要贖回一半的資金，這時候會搞得這些基金經理一個頭兩個大，其實並不輕鬆
所以為什麼大部分的基金沒辦法做成百年老店，沒幾年就關閉了？？反觀巴菲特卻像活在另一個宇宙？
關鍵是資金結構，老巴利用保險公司的浮存金（float）只要承保獲利或至少打平，資金成本就接近零、甚至為負
而且久期長、可動員的量體夠大
市場恐慌時，他反而能當別人的流動性，用合理價格把好資產抱走
這種結構性優勢，一般主動基金很難複製
你要跟波克夏拼成百年老店，反而要先擔心自己的基金多久會被贖回？這非常困難
波克夏的優勢可以體現在以下這一個簡單的式子：
E[R] = Rf + β·(E[Rm] − Rf) + α
一般基金要養出 α，還得扣手續費、交易成本、資金流動性折價
而巴菲特等於在 α 之前，又多了一段資金成本較低、久期較長的優勢
同一分 α，淨下來的利潤就比較豐厚
相反的，贖回壓力一來，機構容易在壞價位被迫賣出，形成所謂火災賣壓，去跟其他基金競爭流動性
老巴的結構讓他能站在對立面接貨，長期下來差一點點的資金成本，結果會差一大截
有朋友會說，那基金也可以對沖啊，買點黑天鵝基金、指數 Put 不就好了？跟持有現金差在哪裡？
說來簡單，實則不容易，對沖不是不能做，但代價真不低
權利金、滑價、做市商庫存吃緊時的點差、流動性瞬間蒸發……這些都會侵蝕報酬
你以為到時候能優雅下單，結果遇到火災，大家同時往一個狹小的逃生出口擠，賣不賣得掉還是另外一個問題
像是2020 年 3 月、2022 年英國退休金 LDI 事件，都是流動性災難
許多部位就算你原本看的方向是對的，但被保證金追繳到錯殺，也會很冤枉，所以管理基金不是很簡單的「判斷正確與否」就好了，市場微結構的概念也要如實掌握，否則你很快就會敗給你的競爭對手
說到保險，就讓我想到巴菲特投資哲學裡面提到的，他喜歡在市場狂歡時賣股換現金，幫助他在市場下跌的時候有本金加碼
可惜很多人只把現金看成沒辦法產生效用的金融資產，說白了就是因為你管理的不是動輒數百億的資產，所以現金流動性對你的優勢還沒放大
（但哪怕你今天只有幾百萬的資產組合，現金一樣可以幫你的績效錦上添花）
要讓現金發揮功效，一定要對它有更深層次的認識，而不是停留在表面認知：
現金本身可以視作一張選擇權，波動放大時，它的隱含價值會上升
市場價格波動越大，出現離譜掛單的機率越高
你口袋如果有子彈，就有資格撿便宜
很多人忽略了現金optionality+liquidity的兩個重要特質（現金的流動性最好！）
簡單來說，optionality就是指「你不一定要現在決定進場，但想買時可以買」的任性～
一旦遇到市場波動放大，這張權利越值錢
市場緊張時，會有人被追繳保證金、被迫賣資產，大家都在搶現金，這時候現金會超級值錢
願意當別人的流動性的人，常常就能用折價把好東西接走
liquidity則是「能不能在關鍵時刻、用接近公允的價格，把你想要的數量成交」的能力
有人擅長用衍生品做保護，這也很好！但你必須知道衍生品每一筆成交背後，都要有人願意報價、做市商能持續對沖 Delta
一旦波動飆起來、庫存爆表、風控拉緊，點差立刻拉寬、深度變薄、保證金上調，你想按下去保護，卻發現滑價大的離譜⋯
現金則不一樣，現金本身是結算工具，天生就有流動性
你不用面臨找對手方的問題，也不會被追加保證金、也不會因為別人收回報價而卡住
這就是為什麼我說現金本身就是保護，而且在崩盤撿便宜的時候特別好用
那麼說到對沖保護，那就要提到兩條思路：
一條是靜態保護，把投組留一段現金部位
現金的波動近乎 0、β 也接近 0，投組年化波動和 VaR 會被機械式壓低，最大回撤自然收斂
遇到保證金拉高，也有現金可以補，不會被逼著交割在爛價位
另一條是合約化保護，用長天期的指數 Put 或等價結構，拿到清楚的賠付形狀與凸性
但問題是這也要靠流動性支持
比方說市場遇到壓力時，常常會遇到點差變寬+成交跳空+券商/交易所大幅上調保證金
做市商為了自救把 Delta 丟回現貨/期貨，連鎖反應會抽乾市場深度
也就是說，你最需要它的一刻，它也在跟你搶同一口流動性，這些毛病在現金上是沒有的
老巴一路走來就是靠現金打天下
耐心等，等到市場把好公司當爛貨拋售，他則耐心逆向而行，這就是他成功的秘訣之一
那一般投資人該怎麼用？
我分享出的幾個可以嘗試的做法
第一，把自己當成小型家辦
記下你真正願意經營十年的三到五家公司，理由寫清楚，跟朋友、家人講得出來，最好講到連12歲小孩都聽得懂，甚至聽到流口水！
這代表你對這間公司的理解非常透徹
（這份清單平常不常動，但會在市場出現大波動的時候提供你很好的進場機會！）
第二，現金要當保險的一部分
平常留一點策略現金，目標很簡單，就是當波動飆起來，你能心不慌的往下接住你認真研究過的標的
第三，如果你決定用金融衍生品做對沖，那務必要搞清楚商品規格說明再做！
我跟幾個前輩都發現一個共同點，就是大多數散戶完全不理解對沖的概念就算了，連說明書也不去看，那麼操作起來就會發現裡面很多坑
衍生品牽涉三件事，產品條款（到期、履約、結構）、做市微觀（點差、深度、誰在對手邊）、宏觀流動性（央行縮表？信貸收縮？），這三個重點把握清楚，才知道該多留現金還是該加保護
如果覺得複雜，不妨就學學巴菲特在高波動時降低槓桿、提高現金，簡單有效
真的想用保護，那就少量、長天期、指數 Put，當做緩衝，但心裡要知道，長期多多少少會吃掉一點績效
第四，跟你自己的持有人溝通！
假設你是一個小型的家辦
家裡的另一半、爸媽，其實就是你的有限合夥人
事先跟他們講好「跌到哪裡我們會做什麼？什麼狀況暫停加碼？什麼狀況反而提高配置？」
全部都要溝通清楚！並且練習自己的溝通表達能力！這個比你挑選什麼股票看對看錯還重要
因為就算你看對了，只要你的持有人不理解你的決定，他們就很可能贖回他們的資金，那對你的基金管理上就是一大阻礙
這也是為什麼巴菲特能屌打一票基金
波克夏靠保險浮存金＋永久資本（上市公司股本）把資金成本壓低、久期拉長，幾乎沒有日常贖回壓力
市場失火時不用砍倉，反而能當流動性提供者，把同一筆 α 轉成更高的 IRR
反之，一般基金得同時應付市場波動與資金流出，很多好策略最後是死在贖回流程，不是死在研究判斷
第五，尊重現實
專業圈裡常見的流程是：先確認風控邊界，再談進攻
投資路上，一次大錯就會把前面三年辛苦全抹平
前輩說，絕不可以心浮氣躁，畢竟他們做的是「耐心的生意」，不是「刺激的生意」
我很佩服這些前輩，因為他們擅長化繁為簡
並且保持工作強度之餘不忘鍛鍊自己的心智還有思考！以上做一些我自己的思考，並且把它分享給各位，期望能啟發到各位投資朋友～"
貼文179_第1串,"（前陣子身體出狀況給了我幾個小警訊，記錄一下自己的觀察）
我以前有一個認知，認為糖分是大腦的必要養分，好像沒有糖分，大腦就不能運作，身體訓練強度就會下降
所以我養成一個壞習慣，在寫文章之前（或是我在運動之前），我都會買寶礦力來喝，天真以為思緒比較快、運動表現會變更好，結果越喝問題越多，身體越來越疲勞XD
當然啦，造成身體出問題的原因很多，未必是單一因素，畢竟我也不是醫療專家
但我還是從幾個我自己生活習慣去歸納出一些問題，希望改善自己的健康
我後來發現含糖飲料（或是精緻糖）殺傷力很可怕
我意識到我以前無知的信念是多麼可怕….
幾乎綁架了我半輩子的潛能！（哭
自從看了某一本海豹部隊退役軍官寫的書之後
發現人其實可以在戰鬥環境下72小時不吃不喝
甚至完全不攝取糖分下讓自己持續保持戰鬥力
雖然有點過於極端，但他的理念讓我覺得很有意思
說不定能用裡面的方法讓我的產能提升！
後來某個醫生朋友也建議我把習慣整個改掉
先把喝的糖戒掉、精緻澱粉不吃（甚至幾乎不是在食物中攝取澱粉），多吃蛋白質跟植物，豆類當主力，簡單來說就是原始人類吃什麼，你就跟著吃什麼
嗯….實操下來真的非常有感，不到兩週，精神狀況特別好，尤其體能變好，心肺功能強化不少
腦霧少、白天專注比較穩（也幾乎感覺不到累，不太需要午休）晚上也比較好睡
總之呢，整個人更productive ，氣色也更好
運動表現方面，目前我還是有跑操場，但重量訓練就沒做了，幾乎都以心肺功能為主，醫生說別逞強，慢慢把體能養回來
（先說清楚，這不是醫療建議，我也不是要推哪一派飲食，還是請你聽醫生的，每個人身體狀況不同，對我有效的未必適合你）
先暫且不論這一個方法是不是一個好方法，
但我自己比較深層式的體會是，我們一直被現代文明的教條牽著鼻子走（比方人很容易誤信廣告而做出不明智的決定）
糖就是一條，吃一次爽很快，但換來的代價很可怕比方身體更容易累，需要更長的休息，或是變得需要用更多咖啡來刺激，變成惡性循環，讓你為現代文明的副作用買單
所以那些高感官刺激的東西，常常綁架人腦，帶來一次性刺激的東西我一概不碰
我更想要的是長期身心自由，而非用長期代價來交換短暫快感～"
貼文180_第1串,"我慶幸自己很早就離開職場，終於可以碰見投行以外形形色色的人了～
人跟人相處，第一次見面難免需要客套，這很正常
禮多人不怪嘛~
但有時候過了，你會感覺到有一種油膩感，相處起來特別彆扭
上週球友帶來一位二十幾歲的油頭小哥
開場十分鐘已屢次提到上個月某某生意賺了七位數，怕不彰顯實力融不進來我們的話題
於是為了讓他有更多的發揮空間，我就笑笑請他分享怎麼經營？怎麼做生意？讓他自由發揮
但不管怎麼，就是沒聽到他提到太多價值觀跟經營哲學
我大概就知道了，話不投機半句多，聊不到核心，只能點到為止，我就換話題聊高爾夫，聊聊美食，氣氛反而放鬆
自從我上個月出院後，目前每日的行程很單純，沒什麼特別的活動
不過就白天打一場高爾夫，下午到晚上有空就寫日記發表文章，不管線下聚會或是線上文章發表都能遇到值得交心的朋友，這點我非常感恩
但難免會遇到一些相處起來彆扭的人
最怕那種一坐下來就開始表演、自我展現的兄台
比方「我上個月賺了XX、我又買了XXX」
靠投資交易起家的年輕人特別有這種色彩～
老實講，我什麼人沒見過？？XD（誤
我自認看的人不算少，而且平常有花時間察言觀色
算是有累積自己的數據庫
其實聊兩句我就大概知道錢從哪來、用的是什麼槓桿、以及你有沒有辦法留住財富，我大概從言談也能初步判斷
就算你不講，我也猜得到
你講太多，只會露出破綻
所以交流嘛，真誠就好
真的、真的、真的，真誠就好！
反倒是我認識幾位傳產老闆、金融圈的老朋友，餐桌上不會談自己賺多少
他們聊的是產線效率、原物料交期、團隊的分紅機制，或是這季的回撤怎麼修
但通常他們一定會跟你說這陣子景氣不好，訂單不好做XD
總之賺錢這檔事一定閉口不提
他們可以跟你聊聊興趣！聊聊品味！聊聊美食！
聊聊人生觀！聊聊家庭！就是不聊錢
他不會讓你覺得跟他聊天會有「臉上被踩一腳的感覺」，也不會讓你覺得「你就是不如人」
人家總有辦法把聊天做到受人喜歡，這就是人家的本事
你會想說都已經賺這麼多錢了，實力早就不允許他低調了，幹嘛還低調？
於是我就想探究深層次的原因
是有錢人普遍情商高嗎？還是見多識廣懶得計較？
從人性角度出發，你就有答案了～
人普遍都同情弱者，想要拉人一把
看到瘦小的小動物，會想幫忙牠找個家
憐憫心是人性的顯性外在，也是上天給我們留下的基因
但上天也留下了嫉妒與傲慢這種劣根性在我們的骨子裡，人很容易對強的人心生敵意
有錢不是不行，不過要做到「有錢又讓人喜歡」的確需要本事
反之，有錢卻沒有盡到社會責任，又愛炫富，那就不是大家願意看到的劇本，這就是為什麼人家會去查你身家？查你金流？開始拿放大鏡檢視你？這不就是你自己給自己找麻煩嗎？
尤其有一些貧苦出身的兄台，好不容易獲得一筆財富，難免會想跟身邊的人炫耀，這就是我講的：「你越缺什麼，你越想要展示什麼」
於是過度張揚很容易得罪人，那你身邊的人不把你搞下水你覺得他心裡平衡嗎？
所以這就是為什麼有些人無法守財，然後只能怪自己「沒有那個財命」
其實不是，是你沒搞清楚人性，看得人還不夠多，所以還要多修鍊
人只希望看到自己希望看到的結果，那什麼叫做人們希望看到的結果？
我就舉最近竹北吊車大王的例子吧，人家剛好就活成世俗期望的「有錢人該有的樣子」（有錢+社會責任+回饋社會）
人家會認為他有錢他應該的！
仇富的人有多少？
這個問題其實我身邊的朋友也不避諱去談論，人家倒是很開懷
他認為仇富是必然的，不仇富才是例外！
所以人平常謹言慎行，盡到社會責任，回饋社會，問題就解決一半了
為什麼只解決一半？因為另一半是人的劣根性
這個就是「不管我怎麼做，這些人總會有意見」
那就隨他去了
見不得人好是人類基因裡面寫出來的東西
這些前輩早就當成是常態了、見怪不怪了
也就自然不會去苛責人性的醜陋，反而把自己隱藏的恰到好處
有些人覺得說這是在醜化人性，人才沒這麼醜陋～
不然你可以從你自己身邊的例子去看看
比方你跟同學說最近人生卡關，他會安慰你、幫你找資源，然後拍拍你的肩膀叫你不要想太多
反之，你如果說過得飛黃騰達，賺得盆滿鉢滿，還買了新車
他表面上恭喜你，內心巴不得看你跌倒，心想「老子跟你同樣出身，憑什麼就你發達？你不跌倒我心裡怎麼平衡？」
這就讓我想起有一次老同學忽然熱情約我出來
表面上是說出來吃個飯，敘舊敘舊
實際上是因為他當時剛買房買車，說穿了就是怕別人不知道XD
就算你表面上不說，我當然也看得出來，但也沒關係，我就逢場作戲，人生不過如此，大家都是演員
人都有一份想要「證明我過得比你好」的心理，這很人性
當然啦，比較要不得的就是有些人的快樂來自於「別人過得比他慘」
這種人喜歡比較，喜歡落井下石
當然不是嘴巴直接講「我比你行」但是行為上還有語言表達上，可以隱隱約約體會得到他想被人踩在腳下，遇到這種傻瓜跟他逢場作戲就好，因為他的快樂太廉價，不值得你浪費生命
人有時候長大了，才能看到這些風景
不然你看到的總是溫良恭儉讓，代表你看的風景不夠多，你還活在童話故事裡
這也是為什麼厲害的人必須學會低姿態，不是什麼情商高不情商高，是人家怕激起人性的劣根性～
所以，我趁女兒小時候就灌輸金錢教育知識
錢就是一個交換媒介而已～
拿來買時間、買專業、買自由、買你在乎的人事物
錢財累積到了一個量，邊際效應會遞減
除非你把它接到更大的事業與責任，讓金錢變成你的財富，否則錢趴在帳戶上多到一定程度不善加利用，根本就是浪費它的價值，也沒辦法產生更大的效益
如果金錢只剩下讓你跟人吹噓的功能，那麼錢財就用錯了地方，甚至擁有太多錢會讓你被人討厭，這就不是一件聰明的決定了～
這幾年，我把朋友圈越收越小，很大一部分是因為我有意識的去做減法、斷捨離，去結交真誠的朋友～
守時、守信、守口，能一起打球、能一起做事、能在你失手時不落井下石，這些人留在身邊就是福分
其他的，客套就好"
貼文181_第1串,"我一直有一個信念:你如果一直覺得人生不如意，那一定是你自己沒有能力，或是你的方向從一開始就錯了
這個說法想當然爾一定會遭受很大的質疑跟挑戰，但後面屢屢證實我是對的～
那天跟一位比我小兩歲的兄台聊到人生和投資
我其實是有點無奈的
那種對話模式大概是這樣：
我跟他講理想談抱負，他跟我談現實談困難
我跟他談機會談突破，他跟我談障礙談無奈
聊著聊著，我乾脆閉嘴，吞回本來要說的話
然後聽他抱怨，整個過程大概持續了一個小時40分鐘
我當時心裡os….管你去死，你就維持原樣吧
我很想趕快結束這個浪費生命的對話
（所以我都告訴我女兒，除非你心理素質比人家強，經歷比別人豐厚，見識比別人廣，否則不要隨便亂當人家的垃圾桶，因為妳會被這種人傳染，然後也對人生保持悲觀的看法XD)
有人人生活了半百，還是活得不明不白，那我又能說什麼？
這種人我看多了，其實不是他的現實有多殘酷
我要說的是，你經歷過的殘酷，別人也經歷過
很多時候是取決於你怎麼去看這個世界
至於很多人生卡關的人，並不是真的現實很殘酷
而是「你認為的」現實很殘酷，然後你剛好又「自認為你看清楚一切」
殊不知有些人認知根本不夠，又自認為看清一切
久而久之，自己把自己困住，又固步自封把自己活成傻子，怪誰呢？
年輕時我在投行，後來自己退下來做投資、創業、帶團隊，所謂的困難沒有少經歷過（比方銀行拒貸、現金流出問題等等）
我不焦慮嗎？肯定焦慮呀
但好在我早就有機率思維，我看事情的角度可以稍微客觀一點，比方說我可以在可控風險下，去換更大的賠率
但我那位兄台說：「我有家庭、我不能冒險、我沒本錢。」
風險誰沒有？差別在你怎麼看待風險
你如果要做一個小生意，那可以先做一個能賣的雛型、跑一個最小成本的驗證、把口袋名單和潛在客戶整理好
先讓副業現金流打造基本盤，後面再慢慢做起來
你連這一步都不做，卻每天問為什麼世界對你不公平？那不是你懶，是什麼？
他又說：「萬一失敗怎麼辦？」
我回他：「萬一成功怎麼辦？」
只要你知道你的決策下檔是有限的、上檔是打開的，就值得出手。你不需要每次都贏，你只需要在該重拳出手的地方重拳出手
所以我才說，沒有機率思維的人，看什麼都是障礙，說穿了就是你腦袋裡認知的模型太少，又認為自己活了40年好像什麼都懂…
那我只能叫他多看書，先改變認知層面的東西，實操面離他還太遠
認知層面不改，實操一定烙賽…甚至很容易半途而廢，遇到困難就找人訴苦
Btw這類人我如果叫他多看書，他多半會回覆說：「要工作，沒時間看書，回家要照顧小孩XD」
彷彿一切的問題都是別人～這是妥妥的受害者心態，有時候我真想說：「活該！咎由自取！！！」
尤其很多人看事情都用大腦第一系統（貪婪恐懼情緒化），而不是第二系統（理性客觀、數據化）
那你去想嘛，很簡單啊，遇到困難挑戰，你馬上就會激起到人類的生存本能（戰逃反應）而不是理性本能，原始人類的那一系統怎麼可能適應現代社會？
（這個在康納曼《快思慢想》這本書裡面有寫，如果你不知道你的決策模式是受哪一個系統影響，可以參考這本書）
這位老兄聊到最後，他甚至不認為自己運氣會這麼慘
從他的對話裡，隱約可以感覺的出來，他認為我的成功是因為家境/教育/運氣
我承認有運氣，但運氣偏愛長期自律的人
你把可控的東西做到極致（學習、紀律、身體、時間管理）運氣就是時間早晚的問題了
你把不如意都掛在嘴邊，你的內在心智就會被消磨，最後你看什麼事情都是障礙
再講難聽一點，也別用中年當擋箭牌，我看過不少年過50 的長輩，展開人生第二春，重新挑戰自己的事業，而且不少！我非常樂意跟這一類長輩接近，因為他們的身上有我值得學習的人格特質！
中年不是沒機會，中年其實是你累積框架的時間最充足的時候
真正的難是拉得下臉、願意歸零學習
你願意嗎？你不願意，那就回去靠夭自己命不如人，真不用跟我談什麼理想抱負
借甘地一句話：信念決定思想，思想決定語言，語言決定行動，行動決定習慣，習慣決定性格，性格決定命運。
你今天嘴巴講出來的語言，就是你明天的命
你每天嘴上說「不行、沒辦法、再看看」，你就會活成「不行、沒辦法、再看看」的人
改掉你的語言，事情才有一點點機會改變"
貼文182_第1串,"有人問我「人生都沒有FOMO過嗎？」
怎麼可能沒有？…..
生涯最大的 missing out，大概就是 2018 前沒買比特幣吧，哈哈哈XD
那一年幾個有深度信仰的朋友早就悄悄在囤幣
不過人家從2014、2015 就開始研究
雖然我不知道在幣圈這樣算早還是晚
不過在我眼裡，他們算是很早就抓住機會的一批人，這些人如果放到現在都是神一般的存在
我後來試算了一下，假設當時以他們的部位來看
丟不到一百萬台幣進場，後面一路加碼，現在算下來也是天文數字…尤其當時他們做了一些我難以理解的操作
比方…熊市加碼，牛市不賣，除非你是鐵粉級的信仰，不然一般人可能沒這麼能抱
難怪人家能在年紀不到40歲就退休了
而我呢？整整慢人家四年～後來想想覺得慚愧
畢竟比特幣四年減半一次，差一個減半，差的不是一點點，是整個人生維度
尤其這種東西是指數性增長的（非線性）
所以那甩開來的差距..後車要超車基本上是很困難的，除非他們私鑰丟失XD
我羨慕歸羨慕，但後來就釋懷了
回想那段時間，我還把心思放在傳統金融、量化交易，所以連比特幣白皮書都沒打開過
當然啦，我並不是鄙視比特幣，更沒像老巴當時直接把比特幣一巴掌拍在地板上，只是因為我當時心思沒放在上面罷了⋯⋯於是我就活該沒賺到錢
所以注意力在哪，成就就在哪裡，羨慕不了人
注意力放錯戰場，錯過就真的錯過了（注意力真的是人生最貴的資本，沒有之一！）
那我後來就自己反省，希望從這這次的missing out得到一些反思
其實沒買到不代表人生 GG，就像你錯過一個心儀的對象，再找下一個就好，天涯何處無芳草
我在別的資產也有賺、也熬過幾個 cycle，算是把注意力換回一些成果（自我安慰一下）
有人會說：「回頭看，哪個時候不都是低點？啊你當初錯過了怎麼沒有進場？」
對啦，你事後來看確實K 線圖上永遠滿地便宜貨
但當下認知不夠的時候，永遠覺得太貴，或想等回檔再買，結果一路噴走
後來 FOMO 上頭，追在爛位置、如果還開槓桿，被波動一甩，籌碼又吐回到這些堅定信仰者手上
這樣注定一輩子小打小鬧，成不了大氣候
所以…只能說「菜，就多練囉～」
畢竟這些高手都是把投資項目當小孩在養…
並且做到把不確定性收斂到確定（透過認知來提升自己的安全邊際…）
有時候想想，這些人賺錢是應該的，有些人賠錢也是活該"
貼文183_第1串,"以後有超級長文就用這種形式表達了XD
（用8000字來聊聊「投資的幸福感」，文長慎入）
/
（用8000字來聊聊「投資的幸福感」，文長慎入）
做投資做到最後，所有決定都要回到本質：「你到底是為了什麼而做？」
你做每一個部位、每一個策略、每一次加減碼，背後那顆心，到底想要的是什麼？
如果這題你沒有想清楚，技巧再漂亮，績效也只是過眼雲煙
今天就跟你們閒聊一回，我自己走過的路，跌過的坑，最後怎麼回到「幸福感」這三個字
文長，我會從我自身的經歷、身邊的朋友的經歷，最後收斂到「專業投資人如何獲得幸福感」這件事上
我以前在投行、後來做量化團隊、自己交易時期，天天都在跟數據、模型還有投資框架打交道，只是你會發現，真正能讓你長久穩定做下去的，很大一部分是取決於你的狀態或是團隊經營者的狀態！
人一不對勁，什麼alpha都變beta，人心一亂，績效會差很多
講白一點，投資這條路要走長、走順，靠的其實是幸福感的續航力，你沒有那個續航力，再好的系統都會被你自己搞崩，這點我吃過虧，所以今天換個角度，從幸福感聊起
幸福感是不是聽起來有點虛？
表面虛啦，但「實」的層面會反映在你的潛意識，只是你看不到摸不到，自然就會覺得他很虛很玄，像屁話一樣
至於幸福感怎麼維持？
每個人都有自己的版本，有人靠把錢賺到滿，有人要把時間握在手上，有人追求想飛就飛的自由，有人只要家人朋友都開心就覺得值得
定義真的沒有標準答案，各自有各自的刻度
就我自己來說，我對金錢的敏感度沒有很高
這句話有兩層意思，先講第一層：
很多人以為「不敏感」就是刷卡不會痛、隨便花都OK，並不是這樣
我跟大家一樣資源有限，也不是含著金湯匙長大的，每一筆支出、每一個部位，其實都還是要精打細算
我在意的快樂，老實說不是「花到爽」，而是「我有沒有選擇權」，比方說我可以選擇做什麼、不做什麼，而不是被金錢的表演欲推著走
揮霍帶來的多半是一下子的亢奮，至於能不能長久，是個問號
我想要的是那種可長可久、跟自己步調對得上的自由感
我自己很有感的觀察：人往往越缺什麼，就越容易靠某種外顯的東西去補。
例如缺愛，就會不斷找愛；小時候被笑窮，長大就很想把「我可以、我很行」證明給全世界看。這沒有對錯，就是人性的補償機制
但知道這個機制以後，你會比較能分辨：我現在是真的需要，還是只是在填補童年記憶的坑洞？
分清楚，很多決定就不會被情緒牽著跑，也比較不容易被人家PUA，然後去追求一些不必要的東西（ex:購買不符合你身分象徵的奢侈品，然後陷入財務困境）
「我對金錢的敏感度沒有很高」的第二層意思是：
我的物慾真的不高，金錢對我帶來的幸福邊際效用遞減得很快
講白話就是，我只要待在那條「幸福感對金錢」曲線的前半段、斜率最大那一段，我就很有感了
後面再多幾個零，曲線幾乎不動，我也沒什麼感覺
與其說我散漫，不如說我大概知道自己要的是什麼，把焦距放在會讓我每天起床想趕快開始的事情上
活在這個世界本來就不簡單，既然如此，我更會提醒自己「我不過是宇宙裡的一粒小塵埃，把每天過好、把選擇用在對的地方」讓心裡那個穩定的快樂留得久一點，這就夠了
這個道理我從身邊幾個老闆、身價幾十億的朋友上看得非常清楚
老實說，每個人有自己的快樂，但也有自己的煩惱
他們要管公司、要搞定接班人、要處理股東事務、要打理各種關係，還要當地方各種協會的理監事，跑活動、維繫情誼，晚上還不一定睡得好
不是說這樣不好喔，他們很多人是真的熱愛自己的事業，享受那種打造帝國的成就感，那很棒
但我自己不一樣，我比較低物慾、沒什麼奢侈高消費，我的快樂來源很簡單：做我喜歡的工作、用文章交朋友、用投資想法結交同好
以前我工作時就是這樣，像在遊戲裡升級打怪，隊友彼此切磋，互相buff，那個過程比最後打王掉什麼裝還更爽
這就是我說的心流，人一進入心流，時間感消失、雜訊變小、人心裡一旦變成平靜，幸福感就會爆表，績效很多時候就自己跟上來了
還有一個維持幸福感的秘訣，就是我不太追風口，不太攀比，我不喜歡看到什麼趨勢就追上去，搞得自己很FOMO，我比較愛找自己懂、自己喜歡、自己願意長期鑽研的東西
我也沒有像同屆退下來的同學那樣買好幾台超跑，停在家裡或是我頂多就一台特斯拉通勤，能跑就好
笑我買車品味的人不少，但我有一個原則就是：「喜歡攀比的人，我不會讓他在我的生活圈出現」
這樣的人是很負面的能量源，如果真要比，這些人財富未必有我多，未必有我快樂，未必有我聰明，唯一能超越我的一點就是「他的負能量+戾氣比我重」
面子、身分、權力這種東西，對我來說就是一個邊際效用遞減的東西，花更多的力氣也不會讓你帶來幸福感，還要花很多心力還有能量去維持
每個人死後都是進棺材，人人都是區區宇宙的一粒塵埃，至於這些身外之物，生不帶來死不帶走，比個毛啊，活好自己讓自己幸福就夠了
我的幸福就是建立在「我每天醒來可不可以迫不及待開始做事、寫文章、分享觀察」
如果今天是研究一個策略、打磨一個框架、寫一篇把自己想法講清楚的文章，能交到幾個能聊得來的朋友，我就覺得今天值得了
等你找到讓你自然進入心流的題目，外面那些誘惑，像什麼熱點、風口、別人的讚數，干擾力都會下降
當然，要做到這個境界，環境因素很重要，你要盡量讓自己待在會讓你變好的場域，和同好一起走路，速度比較快
至於什麼叫會讓你變好的場域？
我舉個現實一點的例子，如果你同溫層都是被工作綁死的人、被現實壓到喘不過氣的人，那種負面情緒其實會感染你，你的能量真的會被抽乾
不是叫你離開朋友，你得有意識的配置自己的時間跟注意力，就像資產配置一樣，要分散，要有風控
你如果說想靠投資維生，或在投行體系裡想靠實力往上，那你最該找的，就是跟你一樣熱情、願意深挖、願意說真話的人，最好還能彼此挑戰彼此的想法，但方式是建設性的
像我們TAC這個環境，多數就是這種人，這也是我創立的理念，每個人專心把自己的思維框架打磨好，不報名牌、不販賣焦慮、不FOMO、不炫耀，不因為一次賺到就膨脹，也不因為一次虧到就自毀
說白了，就是把聰明用在長期主義上的地方，專心做好自己的投資，當每個人都願意動腦、肯進行驗證、敢被質疑、還能把話講清楚，這樣的共事環境能不強大嗎？
持續吸引同頻、好奇、且自律的聰明人進來，氛圍會自動篩人，懂的人就會靠過來
當然啦，壓力一定有啦，投資沒有所謂無壓版本
只是我們可以挑壓力的來源，你要的是「讓你變強的壓力」，而不是「把你壓爛的壓力」
我以前帶團隊最常講的觀念是：
思維不能僵化、熱情要保鮮、資訊要過濾、認知要滾動。調整速度要快，但不是亂衝亂搞，是在自己的信仰框架裡做小幅度、機動性的微調
這跟交易一樣，倉位可以彈性，核心配置不能亂調。你如果每天都在追排名，活在KPI下，人的心會慢慢硬掉，最後連聽進去不同意見的能力都變差，那就麻煩了
所以我們真正的目標是把大家帶到一個可以自我迭代的狀態，也就是你面對變化的韌性
講得更簡單一點，就是每天起床你對自己的baseline是滿意的，你知道你在走的路在增厚你的底，像在把人生的夏普比率變高，雖然波動還在，但單位波動的回報也越來越穩
這種穩，不是市場給你的，是你自己養出來的
回到我身邊的案例，很多基金經理，幸福感也跟他們的職涯有很大的關係
我大致粗分兩類人
第一類，老闆做著自己熱愛的策略，慢慢養出一個互補的團隊，研究、交易、風控、後台各就各位，文化清楚、激勵設計得當，打仗像在玩協作型遊戲，一路升級打怪
這種公司常常「在無意之間」把規模做大，因為投資人看得到質地，口碑會擴散，錢會自己來
你說他快不快樂？他累，但大多是滿足的那種累
第二類，老闆每天被績效壓著跑，短線比較、月度打分、年終比排名，內部激勵又沒設計好，做對被當應該，做錯就被釘得滿頭包
這種環境，就算某一年業績很好，人也常常不快樂，久了不是收山就是另起爐灶，或更慘的是在市場裡消耗掉了對投資的愛，心涼掉，什麼策略都沒溫度
兩類最大的差別，不只在績效，更在於他們對「為什麼而做」這題的回答，我發現有時候人到了某一種狀態，常常忘記自己的初心，這很可惜
先講清楚，我不是在鼓吹無欲無求、無欲則剛
人生還是要有目標，但目標要設計得「可達、可迭代」簡單講，就是做完會有成就感、下一步難度再順著你的進步小小加碼，這樣你才進得去、待得住，也越做越有感
一開始就拿自己的起步去對標別人的十億、百億，說沒賺到就不退休，拜託，這真的會把自己玩死
你不是那些大佬，你也不知道人家背後的資產結構、槓桿風險、流動性位置，連人家的睡眠品質好不好你都不清楚
我身邊就有幾個朋友，外人看風光，實際不一定快樂
你想像看看：婚姻出了狀況，一場官司幾億贍養費直接砸下來
二代接班卡關，家族關係天天像開臨時董事會
合夥人翻臉、投資人退場，或是風控一個洞沒補好，市場一反手，帳上就蒸發一、兩億
這種壓力，你說能不大嗎？安全感從哪裡來？幸福感怎麼維持？
難怪很多老闆自嘲：「創業只是把自己從一個火坑跳到另一個火坑。」
自由看起來很大，其實多半被責任綁死
但高手厲害就在，他們懂得主動去找自己的幸福感，把團隊放在正循環的環境裡，激勵設計好、節奏抓穩，讓成長變成一種日常
所以啦，既然上了賊船，就當個快樂的海盜
頭都洗一半了，不如笑著把頭洗完
你要練的是不跟別人攀比，為別人活會很累，改成只跟昨天的自己的昨天比，一天比一天進步就很棒了，這樣你的心流才有機會出現
心流的必要條件之一就是挑戰與能力的匹配，你的目標如果永遠離你十個標準差，你每天只會覺得自己不行，怎麼可能進入心流
那來談談我怎麼設目標
我很早就想清楚，我這把年紀，過四十五歲前，假設有一天過去團隊做量化真的賺到一個數字，譬如說一個億、兩個億、三個億，那我就反退休，回到自己喜歡的節奏，把更多時間放到創造而不是賺價差，放到正和遊戲而不是零和
因為我發現，我一但把時間解放出來，我的創造力、輸出、對人的影響力，是可以1+1>2的
我可以寫更多文章、做更多對談、拉更多朋友一起打怪，甚至把自己的經驗拆成可以被別人拿去用的模組，讓大家走得快一點，這也算是一種人生的槓桿！
這比我永無止境去追下一個十倍的AUM，對我個人的幸福感，貢獻大太多了
那現實中，錢還是要賺吧？
當然要！賺錢不是罪惡，但你不能被綁架，我一樣熱愛賺錢，但我的認知錢在這套系統裡的定位，叫作工具，你不能被他支配
我會把我需要的生活自由度、家人需求、基本的安全感，換算成一個「足夠數」，這個足夠數過了，後面就不以錢為唯一KPI
我會看時間的回報率、自由的回報率、人際關係的回報率，甚至是靈感的回報率
你把指標換掉，你的一天安排自然會改，會開始保留心流的時段、刻意練習的時段、跟同好交流的時段，也會主動把會耗能的人事物做斷捨離
捨棄短期回報，把注意力放到長期回報上，有時候人生自然就會有解答了
那心流要怎麼進入？冥想有幫助嗎？
有人靠冥想，有人靠運動，有人靠儀式感
我的做法很簡單：非必要就先把手機遠離、把通知關掉，給自己一段長時間、不被打斷的deep work時間，從暖身開始，讓腦袋慢慢進轉速，接著進入主線任務，最後留十五分鐘做收尾，寫下今天的洞見，明天繼續，日復一日年付一年，堅持下去
這一套不是什麼高深學問，但我保證有效（希望啦XD)至少我在經營白話投資就是奉行這套方式
你照顧好環境和節奏，心流自然比較容易來
來了之後，你會發現很多你以為必須靠意志力扛的東西，其實根本不用什麼意志力，你是樂在其中的
那我來講講如何把幸福感跟投資做連結
我整理幾個我自己的小心得：
第一，分清楚你在打什麼遊戲，是追逐短線訊息差？還是經營長線認知差？兩種遊戲都能賺，但節奏、壓力源頭、生活型態完全不同
第二，先把風控變成肌肉記憶，能自動化就自動化，因為人一緊張就會犯低級錯誤，把會讓你在壓力下破防的決策，變成機械式流程
第三，對回撤有心理建模，知道自己能承受的是真實數字，不是嘴巴上的數字，多練幾次「小回撤—小復原」的循環，建立信心
第四，堅持寫投資日誌，哪怕每天三行，把自己的假設、結果、差異寫出來，幸福感其實很多時候來自我在進步這個感覺，而不是盈虧本身
第五，跟對的人討論，你講兩句他就能get到重點的人，跟這種人交流或是工作，會讓你進步一個量級，也不會增加你的溝通成本
你要圍繞在一個讓你保持熱情、保持彈性、持續吸收新知、可以被溫柔又堅定地修正的環境
久了你會發現，你不只投資變好，腦袋也比較開明
你會比較願意聽人話、比較願意承認「這題我不懂」、比較敢說「我錯了」，而且你會比較容易站在更高維度的任職去檢視自己既有的認知是不是有瑕疵的
這個能力很少人有，因為每個人都是愛面子的，打從潛意識裡認為「自己尊嚴比真理還重要」
講難聽一點，但還是要認清楚自己是誰，有幾斤幾兩重
豬就是不知道自己是豬，才會一直當豬，不然他早就逃走，不會變成你桌上的菜餚（用這麼粗俗的比喻，希望你聽得懂XD
如果你現在的人生才剛起步，給你一個入門版的「幸福感行動清單」，就當我這個老屁股碎念幾句，照做三個月，體感會差很多
第一，在你的日程表上，固定留一段「對自己最重要、但不緊急」的時段，什麼會議都別塞，純粹拿來思考、讀點新東西、沉下去讓自己進心流
很多人把人生第一順位都丟在「重要又緊急」上，以為這樣很有效率，我認為這是很多企業洗腦員工的一個說法，讓員工維持在高效「為老闆打工」的狀態，但這種狀態對你人生成長幫助是有限的
你去想一個道理，假設一直活在緊急緊張的狀態，腦袋永遠在高轉速，你的決策品質只會一路下滑，你更不可能空出心思去學新的東西
我反而主張把重心拉回「重要但不緊急」的事情上
像是系統化學習、整理認知、跟自己或家人好好相處、做長線規劃
這些看起來不急，但超級關鍵，而且不會把你的能量榨乾
想像你每天都做高強度間歇，身體累到要好幾天復原，你身體充滿皮質醇，沒足夠修復怎麼可能長肌肉？
同理，人生不能天天衝刺，把高強度的「重要又緊急」想辦法降到次要，把地基打好，步伐才會穩
第二，幫你的錢做一個「最低幸福配置」，先搭建出讓你睡得著的投資組合，再去追更高的報酬
很多兄弟太愛追回報，結果把整個人生拖進去，睡不著、狀態走鐘，這很傻。你根本沒想清楚人生的結構設計
用財工的角度來看，就是你先做「Floor + Upside」的結構
Floor=現金流安全墊（12–24個月生活費）＋低波資產，確保你的『睡眠VaR』≈0
Upside=小比例的高凸性部位
高凸性怎麼做？
把每個新機會當作深度價外長天期買權，用很小的權利金（小倉位、可承受歸零）去換非線性的放大
Downside最多虧掉權利金，Upside若成，Delta/Gamma會放大貢獻
倉位 sizing 可以用分數Kelly概念（例如1/4 Kelly），兼顧長期成長與路徑平滑，避免波動把你甩下車
想追求更穩，可以在核心資產上設保護性賣權的心智模型，一般人不一定真的去買PUT，但要有「先付保費、再談增長」的邏輯：先保底、再求快
先讓自己不會爆倉，才有資格談複利
第三，把社交分三圈：補能量的、持平的、耗能的
補能量的主動約，積極約！
持平的禮貌性維繫就好，可有可無
耗能的設好界線，能切就切
若是重要家人，就立邊界、就算是家人也不該讓你內耗
你說這樣是不是很殘酷？不是，你如果不對自己狠，就是對家人的殘酷
如果你的生產力被家人的負能量拖下去，到時候你也會拖累他們
如果你今天是在業界工作，你是一個團隊的領袖，那你更要小心自己的能量！
只要你被耗能的人拖下水，你那天、那週大概都毀了（狀態不好→判斷打折→績效走樣，連鎖效應很快）
換算給你聽：你要是管理一百億的基金，狀態偏個1%，就是一億的落差
一億少掉，管理費、你的績效分潤直接縮水，團隊士氣也被你拖累
就算你現在不是管大錢，邏輯一樣，你的注意力就是你的槓桿
所以不要心軟，把人際當資產負債表管理：補能量的是資產，耗能的是負債，而且是不良負債
不要把不良負債當成所謂人情，該砍就砍，該遠離就遠離，如果連這種風控的道理你都不懂，你人生會充滿到處把你拉下水的人
第四，培養一個跟投資完全無關的興趣，讓腦袋有另一個運動肌群
我自己會打高爾夫，不只是交朋友，更是在練心性：節奏、耐心、場地判讀、情緒管理，全部都像極了資金管理
你不可能每洞都硬攻，跟倉位一樣要有球道管理
當然，興趣要兼顧現實，如果你目標是拓人脈，就觀察你想接觸的那群人玩什麼
很多長輩愛高爾夫，有些圈子愛網球、單車、路跑、潛水
別糾結「我愛不愛」這題，一開始把它當成鍛鍊心智與社交的場域，久了，你會真的從中得到快樂
重點不是運動本身多高級，而是它能不能讓你在「不確定」中維持穩定出手，能不能把你從盤面拉走一段時間，回來更清醒
第五，每個月找一位比你強一點的人，讓他聽你講一個想法，請他毫不客氣挑十個你的毛病
一開始你可能會臉紅、會不舒服，沒關係，這就是在培養你反脆弱的能力
把實質建議跟你的尊嚴區分開來，尊嚴不值錢，實質建議才有用！尤其是高手的建議
被指出缺點千萬不要往心裡過，因為高手以前被羞辱的時候你沒看見，他一定也經歷過你經歷過的東西
開明絕對是一個無價的資產，它有機會讓你多賺很多，不開明很容易讓你一次賠到怕，這點要有自覺
最後，把這五件事連續做三個月，你會明顯感覺到內在的續航力被點起來
他不會讓你突然暴富，但他會讓你慢慢變富，而且在慢慢變富的過程得到幸福感！
你會發現你睡得比較好、判斷比較穩、出手比較準、從傷痛中復原的速度也比以前快
當你能穩定維持這種狀態，投資的幸福感，不用追，它自己會跟上來
那回到投資的這一塊，很多人一想到「幸福感」，腦袋就直接連到損益表：今天虧了，就是不幸福，今天賺了，才算幸福
如果你是這樣做連結，投資很快就會變成一種自我折磨，因為你的快樂變成建築在外在不確定不可控的事情上，市場每天都在變化，你的心情也會被牽著走，這件事要怎麼改善？
我的做法很簡單，就是接受他！你沒聽錯，虧錢不快樂很正常，別硬逼自己「虧也要笑」，但我們要練習做到兩件事：
第一，把虧損當學費，但學費不能白繳
每一次虧，具體你學到了什麼？下一次你要怎麼改？把它寫下來，寫成條列、寫成流程都行
重點是：別讓自己虧到沒子彈、甚至直接破產
這就回到資金控管跟風險控管，每一次的學習成本都要可承擔，金額要在你可負擔的學費區間內，這樣你才有本錢多試幾次、把樣本數拉高
換個比喻，你可以把每一筆嘗試，當成你買了一張深度價外的便宜選擇權，權利金就是那點可控的損失，重點是你換回來的是經驗的時間價值跟視野的隱含波動
能輸得起，你才捨得試
捨得試，你才慢慢把策略校準到合你手感的版本
第二，把注意力從「結果」拉回「過程品質」
老實講，在市場這個高不確定的場域，「好決策」不必然對等「好結果」，你會看到有人亂做也賺到、有人做對流程卻短期虧錢，這很讓人FOMO，也讓人很心裡不平衡
如果你只用結果論去評價自己，幸福感的就會越來越低，因為你把自我價值全外包給了波動這個不可控因素
你需要的是更高一層的視角去看你的「決策系統」：當你接受「做對決策但短期輸錢」這件事，你才會持續把精力投在正確事情上，讓長期期望值替你說話
但這很違反人性，怎麼克服？
我的解法是把「績效」從唯一指標降權，讓人生裡有別的滿足來源
你可以把投資當副業，主業讓你維持穩定與節奏
或者說，投資本來就是你的主業，那就把樂趣分散在研究、帶團隊、建文化、打怪升級上
讓你每天都有能量來源，而不是只靠帳面盈虧過日子
同時，慎選「同溫層」跟「投資人」
外部期待會反向塑造你的決策品質，如果你的LP只看月月排名、季季比較，你很難不被短線牽著鼻子走
反過來，支持你按照招募說明書的節奏去做對的事（而非討好行情）的投資人，會讓你更穩地把系統跑完
巴菲特早期找合夥人時就說得很白：不保證每年都賺，而且要求合夥人尊重巴菲特的紀律來
結果年年打敗大盤，因為這樣的契約設計，才留得住做對事的節奏，以及留得住願意等你做對事的人，所以才呼應我上面講的，一定要把你身邊消耗你的能量的人、或是急著看到結果的急性子遠離在外，盡量不要讓這些人參與到你的人生決策裡面
如果要用一句話總結我對幸福感的看法：
幸福感是你人生投資組合的超額報酬，來自三個一致：
跟自我目標的一致+跟日常行為的一致+跟所在環境的正循環一致
把這三個一致盯住，錢多半只是水到渠成的結果
時間會站你這邊，人會靠過來
到最後你會發現幾個有趣的事情：
所謂成功=做我喜歡的事+剛好也是我做得不錯的事+而且我可以每天再做一次
所謂運氣=每天做我喜歡的事+剛好我的努力被人家發現+而且我的努力剛好被槓桿放大
～寫完了，感謝各位看到這邊"
貼文184_第1串,"這不是TAC連結唷，這是詐騙群，請各位小心冒牌帳號
/"
貼文185_第1串,"（花蓮堰塞湖事件的感慨）
昨天花蓮那件事，看完心裡還是有一點悶的
人就這樣走了，堰塞湖一崩，幾個家庭就這樣沒了
難過是難過，但說真的，過幾秒又恢復平靜，可能人到一個年紀，知道這世界就是殘酷，天災人禍誰也不挑人，輪到誰就是輪到誰，宿命嘛，又耐他何
電視上中央、地方開記者會互槓，支持者各自找戰犯，罵到臉都紅，泥巴還是不會自己乾，罵也罵不回來一條命。最難過是家屬，明明已經傷到骨裡，還得看大家把他們的痛拿來消費一輪
昨天寫文章寫到一半，心情有些阿雜，就去打球
幾個傳產的老闆揪一揪，場上還沒熱身，先說好一人出多少，捐一筆就過去，不囉嗦
他們看政府從六○年代一路看過來，見多了，嘴上是會小幹譙，不分藍綠，因為兩黨的紅利大家都吃過，場面話也聽夠了，大家都很冷靜
台灣現在的局勢怎樣，心裡都有數，真要講責任，誰都跑不掉，可是吵來吵去，今天救援會快一秒嗎？不會
說穿了，人民才是最容易被PUA的那群
上班替老闆打工，繳稅替政府賣命，出產能、出勞力、出投票率
一遇到災難，劇本就來了：情緒先煽一波，切割、甩鍋、隊伍站好，吵給你看，大家各自爽到，下一波選舉的素材也收好了
（續
/"
貼文185_第2串,"最殘忍的是，人已經走了，家園也破了，還得被迫坐在台下，配合看完這齣戲
你說要不要氣？會，但氣完呢？還是得回去面對現實
很多人會問，國家能不能再做多一點？當然要，但別太期待國家能替你把所有事都扛完
這句話不好聽，可是是實話
四五十歲的人，看多了就知道，人性有時候真的不怎麼好看
利益來了，嘴臉就換得很快
風向一轉，昨天的英雄今天也可能被踩
人心如此，制度也差不多，沒有什麼事情是完美的
不要用太浪漫的眼光看它，把自己弄強一點點，學會保護自己和家人，能自救就自救，能互助就互助
/"
貼文186_第1串,"（如何跟不確定性打交道）
老實說，我本來不太想跟大家聊「虛」的東西，但今天突然想破例～
畢竟，雞湯喝多了，常常會讓人變傻子（誤
大腦系統還沒裝半點東西 ，整天想跟人家要壓縮好的懶人包，壓到最後只剩口號，有時候市場一巴掌就把你拍成傻瓜
可偏偏很多觀念，得自己在市場裡被修理過後才能體會，絢爛之極，方能歸於平淡
但如果腦袋本身就裝不下多少東西的兄台，那就先把基礎打厚一點，硬核知識札深一點，再來看我寫這篇雞湯XD
交易說穿了就是跟不確定性打交道
投資交易要做好，那最重要的關鍵就是：期望值
期望值寫出來不過就是一行字E = p × G − (1−p) × L（p 是你賺錢的機率，G 是平均賺多少，L 是平均賠多少）
但期望值我認為是廢話中的廢話，你在下單當下你怎麼會知道你的確切期望值是多少？
就算你有回測數據那也是過去式，不能說明什麼
（續
/"
貼文186_第2串,"畢竟，市場跟德州撲克那一套不同，牌局的機率是寫死在規則裡的，市場的機率會變、分布會變、樣本也會變
今天你以為 p 是 0.6，明天 regime 一換，0.6 變 0.3 還不打緊，連 G 跟 L 的尾巴都加粗
很多人把可計算的賭局直覺搬到不可計算的市場，第一關就卡住了
要在充滿不確定性的市場裡活下來，我們要引進一個初步的概念，叫價格波動（σ），σ告訴你的是在最近這段時間價格平均一天會晃多大
接著把盈虧比直接綁在σ這把尺上
停損距離設 k₁×σ，停利距離設 k₂×σ，這一筆的盈虧比 R = k₂/k₁
這麼做的好處在於，σ 變大，你的距離會自動變寬、部位自然縮小；σ 變小，距離自然收斂、部位可以放大
舉個例子，假設最近日內 σ ≈ 2%，你願意每筆最多冒資本 1%
把 k₁ 設為 1.5（停損 1.5σ），k₂ 設為 3（停利 3σ），R=2
那部位大小大概就是 1% ÷ (1.5×2%) ≈ 33% 的等值曝險
哪天 σ 膨脹到 4%，同一套公式會把部位自動砍到 ≈ 17%
σ 回到 1%，部位又會回升到 ≈ 67%
（續
/
View 7 more"
貼文186_第3串,"（從債券波動率來聊聊巴菲特清倉比亞迪，文長）
巴菲特老爺把比亞迪清倉了，這筆投資從 2008 年一路抱到現在，17 年告一段落
媒體口徑不太一樣，有說獲利逾 30 倍、也有估約 40 倍，反正不管怎麼樣，算是一個很好的收官
如果從產業的角度切入的話，各位應該不難發現，比亞迪在中國國內銷售連續 4 個月下滑、三年來首度單季利潤轉弱，公司處在一個更競爭的大環境，而且估值也更難靠故事支撐
很多人會把老巴賣股解讀成「他是不是他看到什麼風向在轉變？」
與其說他預言未來，不如從他一貫的投資紀律來看這次的清倉
老巴做投資，總結四個重點：現金流+護城河+管理層+安全邊際
但他也很在意風險預算與資產池的波動特性，也就是當一個龐大的部位，未來的結果分佈開始拉寬（尾端變肥），就算長期故事還對，他也會選擇在漲多、流動性好、替代機會不錯的時候慢慢退場，而這次比亞迪，我看就有這個味道
如果你跳脫產業面的角度，從宏觀的總體經濟來看，有不少理由支持老巴在這個時候出場BYD
（續
/"
貼文186_第4串,"就以債券波動率傳導作為說明好了
固收、外匯、大宗商品其實是全球資產定價的底層，尤其美國國債收益率這條主軸
不只反映經濟與政策，也牽動企業估值的分母（貼現率）與投資人願意承擔風險的溢價
過去三年，美債 10 年期利率大致圍繞 4.3～4.4% 附近收斂震盪，債券波動率（MOVE 指數）一路被壓低
各位可以去把走勢調出來看，當波動率收斂到最後，市場其實在等下一個引爆點，一旦突破，債券的波動會先動，然後才是股票那邊跟著放大
更仔細一點來看這個傳導邏輯，債券收益率如果往上竄，權益端會先被分母打壓（利率上去、估值被壓）
但如果收益率是因為景氣轉弱而快速往下掉，那股市會被分子打壓（盈利往下修），兩條路最後都指向同一件事，就是權益波動率升高！！只是理由不同，這是跨市場的傳導機制￼
2025 年這個時間點，聯準會的注意力其實已經從「通膨＋就業」慢慢收斂到更聚焦就業本身
就業如果惡化，債券收益率更可能向下斷，MOVE 也會抬頭，然後把波動傳遞給股市
如果通膨又來一記冷箭，收益率向上衝，權益端同樣吃分母的苦
反正無論收益率向上或是向下都能把波動放大，差別只是故事版本以及何時引爆
（續
/
View 4 more"
貼文186_第5串,"(你是用時間換金錢，還是用金錢換時間？)
這問題我當年 35 歲離開職場時，天天在腦子裡打轉
認識我的朋友都知道我以前是標準的工作狂XD
每天可以工作十五個小時，永遠在追著「重要又緊急」的案子跑
今天是客戶的需求，明天是老闆的deadline
下班後在幹嘛呢？就是喝酒、倒頭就睡
說是休息，其實只是為了隔天能繼續幹活
人生起伏很大，心情全被工作牽著走，氣色差、精神差，更別提拿時間出來提升自己
那些年我練的技能，老實說，都是為了幫別人打工
後來我開始明白，如果把注意力永遠放在「重要又緊急」的事上，人生就會被榨乾，因為他非常耗能，所以你休息的時候基本上腦子是非常放空，而且沒有辦法去學習新東西充實自己的，所以當時我自嘲自己是一個沒有靈魂的賺錢機器XD
後來我把注意力放在那些「重要但不緊急」的事：身體健康、持續學習、好好經營關係，還有創造一些能屬於自己的東西，我為了能把時間「投資」出去，讓未來更輕鬆的事
所以我轉了一個彎，很多人說我是退休，但我不覺得
（續
/"
貼文186_第6串,"我現在每天還是有工作，每天持續輸出，投資也在跑，只是我自認活得比大部分「真正退休」的人還舒服。因為我有時間讀書、寫東西，保持更清楚的頭腦關注市場動態，時間被我自己掌握
你要說這不叫退休？隨便啦，你怎麼定義都好
啊有些人可能會說：「你講得輕鬆，我有現實層面考量（婚姻、家庭等），走不開，你這就是站著說話不腰疼」
但我會反問：你確定這些走過來的人都是站著說話不腰疼嗎？
你只能承認一個事實，人家是狠人，但你不是
其實有些人是被圈養習慣的小白兔，丟到叢林裡真的會餓死，你說別人的方法不適合你或是不符合現狀，不是方法有問題，是你根本沒打獵的心態
出身比你慘，但心態比你積極的人多的是
叢林法則講的是嚴以律己、對自己發狠；小白兔的本能則是取悅主人，換一口更好的飼料，然後爭取再活一天的機會，你嘴炮這些打獵的人？那我也無話可說，這沒有對錯，你的人生選擇自己負責就好
所以我理解那些覺得走不開的人，因為我自己也曾經卡在那裡。但我的轉折點，就是逼自己抽出來，放到那些不緊急但重要的事。這種東西就涉及取捨哲學，你不能什麼都要，要家庭又要時間又要財富，這麼好的機會怎麼可能落到一般人身上？
/"
貼文186_第7串,"（從一些社會變遷及人口政策來思考「為何台灣低生育率」￼）
平常下午只要沒事，就會跟朋友約個下午茶聊東聊西，其中聊得最深的就是育兒議題
我這幾個朋友背景都蠻有趣的，有的在投行打滾，有的是自己創業，收入說真的在台灣已經算是中上水準
撇開那幾個到現在還單身的羅漢腳，其他幾位年紀也都四十出頭，家庭還算穩定，房子有了，太太也都過得安穩
但奇怪的是，小孩呢？一問才知道，他們夫妻倆根本沒有要生的打算
這讓我有點納悶，以他們的經濟條件，要說養不起孩子，怎麼看都不像問題，可是他們卻直接搖頭說：「沒有考慮，太多顧慮了。」
這句話倒是讓我想了很多，以前我們聽長輩說，結婚生子是理所當然的事，甚至不生還會被當成不孝
可現在，像我身邊這些在市場上混得不錯的人，居然連生孩子這件事都當成一個不必要的選項，這可見不單單是錢的問題，很大一部分是背後整個社會氛圍還有個體意識轉變
我就想起一個核心問題：我們真的太習慣用經濟條件來判斷一個人要不要生小孩
但實際上，真正影響的往往不是錢多錢少，更多是來自於那種無形的壓力，買房的壓力、教育成本的壓力，還有那種一旦踏進去就很難回頭的長期承諾
（續
/"
貼文186_第8串,"台灣跟大陸、日本、韓國的處境其實有點像，大家都在面對低生育率，政府一邊焦慮人口老化會拖垮財政，一邊拼命端出政策補貼
但問題是，補貼有用嗎？
你給個一萬、兩萬，真能讓一個人從「不敢生」變成「敢生」嗎？我朋友說這種補貼根本沒鳥用￼
這件事情的核心，說穿了還是房子
我舉個例子，我一個學弟明明收入不算差，但他堅持不生，理由就是買不起台北的房子￼
他想得就很周到，如果連落腳的地方都沒有，生出來的小孩要住哪？
難道讓他跟爸媽擠在同一個屋簷下？
￼不少年輕人的思路其實是：居住成本太高，先不急著同居或成家；結果是談婚論嫁往後延、初婚年齡上升，生育也跟著延後甚至作罷
久而久之，新增的剛性自住需求放慢，人口與房市就被這個連鎖反應影響，人口是一個長週期的變數，會牽動經濟、資產價格、債務結構，人是創造財富的主體，也是最後要承擔債務的主體，當年輕人普遍不願生、不敢生，對經濟的影響，說小是家庭選擇，說大卻是國家結構性的危機
當然，也有人會說，這不是台灣獨有的問題啊，歐美國家一樣面臨老齡化
但差別在於，西方很多國家可以透過移民去平衡，美國、加拿大、英國，人口下降了，就放寬移民政策，把人力補上去
(續
/
View 3 more"
貼文186_第9串,"前幾天一個同學問我：為什麼很多海外量化基金根本不要金融科系畢業的學生？
說來傷人，但我還是要講一個殘酷的事實….就是因為金融在這一行的技術含量，說實在的，並沒有那麼高
金融知識本身是有限的，最多就是 CFA、FRM 這種框架，兩三年就能啃完一輪，可是真正難的，是數學跟演算法、建模、統計推導、機率分布、隨機過程blabla這些哩哩摳摳的東西才是量化的靈魂
你金融科系背景再硬，沒有數理功底，最後還是門外漢，除非你之後找時間自己硬啃過來或是遇到貴人指路，不然真的不容易
我以前在新加坡的時候，有個數學系的朋友，後來跑去對岸進了一家量化基金
前陣子他回台灣，我們見了個面，喝了點小酒
他就跟我說，現在他們招聘根本不看你是什麼金融碩士、MBA，甚至金融博士都未必有用
他們要的就是硬底子的數學、物理、統計、電腦，甚至更極端一點，很多同事本科就是那種高中就拿物理奧賽、數學奧賽出身的，或者 ACM、ICPC 拿過獎的，這些人一進來就能解決建模和演算法的問題，馬上能上手，這個人根本就是人中之龍
（續
/"
貼文186_第10串,"你可能會想：「可是金融不是金融市場的基礎嗎？沒有金融怎麼做量化？」
這裡的關鍵在於，金融知識在量化裡面屬於「有限集」
什麼意思？你把金融理論當作一個池子，裡面就是 CAPM、APT、BSM、利率期限結構、風險溢酬、套利定價，差不多就這些東西，學完就結束了，沒有無限延展的空間
相反，數學和演算法才是無限集，演算法題永遠有下一題，統計模型永遠有新的形式，計算力永遠可以疊加，所以基金要選的，當然是能解題、能建模、能搞演算法的人
再說到程式語言，之前我就有發一篇文章吐槽，結果很多人來回吐我XD，
確實跟一些人聊下來會發現，還是有少數人以為學會 Python 就可以去面試量化….實際上，高頻交易環境裡，C++ 才是主流，因為對延遲敏感
Linux 系統也要會，因為伺服器環境都跑在這上面，資料庫也要熟，MySQL 是基本款
換句話說，量化基金要的其實是「半個工程師血統」，而不是「金融書讀得滾瓜爛熟的書生」（我自嘲我是後者，半路出家有沾到一點工程師的血液XD)
（續
/
View 3 more"
貼文186_第11串,"借金融巴別塔William大大的文章來衍生一些話題（大家可以追蹤他的Y T頻道，講解的口條很好)￼
如果你是備考CFA或者FRM的同學，你會記得波動率這個概念會放在課本的很前面，至今為止我認為波動率的概念算是理解投資交易或是相關金融知識很重要很重要很重要的基礎！
但是一直到你哪怕讀到財工博士，你對波動率交易也未必能夠掌握，因為越簡單、越是入門的東西，往往是你一輩子都搞不明白的概念
簡單來講，價格有方向，波動率就是幅度。方向猜錯會讓你輸錢，但如果你能掌握市場會大波動還是小波動，其實也是一種很強的 edge
直接交易波動率的工具很有限，大家最熟的應該就是 VIX 相關的產品，CME 上有 VIX 期貨、VIX 選擇權，甚至還有VIX 的 VIX（也就是波動率的波動率）
但老實說，市場流動性沒有想像中那麼大，hedge fund那種幾十億美金的單子要進出根本塞不下去
所以這條路比較偏向小資金或者策略性配置的玩家
(續
/
williamtantwm
09/15/25
感覺分享VIX（恐慌指數）的評價方法好像是個不錯的idea!
從這個角度延伸選擇權評價，
然後帶到VIX跟VIX futures（期貨）的不同，
感覺很有趣！
也是個提醒更多人VIX本身不能交易，
只有衍生性商品可以做的好機會！"
貼文186_第12串,"大多數專業投資人做波動率交易，還是繞一圈回到期權市場，期權價格裡面直接內建了隱含波動率IV的訊號，所以買賣期權，本質上就是在押注波動率會高還是低，而這裡就牽扯到一個很有意思的特徵:均值回歸Mean Reversion
畢竟波動率不太像股票，它不是可以無限往上漲或往下跌的，股價可以從 10 漲到 100、1000，甚至 1 萬，但波動率有一個合理的區間
你不會看到它掉到負數，也很難長時間維持在極端高位，長期下來，它會被某個均值吸引，就像磁鐵一樣
舉例，如果現在 VIX 在 10 以下，那基本上就是市場過度自滿，下一步通常就是會反彈上來（但不是絕對！）相反的，如果 VIX 爆衝到 50，那很大機率會慢慢掉回去
很多人問，那我知道了這個道理，難道就能賺錢了嗎？當然沒那麼簡單
（續
/
View 3 more"
貼文186_第13串,"我最近發現一個很有趣的現象：有些經歷過很嚴重trauma 的投資人（大賠、爆倉、甚至破產）這種人再回來做單時，潛意識裡常常埋了很多負面元素，腦袋裡還沒下單就已經預演出幾百種災難場景
問題是，交易這東西，本來就夠燒腦了，你還要背著心理陰影走進市場，等於是手裡拿著一把刀，刀口卻永遠對著自己
我反而覺得，有時候適度裝傻沒什麼不好
當一隻快樂的小鳥，甚至快樂的鴕鳥，把頭埋在土裡，暫時隔離那些過去的傷，未嘗不是一種生存之道
有人會說這是鴕鳥心態、不敢正視問題
但你去想，正視了又如何？
你盯著傷口看，情緒變得更糟，滿腦子都是輸的畫面，搞得自己 losing your track，結果績效也一直losing streak
這樣叫面對問題？其實只是讓自己陷更深
交易員不是機器，你不可能永遠硬幹，永遠 rational
你是人，就需要乾淨的思考邏輯，說得簡單一點，就是要懂得 reset
有時候最好的 reset 方式未必是去回測十年的數據，有時候放空自己，出去走一走，陪陪家人，去聽聽朋友的喇迪賽講幹話，甚至看看夜市攤販怎麼收錢找錢
你會發現，靈感說不定就在那些小日常裡突然冒出來
（續
/"
貼文186_第14串,"有趣的是，我見過一些老 trader，真的因為這樣放空而把腦子思路拼回來
他們說某一天，突然覺得邏輯清楚了，情緒也不那麼吵了，交易就順了，大腦就是這麼神奇
所以啊，當一個快樂的鴕鳥，或許不是壞事。與其拿著傷口往市場裡硬砸，不如偶爾裝傻，讓自己有空間恢復呼吸
畢竟這市場沒有誰能永遠贏，但能笑著活下去的，才是真正的贏家，哈哈哈哈
/"
貼文187_第1串,"經營 Threads 這段時間，我發現一個很有趣的現象：你碰的話題越多，你掉粉的速度越快
道理很簡單，每個話題都有正反，踩到的腳越多，反對的人自然就越多
你以為自己什麼都懂，結果什麼都講，最後變成什麼人都不喜歡
這很吊詭，很多人想做自媒體，心態就是「我多元、我全能、我什麼都能聊」
可現實卻是：你聊越多，敵人越多，朋友越少XD
因為觀眾不是來看你通才，他們是來找共鳴的
你今天講投資，他們覺得你懂
你明天講感情，他們開始皺眉
你後天批評某個產業，馬上有人退追
所以很多人做內容，等於是把所有人得罪一遍
一輪聊下來，不是你收穫了多少粉，居然是你收穫了多少黑名單
這現象很現實，也很有意思
因為它逼你思考：你到底要做一個討好所有人的人，還是做一個真正有立場的人？"
貼文188_第1串,"(淺談期權波動率策略的一些坑）
之前跟幾個在對岸資產管理公司的衍生品交易員做交流，我發現他們聊波動率的方式，跟我們這邊有些不一樣，畢竟對岸市場被人為扭曲，導致蠻多極端情況出現，對此我很想了解他們到底是怎麼在這樣的市場生存，希望我能得到一些啟發
比方說，最經典的就是 A 股的隔夜消息效應，台灣人做股票也知道，常常一早開盤就被昨天晚上的消息打臉，但在 A 股，這種狀況更誇張
因為下午三點收完盤後，政策、新聞、甚至一個小小的公告，都可能在晚上丟出來，隔天直接跳空
（美股雖然也會有盤後消息，但那邊有盤後交易，價格會先部分反映，台灣雖然也有隔夜缺口，但幅度通常有限）
相比之下，大陸市場政策干預更頻繁，散戶比重大，所以一個晚上直接改變世界的情況特別多XD
這也難怪他們會說：在 A 股算波動率，模型只是參考，永遠要留點 buffer，否則隔夜就會被教育
（續
/"
貼文188_第2串,"還有一點我覺得很有意思，就是他們在做hedge的時候會發現執行價的間距很大，導致實務對沖操作難度大增，比方大家在做 Gamma 對沖的時候都知道，保險要買得夠貼近現價才有用，但在 A 股，有些 ETF 期權的行權價是 0.25 元一檔，比如標的在 5 元，下一個執行價可能就跳到 5.25
這對做風險管理的人來說很尷尬，因為你要 hedge，發現保險離火場太遠，等真的燒起來，滅火已經來不及了，這就是他們市場結構的限制，他們不得不接受
這些結構問題，讓很多人做short vol的人又愛又恨，表面上躺著收 Theta 好像很舒服，但只要碰到一個隔夜事件，Gamma 立刻炸裂，保證金一下子就被吃掉….對岸的交易員開玩笑說：「在這邊做賣方，不是練策略，是練心臟」
我聽了也只能笑，因為這種場景在國際市場比較少見，但在 A 股卻是日常
不過這樣的市場，也不是說沒機會，總之規則越多就一定有越多漏洞可以鑽（但有時候未必是以漏洞的方式呈現，更多是以市場效率低下的方式讓精明的交易者去撿便宜）
（續
/
View 4 more"
貼文188_第3串,"（中美通脹為什麼會走出完全不同的路？以及淺談原油定價權）
這幾天剛好在回答朋友一個有趣的話題，內容有點長，分幾個部分來論述
中美這兩個全球最大的經濟體，為什麼疫情之後走出了完全不同的通脹路線？
同樣都經歷疫情衝擊、供應鏈混亂，可是美國一路物價高漲，中國卻陷入低通脹甚至通縮的壓力，何以？
這其實背後藏了很多宏觀上的差異，也反映出各國政策思維的不同
先說美國，疫情期間美國政府大撒幣，直接把錢送到居民手上，結果需求瞬間被點燃
想像一下，一堆人宅在家，收到政府發的支票，電腦一打開，Amazon 下單、Tesla 下單，整個消費被推到天花板
問題是供給沒辦法跟上，工廠停工、運輸受阻
結果就是典型的需求強、供給弱，通膨自然飆上去
再加上美國的 CPI 裡面住房占比高達三成多
房租、房價有黏性，不可能說降就降，所以美國的通脹降溫速度一直慢慢磨，很難快速壓下來
反過來看中國，路線就完全不同
疫情後中國的政策重點不是發錢給居民，而是保企業、保市場主體
（續
/"
貼文188_第4串,"意思就是說，工廠還是得活著，供給端要撐住，可是居民口袋沒有被直接塞滿，需求恢復就慢很多
再加上地產收縮，居民債務高企，結果就是供給在，但需求不振，物價自然壓不太上去，這就形成了美國高通脹、中國低通脹的局面
我覺得這裡面有幾個結構性差異特別有意思
比如 CPI 的權重設計，中國的 CPI 食品占到 27%，居住只有 18%
美國剛好相反，住房就占了 35%，食品只有 15%
這就導致兩邊的價格表現完全不同：
中國的通脹常常被豬肉價格牽著走，甚至十幾年前還出現一個很好笑的現象，中國CPI會被豬肉供給週期拉著走（對岸稱「豬週期」），反觀，美國的通脹則被房租卡住降不下來
這些統計細節看起來很無聊，但其實決定了通脹的基因，這些背景資訊大家可以先記起來，對於之後的推論會有幫助
講到這裡，有人可能會問，那除了政策選擇和 CPI 結構，還有什麼其他因素讓兩國差異這麼大？
有一個很重要的點就是逆全球化
以前中國出口大量便宜貨，美國消費者等於間接享受了低通脹福利
可自從中美摩擦加劇，加上供應鏈搬去東盟、墨西哥，這些地方成本相對高，美國的進口價格自然墊高
（續
/
View 3 more"
貼文188_第5串,"以前當兵的時候，班長常講一句話：「一個口令，一個動作」意思很簡單，叫你做什麼你就做什麼，不要有太多自己的意見
那個環境下，確實不用動腦，你只要把口令聽進去、執行到位，事情就結束了
畢竟軍隊需要的是統一的紀律跟思想，假設10個人有10個頭腦，那軍隊大概也不用玩了
但我後來在市場裡面混這麼久，慢慢發現一件事：人生有時候真的要分清楚，什麼時候該動腦，什麼時候不該動腦
很多人是搞不清楚，該動腦的時候不動腦，只想跟風。不該動腦的時候偏偏意見一大堆，結果搞得自己什麼也沒學到
就拿我前陣子在 coffee chat 遇到的一些小朋友來說吧
他們會來問問題，我其實蠻樂意回答的，但問題分成兩種：一種是有確切答案的，一種是沒有標準答案的
前者就很簡單，你不用想太多，我回答的東西你就照做，靠執行力就可以，不太需要動腦
比如說我叫你先去看什麼書、每天花多少時間練習或是我可能會叫你把我threads上目前寫的公開文章全部看過一遍，目前累積30萬字，也不用花你多少時間
這些都是 SOP，你不用懷疑，就像當兵一樣一個口令一個動作，你只要照著做，時間到位，累積起來，自然就會有料
（續
/"
貼文188_第6串,"可是偏偏有些人還沒開始執行，就腦袋裡冒出一堆「可是某某某說…」、「我會不會…」、「是不是」類似的問題，然後問完一次，下禮拜又問一樣的問題，好像我沒講過一樣
這種狀況一出來，我其實心裡就很明白，你不是聽不懂，是你執行力有問題
執行力差，通常有幾個深層原因
第一種，要嘛你就是問爽的XD
別懷疑，有些人真的就是走馬看花，東學一點西學一點，靜不下心來做好一件事，所以學不精，他的問題自然就會很多。在你還沒開始之前，看什麼都是障礙；當你真正行動起來，才會發現每一步都有解
第二種，就是你的本金太少，風控能力跟風險承擔力都低，所以只要一想到不確定性就會焦慮，結果搞得決策癱瘓，這個我幫不了你，這個你要分析你自己自身的問題找答案。
第三種，就是想耍小聰明，總覺得「是不是還有更快的方法？」「是不是有沒有一個小捷徑？」這種耍小聰明的心態一旦出現，就注定學不會。
因為你做事情根本沒辦法全力以赴，偏偏在不該耍小聰明的地方耍小聰明，比方說累積基本功，這種東西都是要靠你實打實花時間去做，別人幫不了你，至於要耍小聰明也是等你基本功累積之後的事情。
（續
/
View 3 more"
貼文188_第7串,"看到這篇貼文，我想到幾年前我還在 PTT 潛水時，遇到過一個很特別的鄉民
這人幾乎每天都會事前發行情分析，事後再貼對帳單，十次裡面有七八次是賺錢的，靠的幾乎都是融資買進，那時候大家都覺得他神，但我後來看出一些端倪
因為那段時間正好是低波槓桿牛，他其實就是吃了滿滿的 beta money，這種環境裡，你加槓桿敢 All in，確實很好賺
但問題是，這種東西要從行為金融學的角度去看，如果你沒有提前買保險，等到高波到來，會很快被扛出去
為什麼？margin call本質上就是跟波動度掛鉤
波動低的時候，券商的保證金 requirement 看起來很鬆，你可以開很大的槓桿
可是一旦波動飆起來，風控模型馬上上調保證金需求，你原本的槓桿瞬間不夠用了，部位立刻被 margin call，這就是第一層風險
第二層風險就是流動性踩踏
就算你設了停損一樣沒用，當大家都在火災的大門口往外衝的時候，流動性瞬間蒸發，你那張單子根本出不去
這位鄉民本質上就是這樣的人，靠低波行情賺了自以為穩賺的槓桿財富，但沒有意識到 regime shift 來的時候，這些倉位會反咬他，怎麼來的就怎麼去，浮生若夢
（續
/
dr.fmyang
股癌
08/29/25
作為股癌的忠實聽眾，最近一集EP587講的蠻深刻的，分享給大家。 他的主要體會是：「你跟人家講一萬句都比不上他直接吃屎一次」。意思是，與其在別人犯錯之前不斷地給予建議，不如讓他們親身體驗一次錯誤，然後再幫他們修復，這樣你反而會成為「好人」。
如果在他犯錯前講了一大堆，即使他避免了錯誤，他仍可能討厭你，覺得你講太多，甚至幻想如果沒聽你的建議可能會獲得好結果。
因此，他建議大家對這種傾向要節制，只對「最親近的人」才可能這樣做，但即便如此也仍要控制。建議應當克制，並讓他人有機會從自身錯誤中學習，而非一味地給予指導"
貼文188_第8串,"當時我有沒有想過提醒他？
有，但最後選擇閉嘴
因為人在賺錢的時候，你去潑冷水，他只會覺得你是酸民，甚至覺得你是看不懂年輕人玩法的老傢伙
這種 timing 說什麼都沒用，市場該教的課，它自己會收學費，而且還是高利貸XD
所以我後來的角色就只是聆聽、看戲，安靜拿爆米花吃瓜，因為有些東西，不是你講一萬句能讓人理解的，你要讓他真的吃過一次屎，才知道那味道多臭（抱歉，很髒但很貼切）
這也是我慢慢學會的，市場跟人生一樣，有些東西不能劇透，每個人都要自己交學費，用自己的本金去買那張門票，才知道這遊戲有多殘酷
能忍住不去幫別人的人生劇透，反而是一種修養XD
/"
貼文189_第1串,"跟一些 90 年次以後出生（00 後）的小朋友打交道有時候還挺有趣的，好處是，你可以很快知道年輕人現在到底在捧什麼
像我們這一輩的人，對年輕人很多東西真的看不太懂
你說 LABUBU 這種公仔，說白了就是個小怪獸，我第一眼完全 get 不到那個點，結果一群小孩搶破頭，好像在買限量股一樣
要是 20年前，這種東西頂多放夜市玩具攤，誰想到現在能炒成金融產品？
不只是公仔，潮鞋、NFT、甚至那些奇奇怪怪的聯名款，我們這些傳統金融出身的，很多時候就只能摸摸鼻子
因為在舊有的邏輯裡，估值要有個依據嘛，你要有 cash flow，要有 asset backing
結果他們玩的是情緒溢價，是社群共鳴，是IP 宇宙
如果你硬套傳統模型去算，保證是算不出來的
所以我後來學會一件事：面對這種現象，最好保持點新鮮感，別急著用老眼光去否定
因為在市場裡，本來就有兩種價值：實體價值跟情緒價值，如果分不清楚，就很容易錯判
（續
/"
貼文189_第2串,"所以我常跟人家開玩笑，我不太喜歡別人把我歸類成60 年次那一輩，聽起來好像我跟上個世代綁死
其實我 69 年次，但我都跟人家說我是1980 年代的人
因為 80 年代這個說法比較有彈性嘛，一邊踩著舊世代的尾巴，一邊又剛好搭到新世代的車廂
老屁股是老屁股，但我心態還算開明
/"
貼文190_第1串,"前幾天有人跟我說，要不要組個交易團隊，養幾個年輕交易員，一起打天下
我聽完笑笑，說實話我早就過了那個年紀
十幾二十年前搞大戰隊或許還有勁，現在市場節奏快到像打電競一樣
我光是要不要多開一個帳號下單都要猶豫，還養一批人？
成本不只是錢，還是時間跟心力，嗯⋯想想真的划不來
有人說，那不然訓練新人
我心裡os⋯⋯訓練？我這人沒那個耐性
真要講訓練，我頂多就是丟幾本書給他們，剩下自己去啃
比如 John Hull 、Larry Harris 的幾本著作叫他們自己看
至於其他書就問一些現行在quant desk 的小朋友，問他們看什麼書，你就去買來看
這種東西更迭很快，五年前的東西現在說不定已經不能用了
這些東西我以前都是邊做邊學，根本沒人在 spoon-feeding
了不起就給他們路徑，走不走得下去，看個人造化
另外，別小看現在的年輕人，老屁股未必有能力「訓練」他們
大方向、資金流、宏觀框架，或許我比他們完整
但在 micro-level 的 execution，他們有絕對優勢
（續
/"
貼文190_第2串,"尤其execution 現在根本就是 algo 的事
年輕人做的是 model tuning、slippage 測算，這些細節他們肯定比我熟
就像年輕人打電競一樣，老屁股還跟他們硬拼 execution，根本不切實際
所以我很清楚自己的角色，我該做的是 big picture，在宏觀 risk-on risk-off 的切換上幫整個團隊定調
我這個年紀，能做的事情更多是思想框架的傳遞
至於 microstructure 裡面那些 slicing algo 怎麼調⋯，這些就交給年輕人
這部分我要跟他們學習，因為不得不承認，以他們的速度還有手法，都已經超越當年的我們了
通篇看下來，大家會覺得說我們過氣了XD
沒錯，有時候承認自己過氣，也算是一種舒坦（？
畢竟，我的時代早就做過該做的了，市場永遠是年輕人的舞台
/"
貼文191_第1串,"（匯率、利率的一些本質思考，文長）
我算是很幸運的，很早就接觸到索羅斯那本金融煉金術，我被他的看世界的方法論影響很深
當時很多東西體會不深，直到後來進市場，跌跌撞撞做過不少交易，才慢慢體會到書裡講的反身性
我舉個例子，有些人一開始研究匯率，習慣把它當作一個靜態的數字，覺得只要把經常帳、出口數據、利差、外匯存底丟進模型公式裡，就能算出答案，可實際上，市場從來不是以這樣線性邏輯運作
我就不講一些教科書裡面已經提到的內容，匯率的本質是一種動能遊戲，說穿了背後就是兩件事情在拉扯：借錢和投資
貨幣本身你可以把它當成是一張欠條，是央行的負債，是政府的信用延伸
在布雷頓森林體系解體以前，大家都喜歡講黃金，覺得它是 ultimate benchmark，也就是所謂真正的錢
但如果你真拿黃金來做交易，或者拿它當主要結算工具，很快就會發現根本撐不住現代金融的龐大規模
全球貿易每天的結算量這麼大，債務槓桿這麼高，如果全靠黃金去 settle，市場早就沒辦法運作，甚至天天面臨擠兌，流動性完全不夠用
(續
/"
貼文191_第2串,"這也是為什麼 credit-based 的貨幣體系，在找到替代品之前，是目前唯一能活下去的結構
信用貨幣的特點就是能不斷擴張，它不是死板的黃金庫存，它可以隨著經濟需求去創造，才能滿足當前這種高槓桿、高速度的全球經濟
布雷頓森林體系解體後，美國主導建立的美元體系，就是靠信用這個無形的東西撐起來的
只要大家願意相信美元，這個遊戲就能繼續跑下去
反過來，如果大家開始懷疑美元的信用，那就是整個遊戲要 reset 的時候
但我們都知道，如果貨幣濫發，會導致市場對他的信用大打折扣，那大家憑什麼相信美元的信用？
這要從很早期的一些投資人說起，當時很多人已經了解到石油美元的影響力
你知道石油本來就是很重要的戰略儲備資源，但真正的重要性在於所有石油交易都要用美元 settle
這件事基本上把美元的信用捆死在全球能源體系上
這一招讓美元的需求變成剛性，全球所有國家不管喜不喜歡美國，都得用美元去買能源，類似的邏輯還有糧食美元、金屬美元（為方便說明，這是我自己取的名字，市場上沒有這些稱呼）
這就像一個隱形稅收，美國等於用信用去換取實體資源，白白收了全球的美元租金
（續
/
View 12 more"
貼文191_第3串,"（早上不小心按到刪文，重發一次）
￼我老婆問我，為什麼我的書櫃擺得這麼奇怪
一般人以為我書櫃裡應該擺滿了像是總經、財報分析、投資教科書，還有一大堆關於量化、衍生性商品的技術專書，但事實上並不是如此
如果你翻開我的書櫃，你會看到幾個不同的世界：
最上層放的是人生哲學書，像是談存在、談自由、談命運的
再下一層，確實有一些經典的金融教科書，像是我年輕時反覆讀過的 valuation、market microstructure，這些算是我的職業背景，書本大概都20幾年前買的，我還留著，但有些都已過時，當作書房擺設也不錯
但真正佔最多位置的，各位絕對想不到，而是古龍的武俠小說（我是古龍小說的愛好者！）
很多人覺得這不合邏輯，你明明是搞金融的，為什麼書櫃裡擺滿了《多情劍客無情劍》、《邊城浪子》、《歡樂英雄》這些？
但我就是喜歡古龍，喜歡他的俠氣，喜歡他那種放蕩不羈卻依然保有底線的態度，他跟金庸是截然不同的性格（我反而覺得金庸讀起來有些「拘謹」，古龍較貼近市井小民的生活）
（續
/"
貼文191_第4串,"特別要提到古龍的《歡樂英雄》，四個窮得叮噹響的人，聚在一起，喝酒、說笑、行俠仗義
什麼偉大理想，什麼功名利祿，他們都不太在乎
真正打動我的，是那份在荒謬人世中依然選擇笑著活下去的氣度
我覺得自己也是這樣的人，古龍的文字啟發我的投資心態很多
走過金融業那段最操的歲月，見過錢、見過局、見過殘酷競爭之後，慢慢就明白：
人活著，最後比拼的不一定是財富曲線，人到了呼吸終止前最後一刻，你的人生有沒有後悔？有沒有自在感？會是最讓人回味的東西，我如是認為
到這個年紀，我已經很少去翻新的金融書了
倒也不是我懶得去更新新知，因為我們從事這一行，該打的底子都打了，就算defi這個新的領域我們也是很快就能觸類旁通
（嗯，金融的道理早就刻在骨子裡變成反射動作了，更多的時候是靠經驗與直覺在走）
反倒是古龍的文字，常常能提醒我一些更本質的東西：人性是什麼？朋友是什麼？人生怎麼走，才不算辜負自己？
（續
/
View 1 more"
貼文191_第5串,"剛開始經營 thread 的時候，常常有人跑來指教我的投資方法，說我這樣不對、那樣不夠嚴謹
說實話，我從來不會因為這些評論真的生氣，但心裡總會笑一下，然後把它隱藏封鎖，眼不見為淨（對，我跟方丈一樣小心眼XD)
因為問題根本不是我的方法有沒有問題
在這之前我覺得要先界定清楚
是「在你的認知的世界裡，我的方法被你認為有問題」？
還是「我的方法違反教科書提供的標準答案？」
金融市場就是這樣，你帶著什麼 lens 去看，它就會呈現什麼樣的結果
舉例來說，一個 value investor 用 Graham & Dodd 的框架，看到的都是 intrinsic value、margin of safety
而一個短線 trader，眼裡只有 liquidity、momentum、market psychology
當這兩個人坐在一起，去討論同一檔股票，必然會雞同鴨講
前者會說「這家公司現金流太差，不值這個價」，後者會說「bro，這股 momentum 正在 breakout，短線就是能賺」
兩個人誰都不會服誰，因為站在不同的角度，本來就會得到不同的結論
（續
/"
貼文191_第6串,"這就像equity research 跟 sales trader 的 DNA 就是完全不同的
Research 出身的人會花幾十頁 report 講 business model、DCF model 假設怎麼調
但 sales trader 盯盤的人根本不管這個，他只想知道這個價位上誰在買？誰在賣？
結果呢？Research 的人會覺得 sales trader 太膚淺，sales trader 會覺得 research 活在象牙塔
最後大家還不是靠彼此賺錢？
吵了半天，大家都是贏家
所以當有人跑來指教我的投資方法時，我其實很想問一句：你到底是用什麼 frame 在看這件事？你如果是拿價投的角度（例如宏觀配置、長期資產配置）去 judge 他人做的短線交易策略，那不就很雞同鴨講？
包容度高的人，大腦是兼容並蓄的，知道不同的 frame 同時可以存在
換句話說，當你夠 senior，你就知道市場本身就是 multi-dimensional 的，strategy 本來就有很多個 equilibrium，不是一個 textbook answer
（續
/
View 2 more"
貼文191_第7串,"今天跟幾個小朋友聊到￼一個經典的套利案例
當時市場上有一家上市公司要發行可轉債
消息一出，部門裡一群 junior analyst 馬上開始幹活
開始做幾十頁的模型，拆利差、算波動率、推隱含轉股價，連夜想找出一個正確估值
這些模型固然漂亮，也能交差
但你做出來的東西，到底是事半功倍還是事倍功半？
往往差在一念之間
我印象很深，部門的一位 VP 當時的判斷完全不同
他注意到公司大股東急於套現，意味著供給遠大於需求，而這種結構性失衡一旦出現，就不是靠模型能解釋的了
他反應很快，透過手上的 allocation network，把一筆關鍵配額先卡下來
換句話說，等別人還在推公式時，他已經確定自己站在了正確的位置上
操作思路其實很簡單：
一方面用低成本融資槓桿把倉位放大
另一方面在二級市場找標的對沖，把風險壓到最低
結果公告一出，套利空間被市場瞬間放大，他只花了幾天就把交易平掉，帳上收益直接到手
對比之下，那些熬夜算模型的同事…
他們的苦勞有變成功勞嗎？￼
這很現實，同樣是努力，只要方向錯了，結果便是天差地遠，所以那時候我就更加確信…規則這個東西，是用來打破的XD"
貼文192_第1串,"昨天剛好收到一個訊息，一個朋友跟我說他最近感到非常焦慮，因為他怕自己的專業技能被 AI 完全取代
我倒覺得這沒有什麼好擔心的，事情本來就一體兩面
人本就是一個會隨著環境調整的動物，差別在於你有沒有意識到新的機會
各位可以去看，歷史上每一次技術革命
不都是有人被淘汰，同時也有人找到新出路嗎？
我印象最深的一個例子就是華爾街老交易員那一代
以前他們靠電話下單、在交易所喊價、賺盤中的一點點價差，混得風生水起
但電子交易一出來，有些人幾乎一夜之間沒飯吃
有些人焦慮到每天抽菸罵娘，覺得人生徹底完蛋
但也有人提早看清現實，不去和機器比速度
跑去轉型當 sales trader，或是幫機構設計金融產品
因為客戶依然需要人味，需要有人懂他們
能給他們安全感，這就是所謂的 trust capital
AI 可以算得比你快
但它永遠無法給客戶一種「bro，我懂你」的感覺
我想，這就是人類不可取代的價值
（續
/"
貼文192_第2串,"這其實不只金融業，工業也是一樣
自動化機器手臂剛出來時，幾百個工人一下子沒工作
但最後留下來的是那些願意去學新技能、懂得維護系統的人
經濟學上這就是 substitution effect和 creation effect
如果你眼光只盯在自己會被取代，沒有去找另外一端的機會，結局當然很慘
但如果你能往新需求方向走，你反而會發現新市場正在為你打開
這個邏輯放到今天，最明顯的例子就是情緒價值
這是我自己觀察到 AI 再強也取代不了的東西，而且它只會越來越重要
比方說，有些年輕朋友會沉迷用 AI 聊天，甚至跟 AI 談感情
有朋友甚至跟我說：「AI 不會嫌我煩，比真人還貼心」
這有點像是在精神自慰，￼我心想…還不如去找個真的女朋友，陪她吃飯、看場電影
但後來想想，為什麼會有這個現象？
不就是人類還有更深層次的心理需求沒有被滿足嗎？！
￼這也是為什麼我認為如果能提供AI不能提供的情緒價值，￼你說不定能開創新的賽道￼
（續
/
View 2 more"
貼文192_第3串,"（逢人就掏心掏肺的人，請務必要慎防）
我雖然是學金融出身的，年輕時整天跟數據還有模型打交道，覺得世界上多數事都能用邏輯與數字解釋
可是人到了某個年紀，才發現，人性的風險，幾乎沒有任何模型能完全捕捉，只能靠你實踐去體悟
為了加深這一層悟性，這幾年，我開始系統地去翻一些我年輕時幾乎不碰的書，因為那時候覺得它們太暗黑，教壞小孩
但隨著年紀漸長，我才發現，這些書雖然險惡，卻都是赤裸裸的人性教科書
比如，李宗吾的《厚黑學》，它直接把臉要厚、心要黑講得淋漓盡致（道德感很重的人看了會很不舒服，但你又難以吐槽他的觀點）
這本書告訴你，成大事者往往不是最有才華的人，而往往是那些臉皮厚到能挨罵不臉紅、心腸黑到能在關鍵時刻下手的人
我不確定這本書是不是教你一些做事情的骯髒手段，但很多是違反我們善良教育的一些認知￼
年輕時看會覺得人性有夠噁心，但年紀大了才知道，這裡面其實是對人性弱點的深刻剖析
（續
/"
貼文192_第4串,"還有《曾國藩家書》，曾國藩是我很崇拜的前人之一
我之所以崇拜曾國藩，是因為他一生在政場、軍事、文化領域都如履薄冰，這本書表面上是家訓，內容看似平淡，但字裡行間都是人情世故的刀鋒，他的信裡教你如何忍辱負重、以退為進、慢慢圖之
對於我這一個沒有金湯匙出身的草根份子來說，非常受用，這些策略看似中庸，其實極具攻防之術
（我也讀過一些不那麼知名但極其犀利的作品，當然啦，我不會隨便推薦這些書給年輕人，因為它們會讓你失去單純
你太早看，很容易變成一隻老狐狸，什麼事都先想背後的盤算，看誰都覺得有目的，最終連自己也不敢相信別人）
但當你經歷過社會的幾次重擊、嘗過人情冷暖，這些書就像是一面鏡子，讓你知道哪些人是笑面虎，哪些局是誘捕陷阱，哪些話只是套取情報的手段
這就是為什麼我現在才讀，而且讀得極慢，因為裡面有些段落看了太有感觸，久久不能平復，這些文字像刀，一邊教你保護自己，一邊讓你意識到人性是染了色的布，差別只是你能不能看得出來
（續
/
View 5 more"
貼文192_第5串,"前幾天我在 THREADS 上發了一篇超長的文章，結果上傳到一半整個卡住，應該是碰到字數上限，最後那一段關於負債端資產端的佈局沒能完整寫出來，剛好今天我就用這篇，把那部分補齊。
我對這個負債端與資產端分開運作的思路，其實最早是N年前在澳洲生活時，被一群日本老夫老妻啟發的
那時我住的社區附近有很多日本人，後來一問才知道，他們多數是在日本房地產泡沫破裂後沒多久搬過來的
出乎我意外的是，我當時原本以為那時候的日本人普遍過的很辛苦，還在本地傷腦筋自己的房產如何處理，但後來打聽才發現…人啊，總會想到辦法的XD
(與其說他們背後有一套很聰明的資金運用哲學，不如說，人遇到災難的時候，總會被逼出生存潛能來)
鑑於不同國家有不同的稟賦，比方有些國家適合投資，有些國家適合生活，這個在投資回報與生活成本上的差異，可以讓一些人在這中間的狹縫中求生存
首先，我所指的「國家適合投資，有些國家適合生存」並非絕對的黑與白，請把它當成是一條光譜，你可以想像，有的國家投資分數高達90分，但生活舒適度只有50分，有的則剛好反過來，但是大部分都在光譜的兩端中間遊走。
那，何謂適合投資的國家？
（續
/
make_investment_easy
08/04/25
（新世代是怎麼被收割的？如果心理素質不夠強的，建議跳過這篇）
寫了五天，全文大概7900個字，能不能開悟就看各位有多大的耐心了
我不敢說我寫文章是為了救人
也不敢說是為了什麼普渡眾生
我沒那麼偉大，也沒那麼有能耐
我每天寫日記，頂多就是整理一下我自己的觀點
用我這顆腦袋，看這個世界的角度，分享出來
因為我看了一下後台數據
大多數的讀者都是 25 到 45 歲之間
但我猜，裡面大概有七成、八成的人是落在 25 到 30 歲這區間
所以嚴格說起來，大部分人都還很年輕
如果硬要說，我頂多就比你們早活個 15 年而已
那我就用這 15 年的人生視角，讓你站在我肩膀上看世界
因為我也曾經站在別人的肩膀上，才看得比同齡人遠一點
如果我今天寫的東西
不管你是隨手滑到，還是潛水追蹤了很久
只要能幫你多思考一點、多省一點冤枉路
那對我來說就是榮幸
有時候我真的覺得現在的年輕人太辛苦
這是我從一代一代人身上，看出來的世代斷層
我媽家隔壁住一個長輩，年紀已經快九十歲了
但身體很硬朗，思考敏銳度還在
一個民國二十幾年出生的人，沒念幾年書
字寫得歪七扭八，卻是我這輩看過最會賺錢的人之一
（續
/"
貼文192_第6串,"這種地方通常會有一個共同特徵，在某個時間點打開了大門，開始招商引資、給外資優惠、減稅甚至搞基建衝GDP，而這時候的該國資產投報率幾乎是增長最快的、斜率最陡峭的。
但此時的房價、股市還在萌芽階段，所以生活物價低、通脹可控，住在那裡不但投資能賺，生活成本也不算高，感覺兩全其美
但，這種好日子不會太久
隨著逐利的資本慢慢湧進，高回報的資產先被推上去，股票、房地產率先飆漲，而跟百姓生活密切相關的服務業、製造業卻不一定能跟上
甚至有些時候，為了吸引資本，勞動薪資成本被「壓低」在一個區間，除非有勞工保障團體或是工會組織走上街頭，否則資本都希望薪資通脹是可控的。
但這種如同壓力鍋的形式，萬一不小心爆發了勞資糾紛，薪資成本遲早都得抬升，就看資方是否受得了？有沒有辦法轉嫁成本到終端產品上去？
如果受不了勞動成本上升，可能會請外勞或是轉移到海外生產，但不管怎麼樣，都會剝削本地中產或是中下階層的生存機會
那你可能會說，難道這些被剝削者不會轉行嗎？他們不思進取才會被取代嗎？
（續
/
View 10 more"
貼文192_第7串,"（民粹與道德，如何挾持一個國家的投資風險？）
先打個預防針，這篇文章是我從投資角度去看的
不是來討論善惡，也不是在談政治正確
我過去待過澳洲、新加坡，也長期在台灣，這些年接觸過不少移民國家，觀察到很多地方的政策是怎麼直接影響投資回報的，所以就根據自己的一些小小的經歷做一些觀點分享
首先呢，有些國家的資產回報率，會因為移民政策一開始就錯誤，而註定被拖垮
我印象很深，有一次在新加坡，一個做房地產的朋友說：「我們已經不碰美國那些移民比例持續上升的城市REIT了，政策不穩，很多社區的結構已經出現問題了」
當下他就隨口聊聊，沒有用很嚴謹的數據分析
但我覺得很有意思，就自己去看美國某些地方的就業結構、教育水準、薪資中位數、未來的稅收壓力
我當下就能理解他的顧慮跟擔憂
至於什麼左派右派、正義公平，對資本來說根本不是討論重點，因為資本只會去問一個問題：這些變化，會怎麼影響回報？
回頭翻美國過去150年的數據，會看到一個有趣又殘酷的現象：移民人口一增加，GDP通常會跟著上升，但你去看人均收入，卻不一定動得那麼快，甚至有時候還往下掉
（續
/"
貼文192_第8串,"這代表什麼？
代表GDP上升，卻不代表你我這些資本持有人能分到更多，甚至很多時候，你只是多了幾個人一起分你的蛋糕而已
想像你開了一間咖啡廳，原本五個員工一天做100杯咖啡。
後來你找來10個新員工，產量變200杯，看起來很厲害對吧？
但這200杯要分給15個人，平均下來，其實每個人的所得變少了
除非這批新員工能讓產量直接衝到400杯、500杯，否則只是增加了分母的人數，沒有增加真正的效率
這種事情，不只發生在勞力密集產業，資本密集和科技產業也一樣會遇到報酬錯配
當一個國家大量引進低技能勞工時，人均收入要提升基本是不可能的
移民政策只要一路放水，八九不離十會出現幾個共同的下場：
1）工資卡在原地甚至倒退，尤其中下階層首當其衝
2）資本回報短期可能衝高，但長期一定遇到天花板，因為回報被榨得乾乾的
3）因應移民問題，財政壓力越來越重，健康、教育、治安開支全飆，但你又很難從他們身上收到稅，尤其是低技術移民…….
4）高技能人才和資本因為報酬下滑而開始資本外逃，國家能徵收的稅更少，形成惡性循環
我相信在台灣的讀者應該會有感，不用我多講
（續
/
View 6 more"
貼文192_第9串,"我退伍之後，人生有一段將近十四個月是完全沒有收入的
那應該是我人生到現在為止，最長的一段空窗期
我不知道這樣的經歷對你來說是什麼感覺
對每個人來說，可能意義不同，也可能壓力來源也不同
但我可以誠實說，那段時間不是什麼好受的過程
更棘手的是，那段時間，我已經結婚了，孩子也出生了
我想，這種情況下的「沒收入」，不只是你自己的事
你要面對的是另一半的焦慮、對方家人的疑問、甚至親友不經意投來的眼光
那可不是一句「我在努力」可以交代的
不管你今天是從經濟角度還是從社會觀感來看，壓力都很沈重
我為什麼突然講這段？
這幾天，（嚴格來說，是這幾個月來）陸續都有一些人來找我聊天、討論投資、或者只是單純問問方向
有些人很積極、有些人比較迷惘，但其中有幾位，我感覺得出來有很重的「失落感」
我不知道「失落的投資人」這樣講適不適當，
但我想形容的是那種狀態：
他們對市場有嚮往，願意努力，也確實付出過不少時間、心力
他們看得出來很認真想把這條路走好
但問題就在這裡
他們不是一無所知，他們知道努力不一定會有成果
但他們也不相信努力是沒用的
他們相信至少會有點回報，應該要有個交代
（續
/"
貼文192_第10串,"這樣的人，我特別有感觸
其中有一位朋友，我印象很深
他平常就有正職，空檔時做台股，績效漂亮到我都得說一句「我年輕時未必做得贏他」
他的操作是有章法的，不是靠運氣的。這點我絕對肯定
但你也知道，市場的殘酷就在於：努力和成果不是線性關係
有時候你是連續打水漂，最後才會換來一個真正的 payoff
問題是，那個「最後」不知道要等多久
也不知道你身邊的人願不願意陪你等
更何況，他最近正準備結婚
家人難免會問，甚至是質疑：你到底在做什麼？這樣的生活真的可以嗎？
我完全懂
因為我也經歷過那種「你再努力也沒人看見」的日子
這時候，我反而不太想跟他說什麼「鼓勵的話」
因為我知道，那些話對一個壓力很大的人來說，是不痛不癢的，甚至對他是有害的
遇到這種情況下
你能問的就不會是：「我有沒有可能成功？」
你應該更在意：「我能不能承擔這段還沒成功的過程？」
如果你真的確定，這條路你非走不可，那我要提醒你一件事：
你在得到任何回報之前，絕大多數的時間，都是在打水漂
而且這些打水漂的努力、投入、犧牲
跟你未來可能得到的成果，是不能相比的
（續
/
View 2 more"
貼文192_第11串,"上禮拜一個財金系的同學私訊我關於「便宜保險」這件事情
尤其買賣切換的 timing 怎麼抓？（也是說，既不能買太早，也不能買太慢）
我當時沒馬上回，因為這個問題其實很大
它不只是 timing 的問題，更牽涉到一整套風險的認知順序
這就要提到一個大家過去都以為理所當然的事情：
一般人都覺得市場如果要大波動，一定是因為新聞、重大政策或經濟數據發表（例如升息、GDP 爛、通膨爆表）才會動
比方說「新聞爛 → VIX↑ → 才要買保險」
這邏輯很直觀對吧？
但偏偏這種操作往往都是吃虧的那一方
為什麼？因為你反應太慢了（市場有效率太多了）
等到新聞出來、VIX 飆了，你去買保險，那已經是保費最貴的時候
市場很有效率，當新聞變壞，價格早就反應完了
你看到的是市場已經發燒了，你去買體溫計，這是沒用的
保險這件事情，如果你真的要用衍生品來 hedge，你的 timing 不能依賴新聞出來那一刻
你要的是能提早預知市場什麼時候會從「平靜」進入「風暴前夜」，而不是風暴當天
(續
/"
貼文192_第12串,"所以我就跟這位同學說：「你要先搞清楚，VIX 根本不是風險的源頭，VIX 是結果，不是原因。」（ 這也是很多跑來私訊我的同學們一直卡住的點⋯）
你看到的 VIX，只是市場情緒在反應「現在風險感覺變多了」
它是觀察出來的情緒共識，但它不是 trigger
這就像你看到救護車才想到出事了，那只是結果而已，事情早就在你還在吃早餐的時候發生了
那到底 trigger 是什麼？我過去也想很久
直到我後來跟幾個在衍生品 desk 的朋友聊到一個概念：「經濟的不可預測性（不確定性）」
這個概念各位一定不陌生，尤其近期川普的關稅及政策手段不確定性，其實就是在反應「經濟的不可預測性」
這不是什麼 fancy 的新詞，其實意思很簡單，就是整體經濟到底有多難預測？
市場參與者對未來 GDP、就業、利率等等的看法分歧有多大？
（簡單來說，就是「預測誤差有多大」）
你去看過去市場幾次真的大震盪的前夕，包含 2008 金融危機、2020 COVID 崩盤
那些時候真正提前預示風暴的，絕對不是新聞，有一個比新聞更早出現的東西
就是「經濟不確定性」以及「經濟預測失準」這個現象開始升溫了
（續
/
View 4 more"
貼文192_第13串,"幾年前，礙於太久沒有更新自己的金融法規資料庫，再加上法規知識相對缺乏
所以跑去請教一個在家族辦公室跑投資架構的朋友
當時已經有些機構會把歐洲的合規壓力轉嫁到開曼去
然後再用歐盟投資者的錢打回來
做到稅優、槓桿高又無需揭露
這是很常見的繞開監管的手法
大概就是把基金設在盧森堡、開曼或BVI
然後再設一個advisor在倫敦或紐約
讓它不承擔資產管理責任，只做research或建議
實際管理的是offshore那家主體，但它受監管極低、幾乎不用披露底層持倉
這種玩法不用給美國SEC太多資料
再來歐盟那邊MiFID的限制可以規避掉
你可以用高槓桿操作不透明商品（像是credit default swap、total return swap）
而且一切看起來都合法合規
但經過講解後，才發現整條套利鏈可以玩的花樣真多
比方之前有一個東歐的新興市場基金，他們其實在倫敦有辦公室，但主體設在百慕達
他們主打的是macro alpha，操作的是中東和北非的一些local sovereign bond，但他們其實把敘利亞戰後的某些reconstruction債券作為私募投資納入結構
（續
/"
貼文192_第14串,"這些債券在主要交易市場是無法掛牌交易的
因為風險過高、資料透明度為零
但他們透過開曼包殼，加上一個dummy SPV
拿去跟一間日資銀行貸款對沖倉位
這筆交易最後拆成兩段：
一段回報包裝成growth-linked note，由香港private bank賣給富豪，另一段作為流動性抵押借給自己境外結構
這整條鏈子，從產品設計到流動性擴張，全部靠著跨國監管彼此沒有協調
也就是說：
英國沒法管百慕達 → 百慕達沒揭露要求 → 香港PB不問底層資產只看note → 銀行也沒看底倉怎麼做 → 最終風險全轉嫁到投資人和整個金融系統
這些hedge fund本質上不只是靠選股或選債賺錢的，他們很多時候賺的，是監管制度不協調下的資訊延遲套利
你說他們不道德嗎？這是制度設計間接鼓勵人這樣做的
我自己聽過最驚嘆的一條操作鏈，是某家專門買非洲國家基建債的基金
他們在瑞士發行的是一個「發展中國家綠色債基金」，但底層資產90%是通過total return swap轉持位於開曼的私募債SPV
而投資條件寫的是only investment grade sovereign exposure
（續
/
View 1 more"
貼文192_第15串,"（淺談外匯市場的訊息不對稱及一些構想）
外匯市場資訊不對稱比我們想像的嚴重
即使是超主流的貨幣對（比如美元／歐元）
交易量裡還是藏著大量非公開資訊
不是每個人都公平參與這場博弈
早年我跟一個 buy-side 的前輩、同時也是我大學的學長一起吃飯交流
那時我還是個剛從 sell-side analyst team 被拉去研究 desk 的小毛頭
飯局上我還在說歐洲央行那週會怎麼開會、非農會不會落空，他聽一聽，笑了一下，只差沒說我是菜雞
我印象中他暗示我一句：「你知道昨天歐元的 forward 成交量比21天均量多了將近三成嗎？」
我聽到這個，愣了一下，第一個反應是
「嗯？forward?為什麼不是看swap?或spot?」
第二個反應是，…「外匯市場成交量又能說明什麼？」
我愣住，是因為我當時不明白 forward 的異常量跟訊息含量有什麼關係
畢竟我過去學的 forward 定價是針對無套利條件下的遠期定價公式，但這種定價是靜態、理論均衡的
（續
/"
貼文192_第16串,"我實在想不通，在一個已被利差定價框架框死的市場中，forward volume 的異常變動到底在反映什麼資訊？
難道是有資金正在重新評價 carry trade 的風險？
還是某些 buy-side participant 正在透過 forward curve 去提前調倉，去反映預期中的 liquidity mismatch 或 counterparty risk shock？
我當時腦海裡能夠拼湊出的大概就是這些東西
雖然我知道這裡藏著某種交易行為的斷層，但我那時候還沒能力拆解它
但我當時唯二能知道的事情是…
「第一，有些人知道的訊息就是會比你早」
「第二，你眼前的價格，大概都是後手…
但『量』會有不一樣的故事…（只是說具體是什麼故事，我當時沒有能力認知）」
（為了避免囉唆，這邊先劇透一下XD)
我以下文章所指稱的「量價分析」，不是一般散戶在技術圖表上看到的那種成交量(什麼MT4、TradingView上面畫出來的Volume Bar)
我所謂的量是指場外外匯市場OTC的結算成交量資料，來自CLS系統那種全市場真實成交紀錄級別的data
（續
/
View 6 more"
貼文192_第17串,"（有時候策略給了也沒有用，甚至有害）
以一個 mentor 的角色來說
我會花比較多時間著墨在基本面還有衍生品，我不會直接給一套可機械化馬上執行的策略
是因為我根本就不認為這東西可以真的幫到人
甚至是相反的，直接給策略的做法
有時候反而會讓一個本來還有點感知的交易者
變成完全喪失直覺的韭菜
（撇除你本身是做高頻量化套利、或是一些CTA
那另當別論，但這種賽道門檻很高）
你可能會說：給策略不是更直接嗎？
市場本來就是實戰，給個策略讓他上場碰撞驗證就好啊
恰恰相反，我反而認為這才是最危險的事
你帶著錯誤的理解進來，只會死得更快
為什麼？
因為大多數人對於一個可以用的策略的理解，不外乎就是：
有沒有過去的回測資料？
那張 equity curve 漂不漂亮？年化收益夠不夠高？
max drawdown 控制得住嗎？￼有沒有用什麼 fancy 的 machine learning？
是不是跑過多因子檢定，有沒有處理 overfitting？
（續
/"
貼文192_第18串,"只要通過以上的篩選，都會以為這樣的策略可以用
這很合理吧？
但真正的問題在於那個策略的「生存週期」到底多長？
我們先講一個簡單的常識：
如果有一套策略真的能穩定產生超額報酬，那市場會放它活太久嗎？
你覺得做 market making 的不會反向 build 一套做空你邏輯的 counter-strategy？
你覺得量化基金那些人是吃素的？
就算你不說出來，只要你開始大量下單、持倉量異常放大，你的 footprint 就會暴露，然後你的策略就很難再賺錢
如果你不理解這個概念，我用「警察抓賊」來做比喻：
假設一個賊幹了壞事，賊要不斷更換藏匿處所
否則蹲在一個點太久，很快就會被警察掌握行蹤，甚至被逮捕
（這個金融市場也是一樣的道理）
有些策略主打可以寫成一張 PPT 說明書
讓你照著按按鈕就可以下單，那各位可以思考，這種策略價值在何處？你會不會像那個笨賊一樣很快就被逮捕？￼
真正值錢的策略是連寫都寫不清楚的
裡面卡著大量需要依靠經驗判斷的黑盒子運作
例如流動性監測、隱含波動率斜率變化、跨品種的基差變化
那些東西根本不是單純一張 excel 跑回測能處理的東西
（續
/
View 4 more"
貼文192_第19串,"人到一定年紀，更多的是做減法
朋友、合作、聊天對象，能聊三輪還摸不到底層認知的，我就會選擇停損
對話也是有 slippage 的，流動性差的市場，再多資訊也是浪費成交成本XD
年輕時總以為人多力量大
長了點歲數才知道，真正能留下來的，往往是少數幾個能聽懂彼此前半句話的人
這幾年我的人生其實就是一場持續的「關係篩選模型」：
能留的，慢慢深耕
不能留的，也就不浪費彼此心力
有時候，淘汰一種人際圈，也是風控的一環"
貼文193_第1串,"好詩
gou.xiang
心經抄寫
04/07/25
觀自債獨大，行深巴逆逆做多時，
照見五檔皆空，屠一切無赦。
殺外資
鄧不利多，多不利鄧，
多即是空，空即是多，
吃土鋁繩亦復如是。
血滴子
是全盤空相，不生不滅，
不垢不淨，不增不減。
事故，空中無色，無鴻海博士；
無存股柴鼠兄弟；無債蛙多空雙巴蛙；
無間歇，乃至無保時捷；
無歐印，亦無已反應，
乃至無老師，亦無清流君；
無骨氣接刀；無知亦無得。
以無所得故，韭菜爬過。
依巴逆逆做多故，心無罣礙；
無罣礙故，無有恐怖，
遠離顛倒夢想，就近接槃。
三次覆沒，依巴逆逆做多故，
得債蛙對折三賠三不提。
故知：巴逆逆做多是大神咒，
是大明咒，是無上咒，
是無折折咒，能除一切苦，真實不虛。
故說巴逆逆做多咒，即說咒曰：
切記切記，巴逆切記，
巴逆逆別急，不提殺莫測"
貼文194_第1串,"如果你是交易油期貨、油股、甚至關注宏觀原物料循環（例如航運、煉油、能源股）的散戶，你得要認知一件事：
除非你像BP一樣砸錢養了一堆研究員，或是你有實力把沙烏地阿美的人脈打通，能直接抓到誰哪天停產、哪天增產
否則你散戶能拿到的所謂油價報告（什麼OECD庫存週轉、OPEC月報、EIA預估、GDP帶動需求增長這些東西）都不會是第一手資料！
等你收到資料，市場早就動完一輪了
我自己算是忠實基本面信徒，但這幾年跟幾個能源trader聊過後，大家心裡都很清楚的一件事：
油這個商品，表面是供需驅動
但實際交易的那些人，反應的是對未來波動的情緒
（況且你如果沒有像BP那樣的團隊，想要掌握油供應端的訊息差做交易￼，￼實在難上加難！）
一個方法行不通，那我們就轉個彎去思考：
你不用真的知道油價會漲或跌，而是把注意力放在「誰更怕它漲，或誰更怕它跌」
把問題重新去做定義，解法自然就清晰
我舉一個我自己過去觀察到的現象
2022年俄烏戰爭剛爆發時，油價大噴
你打開新聞，各家都在說「因為俄羅斯是全球前三大石油出口國，地緣政治衝突導致供應中斷風險上升」
這聽起來很合理，對吧？
（續
/"
貼文194_第2串,"但如果你真的去扒EIA數據
那段時間俄羅斯實際出口量下降的幅度沒有大家想像中那麼誇張
甚至有些月份還因為打折給中國、印度，出口量還比前一年多
這就怪了，那油價到底在反應什麼？怎麼會跟基本面脫鉤？
我當時問了幾個在美系機構做能源book的老交易員，他們的看法都很一致：
市場那波是在pricing恐懼，並非反映反應實際供給中斷
也就是說大家怕油會供應鏈會斷，怕庫存會不夠，怕refinery margin被擠壓，怕inflation失控
所以提前做了一些交易
（這些「怕」，當然不會在OECD月報裡看到的！
但這些「怕」，卻可以真實的被交易出來！）
怎麼交易出來？
答案是期權
你如果長期觀察原油期權（像是WTI options），
會發現有個現象非常明顯：
當市場對某個方向的恐懼升高時，那一邊的期權會變得特別貴
例如，大家怕油價暴漲，out-of-the-money call就會猛漲
怕崩盤，deep OTM put就會爆貴
這個現象在選擇權世界裡有個技術名詞叫做尾部風險溢酬（但你不用管名字，你只要知道這是一種「市場願意多付錢去保護極端事件」的指標）
（續
/
View 4 more"
貼文194_第3串,"去美元化，某種程度上是一種假議題。
為何我這麼說？
我想先以「脫鉤成本」的角度，來請各位思考以下幾個問題：
1）這些喊著要去美元化的國家，他們本國企業之後該怎麼借得到錢？
2）有辦法讓他們的債在全球被買單？
3）該國的貨幣有期貨、互換、對沖的市場機制嗎？
4）該國貨幣有流動性嗎？
5）該國貨幣有定價權嗎？
光這些問題，你大概就能知道答案了
（以及「人民幣是否有可能取代美元霸權」，上面的問題也一針見血的幫你問出來了）
近期去美元化這個議題
有點淪為意識形態的口水戰
但真正在做全球資金配置、外匯避險、發債的那些人
他們知道：
「你如果不使用美元，代價不是『不方便』這麼簡單而已，而是真的會『活不下去』！」
就以那些在中東國家做基建融資的案例為例
就算今天發行的是人民幣債
底層對沖還是用美元互換回來
因為沒有人願意抱一堆無法避險的貨幣敞口
（這就是嘴巴喊去美元化，結果第一關就卡住了）
（續
/"
貼文194_第4串,"各位不妨把美元體系當成是一個金融版本的Apple生態圈
你當然不是「非IOS不可」，你也可以用Android
但代價是整個工作流程、資料格式、硬體相容性全部重來
而對一個國家來說，這個「重來」的成本過大！
不只是GDP會銳減，還可能直接摧毀金融穩定
你如果真的不用美元，要嘛就是：
1）你自己國家願意承擔極高的融資利率
2）或者你讓自己變成一個只有國營企業能借錢的封閉體系
不然怎麼可能還有私人企業能出海、能發債、能搞投資？
還有一個有趣的現象就是：
近幾年喊去美元的聲音愈大，美元流動性擴張得愈快
表面上俄羅斯、伊朗、甚至中國都在講脫勾美元
但實際上，全球美元債券、美元清算、美元互換的市場規模還在創新高
這表示什麼？
表示去美元化，
其實像是一場公關戰（喊給國內聽的，讓你覺得我們有在抗爭，但對外資、對債主，該用美元還是乖乖用）
這也解釋了為什麼美國從來不急
每次有人說要打破美元霸權，美國不只回嗆，還繼續把自己的金融商品設計得更完整
（比如美債ETF、利率交換市場、跨境美元資金通道，甚至美元清算保險機制，這些都是創造美元的需求！）
（續
/
View 2 more"
貼文194_第5串,"Vincent 大大說出我的心裡話了！！！
vincentyucw
07/17/25
對我來說，定期寫些長文最大的好處不是立刻從這裡能賺到什麼錢，而是幫我拓展領域認識一些有趣的新朋友。
今天中午找余哲安吃飯，請教一些區塊鏈的基本問題（非常推薦他公開發表過的分析文章，像是穩定幣系列的進階探討，有興趣的朋友歡迎追蹤他），還聊了一下實體金融和鏈上金融未來傳導路徑以及可能的機會，身為一個前傳統金融從業人員覺得收穫滿滿！
雖然有些老調重彈，但我深刻的覺得「保持對事物的好奇心」永遠是最有價值的人格特質之一，而且那種genuine curiosity是偽裝不來的。
之後可能會多接觸區塊鏈的應用進展（不過我對鏈上和實體經濟/金融的交互作用與機會更有興趣，勝過猜測BTC價格會怎麼走），有在這個產業的前輩和專家還請多多指教。"
貼文195_第1串,"謝謝你的指教，也讓我有機會正式回應這樣的質疑
我老婆是新加坡人，岳父岳母住澳洲，
女兒也從小在澳洲長大（一個女兒小學，一個幼稚園）
但我本人是台灣人，這是我生長的土地
我在澳洲、新加坡都待過，坦白講，生活條件也不差
2015年我一個人回台灣，開始兩地奔波
不是因為台灣比較容易、也不是因為哪裡有利益
而是因為我想在這塊土地深耕。
我沒有批評年輕人不願意從軍，我只是誠實去觀察那背後的情緒與認同斷裂
你如果看得懂我的文，其實就會知道我也對此充滿理解，沒有批判
如果哪一天我被徵召，我會為台灣而戰，這是我從不含糊的立場
如果這樣還不算愛國，那什麼才算？
我不確定
但我只知道，我不是嘴巴上講「愛台灣」
我是真正在這裡生活、投入、試著做出一點貢獻
至於你怎麼定義愛國，是你的自由。
而我選擇的，是盡我所能，守住我所認同的這片土地
Post not available"
貼文196_第1串,"發現我的文章被 copy 到其他平台上
（嗯…我的文章被抄襲這件事，不止一次了）
但這次挺無奈的，除了被照抄，對方還斷章取義
只截取前面那一部分，變成自己的統戰文
若想照抄，能不能也抄好一點？"
貼文197_第1串,"（哪一類投資人最容易在市場上賺錢？）￼
昨天那一篇把「自由業」講成「無業遊民」
讓一些朋友看起來很不舒服
容我說聲抱歉，這並非我的本意
但我還是想盡可能客觀陳述我們辭去本業做投資的一些真實樣貌
就以我及一些已離開金融業的朋友為例
撇除我們這群人年紀多介於35到55歲
我們真實的情況並非如同媒體所述「坐在海邊椰子樹下做日光浴、一邊打開看盤軟體做交易」這麼愜意！！
我們的日常比較像是「早上九點半打開terminal，下午三點還在盯波動率回歸」這種節奏
偶爾愜意，但大多時候挺枯燥的
那些年長我幾歲的學長，他們以前工作的現況是：
在辦公室被RM追報表
被老闆問PV掉多少點
下班還要回家計算期權希臘值怎麼避風險曝險太大
幾乎像戰場一樣，哪來時間享受愜意的日光浴？
就算離開體制後，變成全職投資人也沒有比較帥，只是換了一種方式自己扛報酬與風控而已
有些朋友對投資人的想像，可能停留在電影情節
真以為我們每天拿香檳對著屏幕吶喊，然後一筆單就翻三倍？⋯各位電影看太多了！
(續
/"
貼文197_第2串,"這一兩年我一直觀察到一些特定媒體或KOL
會過度美化「全職投資」這件事情
一邊是媒體在網路上的大聲說：
「別再為別人打工了，辭職去做自己喜歡的事、做投資、做交易、做自由工作者，才是你人生該有的樣子。」
另一邊，則是我自己看到許多「被遺忘」的案例:
更多人辭職之後變得更焦慮、更沒安全感、投資失利後再回職場也不容易
你說這些人都沒有認真去規劃自己的人生嗎？
我要說的是：
「有些人在被夢想洗腦的時候，根本不會想這麼多！」
但因為我現在也算「不在體制內的人」了
所以每次談到這類議題，我都要小心翼翼
怕說太直白，被有人說我酸葡萄心態（但我不是）
怕說太理想，又被說成我在販賣不切實際的夢想
早期從業務到分析、從資產配置到期權交易
大概該見的客戶、該遇的人都遇過了
我不敢說自己看透這個圈子
但確實也累積了不少現場觀察
離開體制後，我跟很多朋友還是有往來，
包括一些從投行跳出來想開自己資產管理公司或乾脆管理自己的資產
（也就是像我這樣的自營投資人）
但我真的很誠懇的講一句實話：
「我沒真的親眼看過半個人，裸辭後能靠自己投資、靠研究，無壓力的在市場裡活著。」
（續
/
View 5 more"
貼文197_第3串,"（有些事你明知道沒有盡頭，卻還是每天在做）
今天整理書櫃時，翻到一本N年前買的書，《薛西弗斯的神話》。
作者是阿爾貝・卡繆，一個法國人，寫作時才二十幾歲，卻已經在想整個世界為什麼值得我們去承受。
那是一種年輕人的反思，但寫得極細膩。
我原本只是想翻個兩頁，沒想到那天整個下午就陷在書裡出不來。因為那本書用一種極其克制的筆觸，說出我這幾年沒說出口的東西
卡繆寫了一個古希臘的故事：
薛西弗斯因為違逆神的旨意，被懲罰永遠要把一顆大石頭推上山，而每次推到頂，石頭又會滾下來。
他就這樣日復一日地重來，沒有終點，也沒有意義。
這個形象太熟悉了。
熟悉到我有點不敢承認，很多時候，我的日子就像這樣。
以前每天早上起床，照顧家人，開盤、看訊息、回訊息、準備進入行程、做各種沒人看到卻又不能不做的事，晚上還要安排女兒的學費、太太的生活計畫、接下來ETF部位怎麼調整……然後隔天，一切重來
外人看我，是自由的、財務穩定的、有選擇權的
但我心裡知道，有些時候，那顆石頭的重量，是只有自己知道的
那不是苦，那是一種無聲的疲憊
（續
/"
貼文197_第4串,"你知道自己其實不必再拼了，
但你還是習慣性地把東西一件一件推上去
因為你發現，比起停下來，那種「什麼都不做」的空，是更恐怖的。
卡繆在那本書裡講得最深的一句話：即使一切看起來無意義，人依然可以選擇以自己的方式活下去
那句話我看了好幾次
因為那讓我想起某一年我剛回台灣、剛放下金融業的那段日子。
那時候我不再是一個有title、有年薪、有週會壓力的分析師。
我開始自己做投資、自己寫文章、自己思考這一生的價值到底是什麼。
剛開始的那幾個月，其實是很不穩的。
沒有人規定我該幾點起床、該產出什麼，也沒有人會在乎我今天到底進了什麼部位。
但正是這種沒有人看的自由，
讓我一度自我懷疑我還算不算一個「有效率的存在」？
我有一陣子會在下午兩點半坐在桌前發呆，想著：我這樣每天盯盤、做點部位、寫點字，到底算不算在「往前」？
還是我只是讓自己看起來很努力，
好掩蓋那個其實也不太知道目標是什麼的焦慮？
說實話，那時候的無力感，比我當年還在幫客戶做報告時還重
因為那是純粹的、沒有劇情的那種空虛
就像卡繆筆下的薛西弗斯：不是因為他痛苦，而是因為他知道，石頭一定會滾下來，但他還是選擇繼續推
（續
/
View 1 more"
貼文197_第5串,"（資產連動性續談）
有很多看起來八竿子打不著邊的資產，
很可能在某種情況下會發生連動，我們可以利用這種現象做一些盈虧比還不錯的交易
通常做商品研究最直接面對的問題就是：「金價最近在跌，會不會拖累油價？」或者：「玉米最近波動那麼大，會不會牽連到銅？」
理論上這些商品根本是不同邏輯
黃金是避險資產+一點點金融屬性
原油是經濟循環商品+一點點金融屬性
玉米是農產品
銅則是經濟動能的指標+一點點金融屬性
根本看不出來彼此有什麼關係⋯⋯
但實際上去跑數據會發現有時候這些市場會一起連動
比方在2010年的夏天，那時候歐洲主權債風暴剛開始蔓延，金價一路飆，結果沒幾天後，原油跟著波動開始加大（實際上你去看幾種商品之間的價格波動，有時候會呈現出一種先後連鎖反應）
尤其在一些特定的事件下，
例如地緣政治、金融危機、利率政策轉向、或大型資金在重新配置部位的時候，
你會發現某些商品之間的波動率突然變得高度同步
（續
/"
貼文197_第6串,"比如說金和銀，本來就很容易連動，
其實金和銅也常在政策轉向的時候一起變動
原油跟玉米，在生質能源政策出台的時候，它們的價格也會很莫名其妙的出現共振
天然氣和小麥，這兩個跟原油的節奏是完全不一樣的，但到了冬天某些氣候異常事件出現時，它們又會忽然一起連動。
這些不是偶然的。
因為真正驅動價格的，不能只看供需基本面，還要看情緒與資金的再配置機制（這也是造成連動的很重要的關鍵）
當某一市場出現劇烈波動時，那個波動本身會吸引注意力、資金重新調倉，進而引發週邊商品或關聯性資產的波動跟著擴大
這就像地震後的餘震，不在震央的城市也會被搖到。
所以我那時候就開始練習一個思維模型：
當A商品的波動擴大，
B、C、D商品的波動會不會延遲幾天才發生？中間有沒有套利機會？
這裡面有幾個小技巧：
第一個技巧：觀察誰是「波動源頭」，誰是「被感染者」
你去看紐約的金價，常常是全球波動的源頭之一
亞洲的金市像是上海、東京，波動往往是追著走
但亞洲市場的價格變動，反過來對紐約的影響就比較有限
（續
/
View 3 more"
貼文197_第7串,"當一個人講話動不動「藍白就是怎樣」「民進黨就是怎樣」「美國就是怎樣」「中國就是怎樣」…
我大概可以判斷他的認知維度蠻limited 的
因為只有認知容量不夠的人，才需要用一句「…就是…」去概括一個龐大複雜的系統
這種語言的結構，本質上就跟鄉下沒讀書的長輩說「男人就是要忍」「女人就是要顧家」一樣
聽起來好像掌握了人性底層邏輯，其實只是不想再花腦力思考
嗯…這種人很適合被洗腦（但也怪不得他，他的語言體系受到環境影響）
只要給他一個「是非框架」，他就自己填滿裡面的故事
你的人生會慢慢變成一個標籤收集箱：看到誰，就貼一張「他就是…」的便利貼，然後你以為這就是看透世界了XD
腦袋這種東西，是會用進廢退的…所言甚是"
貼文198_第1串,"（如果還有明天）
三年前的今天，家父因病送入急診室
我每天晚上都躺在病房旁的折疊床上，聽著點滴的聲音一滴一滴滑落，那種感覺非常折騰
而那個時間流逝的聲音，讓我十分煎熬以及無力感，彷彿跟命運拔河，自己卻又沒辦法做一點什麼
某一天凌晨三點，我夢見自己回到小時候，
父親帶我去逛廟會，他給我買了一個會轉的風車。我還記得他蹲下來跟我講：「這風車會轉，你也要記得做人要轉得過去。」
我醒來的時候，看著身旁的家父，他正安靜的睡著，呼吸還算平穩，但整個人瘦得我不太認得。
那年我42，總覺得我對家父的記憶還停留在小時候，我當下鼻子酸酸的，總覺得自己虧欠了什麼
畢竟我們的人生中，跟父母真正相處的時間，不過就那麼幾年
你有想過這個數字嗎？
如果你現在三十歲，父母七十，那你如果一年見他們兩次，
假設他們活到八十五歲，你還能見他們幾次？
十年乘以二，只有二十次
而你以為的「還有很多時間」，其實早已被那無數場加班、滑手機、虛擲的夜晚給慢慢吃掉了。
更別說人生還有那麼多意外，有時候人連一聲再見都來不及說出口
（續
/"
貼文198_第2串,"我在新加坡工作的那幾年，一直以為自己在追一條偉大的夢：功成名就、財富自由、資產倍增。
但直到我父親倒下，我才發現，我賺來的自由，是拿我本來就已經不多的時間換來的
我錯把人生當成無限期權來交易，
卻忘了這是一張到期日從來不會提前通知的選擇權。
我們總以為時間還很多，總以為
「有一天」會再回老家陪爸媽吃頓飯，
「有一天」會去完成那個夢想，
「有一天」會過自己真正想要的生活⋯⋯
但不知道你有沒有想過：
如果明天你就離開這個世界，
今天的你，會不會覺得可惜？
你會不會覺得自己少做些什麼？
我不是在講那種心靈雞湯式的「活在當下」
我講的是，一種有危機意識的活法
是那種你知道，每一天都是一張有時間價值的期權
你知道這天也許不是最好，但它是你僅有的；
你知道這通電話你可能明天就沒機會打，所以你今天就播了出去；
你知道你還有話沒說、還有夢沒做、還有仇沒放下，你今天會選擇先跨出那一步。
因為你不賭明天
（續
/
View 2 more"
貼文198_第3串,"如果按照傳統金融理論的說法
swap會被歸納成零和遊戲，也就是你賺我就賠。
但這個想法在某些方面可能會受到挑戰
swap 在實務上其實會創造超額報酬
這是和理論最大的不同，而這些利潤會透過利率差的方式分配給交易雙方
很多人以為 swap 就只是利率的交換工具
跟債券價格、短期融資有點關係，但他們搞不清楚全貌
但其實這玩意兒的本質，說穿了就是兩家不同信用體質的公司在做談判，交換各自比較有優勢的融資條件
然後看誰能從中撈到更多好處而已
這裡面有幾個誤解要先拆掉
第一個就是那種「swap 沒有創造價值」的說法
這種說法沒有考慮到現實世界資訊不對稱跟資本市場運作的細節
￼
舉個最簡單的例子
有些公司其實知道自己的信用未來會變好，只是外面的人還沒看懂，這時候他們會怎麼做？
他們會發短債，然後用 swap 去換成長債鎖利率
因為如果直接發長債，利率會很高，反而不划算
這種操作肯定不是「你賺我就賠」，
他們早就用 swap 把自己看成是將來會升評的公司，
去提前鎖定好成本。
（續
/
make_investment_easy
05/07/25
為什麼固收交易員比經濟學家更快察覺市場變化？
我之前還在投行的時候，
碰上過一位頂著數學 PhD 光環的主管
他對數字的敏感度驚人、反應又快￼
套一句他講過的話：「市場的 Credit Spread 變化，
就像地震前的前兆，不是每個人都聽得見。」
這位前輩很快得到了老闆的青睞，
因為他建模的數學模型對固定收益市場的解讀相當精準
每次市場有風吹草動，他都能提前做好對沖
讓整個 Desk 的 PnL 穩如泰山
當時市場正在傳央行準備調整短期利率
而我們 Desk 正在處理一筆巨額 Duration Swap
大部分研究員都在關注短端利率
而這位前輩卻敏銳地發現
Swap Spread 和 Credit Spread 的擴大現象
早已悄悄出現，果然經驗是交易出來的
我當時問他一個蠢問題：「你為什麼要花這麼多時間看 Swap Spread？不是說yield curve短端利率還沒動嗎？」
他只丟下一句話：「債券市場永遠比經濟學家快一步。」
（續
/"
貼文198_第4串,"為什麼固收交易員比經濟學家更快察覺市場變化？
我之前還在投行的時候，
碰上過一位頂著數學 PhD 光環的主管
他對數字的敏感度驚人、反應又快￼
套一句他講過的話：「市場的 Credit Spread 變化，
就像地震前的前兆，不是每個人都聽得見。」
這位前輩很快得到了老闆的青睞，
因為他建模的數學模型對固定收益市場的解讀相當精準
每次市場有風吹草動，他都能提前做好對沖
讓整個 Desk 的 PnL 穩如泰山
當時市場正在傳央行準備調整短期利率
而我們 Desk 正在處理一筆巨額 Duration Swap
大部分研究員都在關注短端利率
而這位前輩卻敏銳地發現
Swap Spread 和 Credit Spread 的擴大現象
早已悄悄出現，果然經驗是交易出來的
我當時問他一個蠢問題：「你為什麼要花這麼多時間看 Swap Spread？不是說yield curve短端利率還沒動嗎？」
他只丟下一句話：「債券市場永遠比經濟學家快一步。」
（續
/"
貼文198_第5串,"如果你只看衍生品課本，你可能會想不到某些信評較低的公司（single A），可以利用 swap 和高評等公司（比如政府機構或 triple A）交換利率去鎖定利率成本，
然後￼這個過程中居然可以莫名其妙跑出利潤
這個邏輯可以這樣子表示：信評低的公司借短期→用swap換成長期固定利率→市場無法辨識其未來信用改善→對手方低估其風險→形成資訊不對稱→交易中產生超額報酬→利潤以swap spread形式分配
利潤產生的方式在於：信評較低的公司用swap鎖定利率、降低融資成本
高評等對手方則獲得額外swap spread作為風險補償
這筆交易最終創造了額外價值，雙方皆可從中受益
那這個利潤怎麼分？這就牽涉到談判結構了
在 swap 的世界裡面，不同信用等級的公司彼此交易，會出現「誰比較需要誰」的關係。
比方說，single A 公司急著避險，而 agency 則相對穩健、選擇多，這時候主導權就在 agency 手上
誰掌握話語權，就能分更多利潤
（續
/
View 1 more"
貼文198_第6串,"（如何衡量新聞事件對市場的衝擊）
多數人看到油價暴漲、戰爭事件的第一反應不外乎就是開始瘋狂Google查資料問GPT，GPT告訴你做多原油就跟著做多，結果被巴來巴去，其實問題出在自己根本搞錯重點
有時候搞懂哪些東西是有前瞻性，哪些東西是滯後性？以及哪些影響大哪些影響小？是短期還是長期？
前瞻性的方法就是去看期貨近遠期曲線
不是新聞，也不是現在的K線價格走勢
什麼意思？我舉個例子你就懂了
比如某天油價突然暴漲，很多人會說是因為某個煉油廠爆炸、伊朗要封海峽、還是美國SPR釋放進度延後
這些資訊你網路上都查得到，但查得到不代表你知道怎麼反應
重點在於,市場到底怎麼「定價」這件事的影響時間長短？
你要去觀察的是，這個事件讓哪一段期貨價格跳得比較厲害？
如果今天近月價格跳很高，但遠月根本不動，那這代表市場覺得這只是短期供應卡關，可能下個月就解決了，頂多是運輸時程 delay 而已
但如果連六個月以後的期貨價格也一起跳，甚至是整條 curve 平行上移，對不起，這不是什麼新聞雜訊了，這代表市場在重估未來結構，認為長期供應會受影響
那你不能再用短線思維來對待這個震盪
（續
/"
貼文198_第7串,"與其在那邊猜新聞真假，從期貨結構判斷市場共識的時間軸比較快
你如果沒搞清楚這層邏輯，就很容易陷入那種「新聞出來→價格漲→追多→回跌→認賠」的循環，覺得市場都在騙你，其實是你關注錯誤的點
然後還有一個重點，
不是所有新聞事件對市場的反應權重都是一樣的
一樣是天氣問題
如果只是短期熱浪，市場可能讓近月玉米價格上漲
但如果是一整季的乾旱連著報導出來，市場可能連明年5月的期貨都開始跳價
解讀新聞固然重要，但解讀市場願不願意為這個故事買單，而且買多久，我認為更重要
我相信前瞻性是一個看事情的習慣、不是某一個指標能告訴你的
你可以看「遠月價變動 / 近月價變動」（TR比率）
如果 TR 趨近 1，表示市場認為這是長期衝擊
如果 TR 很小（例如0.3、0.4，這沒有一定），那多半只是短線突發事件，影響很快就會結束
（當然也可能出現例外，比方説市場集體看錯）
這時候，你的交易策略要不要拉長持倉週期？
要不要把做多轉成套利？甚至要不要對沖遠期風險？答案都在裡面
反之看到蠻多人，看到油價一根紅K，就以為世界要爆炸，通脹要爆炸，結果先爆炸的是自己的倉位
/"
貼文199_第1串,"有些粉絲會私訊說：「白大你的文章太長了啦，看不完怎麼辦？」
很多人其實不是看不懂，而是「看」這個過程對他來說認知負荷太重，尤其遇到文章裡面又有圖、又有邏輯推演，有時候心煩，根本靜不下心來吸收
所以我自己後來也找到一個方式，就是把文章內容複製到能轉語音的平台，用「聽的」來吸收。像我自己是有買語音播放工具啦（這邊就不業配了），我平常都用這種方式去吸收知識，稍微遇到字數比較長的，我就會把文字檔或是PDF丟給他讀取，這種方式的好處就像是有人在旁邊跟你講話一樣，比起看冷冰冰的文字還容易記住
（ps.用聽的時候大腦壓力真的小很多
像我搭高鐵、開車、坐飛機、甚至吃飯的時候，我都會邊播邊聽，有時候還能回放、重複聽重要的段落，比起用眼睛死盯一堆文字來得輕鬆多了)
如果用聽的方式比較適合你，不妨試試看"
貼文200_第1串,"華人社會老一輩的人，他們很多都有一個觀念，女兒嫁得好，是全家翻身的關鍵
簡單來說，
就是把每一個女兒當成深度價外的看漲期權
先暫且不論女兒是不是真的找到屬於自己的幸福
在民國四、五十年代的時代背景，
普遍一個家庭會生很多小孩，
有的生五個、有的生七個，甚至十個也有（在東南亞幾個國家也是有這個現象）
為什麼？
當時醫療環境比較落後，有些小孩夭折得很快，所以父母拼了命生小孩延續家族血脈，
不管是否養得起，先把小孩生出來再說
在那個時代，小孩是很實際的生產要素
甚至可以說，是家族未來的一張張選擇權合約
尤其是女兒
傳統觀念裡面，女兒早早嫁人是一種「實現價值」的方式
嫁得好，可能整個家族都沾光
嫁不好，那也只能自認倒楣
你可能會覺得很現實，而且觀念非常落後
但對於那個時代的父母來說，這種想法是很自然的
當時的婚姻，很多時候不太看感情、也不是以快樂為目標，而是基於一種更根本的邏輯
資源的重新配置，與風險的再分散
某種程度上，你可以說老一輩的人很早就在做所謂的「家庭資產組合管理」
（續
/"
貼文200_第2串,"那時候什麼資源都稀缺，
讀書要錢、看病要錢、吃飯要錢，能活下來已經不簡單
你說把小孩當成未來的依靠
其實也不是投資心態，純粹是活下來的方式
女兒嫁人，如果能換來一門好姻緣、有錢的夫家，家裡其他幾個兄弟也能受惠
也許對方會介紹工作、幫忙照顧、甚至帶動整個家族的社會地位
這種邏輯聽起來很功利，但你回頭去看
這就跟我們今天在市場上做資產配置的心態，
其實沒什麼不同
當然，男生也一樣
你以為娶老婆只是看愛情？
不，傳統社會裡，男生娶進來的對象，也是一種「槓桿」
如果對方娘家有人脈、有資源、或是背景好
那對一個做生意的家庭來說，
就是資金、渠道、信用的延伸
這種話大家不講，但心裡都知道
所以傳統婚姻不是不講感情
是感情放到資源配置之後
能愛當然好，不能愛也得過
因為愛，不能吃飯，但戶口、田產、工廠、米缸能，這就是那個時代的邏輯
你今天覺得這觀念落後，那是因為你活在一個不需要靠婚姻交換資源的時代
但如果你把自己放到那個時空，那是活著唯一的可能
（續
/
View 2 more"
貼文200_第3串,"（父母的陪伴對子女的童年多重要？）
這幾天晚上跟我在澳洲唸小學的女兒視訊
她一邊咬著蘋果一邊問我：「爹地，你以前是不是也很不喜歡照老師講的方式去算數學？」
我愣了一下，想說她怎麼知道？
我太太很喜歡跟她爆料我的求學黑歷史
我猜我女兒跟也我小時候一樣，總是喜歡標新立異，並且討厭學校老師的上課方式
當然啦，我女兒平常講話就有那種小大人的感覺，我猜她在學校可能也是標新立異的怪咖
有時候常常唱反調，不得老師的喜歡，我太太也有跟我講過這件事情
我女兒那個不按牌理出牌的模樣
其實是跟我同一個模子刻出來的
只是我太太抱怨完還順便翻了個白眼
擔心女兒越來越像我，越來越難帶了
但我也覺得我太太想法很奇怪
每次老師說「你女兒很有想法」的時候
她還是會得意的轉述給我聽
我都會笑她兩套標準
我們現在台澳兩地分隔
她在那邊忙著處理孩子日常
我還暫時留在台灣處理一些事情
我跟我太太的教育理念衝突非常大
她怕孩子太鬼靈精怪，會變得難以控制
但我怕孩子太單純善良，會看不清楚這個世界的底牌，我總想在她還沒進入社會的時候盡量教她一些社會生存技能
我把女兒當兒子在教，我認為不管男生女生都該是alpha
（續
/"
貼文200_第4串,"我女兒算是很幸運
至少在她這一代，家庭是不缺資源的，
我們不會讓小孩受苦，該念的學校、該有的支持，我們都給
但真正讓我在意的，
從來不是那些能買到的東西
是那種「陪在她旁邊，讓她知道可以質疑、可以犯錯、可以慢慢摸索自己邏輯」的時間
我不是那種會在公開社群平台發「女兒又得獎了」的爸，
也不太會讓孩子去上那種一窩蜂的名師課程
我比較喜歡晚上散步的時候聽她碎唸學校的規則、看她畫一張沒人懂的樹狀思維圖
然後慢慢聽出她腦子裡的那些難以理解的跳躍邏輯
像她有時候會天外飛來一筆，跑來問我投資的內容：「爸，你說世界上真的有大人是全都懂的嗎？」
我會跟她說：「妳想太多了，大人有時候比你還不懂，說不定妳比她們厲害」
她的問題有時候會讓我覺得很訝異
為什麼這個年紀的人會問出這種歷盡滄桑的問題…XD
我老婆說我在女兒這個年紀就教她厚黑學，
非常恰不恰當，小孩天真無邪的思想都被我教成狡猾的老狐狸，這只會培養出一個鬼靈精怪
我不知道
但我更怕的事是她￼太天真無邪，說了不該說的話，跟了不該跟的人，￼結果人生比別人走了很多彎路
（續
/
View 1 more"
貼文200_第5串,"（台灣該不該搞主權財富基金？）
這幾年有人開始倡議把央行龐大的外匯存底
拿出來一部分成立主權財富基金（以下稱SWF)
說可以幫退休基金補洞，順便創造更高長期報酬
但這個想法要落實在台灣這個半調子民主國家幾乎沒戲，台灣根本沒那個條件，哪怕你立意再良好
早在幾年前就有國內學者針對我國SWF的治理提出反對見解
台灣有人老愛拿挪威、新加坡還有對岸中國當範例
老羨慕人家有SWF也要跟進
但不好意思，人家要嘛一個靠油錢收益，要嘛靠幾度自律的民主監督體質，要嘛就靠一黨高度集中治理，決策快、執行力強
反觀我國朝野立場分歧，預算案都能吵到天翻地覆
主權基金的投資決策效率能撐得住這種環境嗎？殊難想像～
你如果真的了解金融結構、政治體制跟社會信任成本
就會知道這條路根本走不通
這跟國家執政黨治理能力問題無關，是國情不允許
再來，外匯存底它有存在的目的，光是匯率穩定就搞得央行一個頭兩個大，結果外面一堆人連匯率怎麼動都搞不清楚，聽到台幣升貶就被帶風向起哄，現在還想打這筆錢的主意去搞主權基金？?…真沒戲～"
貼文201_第1串,"(企業分潤機制VS龐氏騙局）
你在職場打滾，總有一天會聽說：「某某主管幹了五年，公司直接送他一台車」、「某某業務帶了三千萬業績，公司補貼他買房」
甚至還有更高招一點的：
「公司幫你頭期款出一半，之後每個月從獎金裡扣」
￼這是激勵機制？還是無形的賣身契約？
這些做法不是不能理解
企業本來就需要有忠誠、有文化、有戰鬥力，
但問題是，為什麼他要留住你？你真的這麼重要嗎？
￼如果稍微跳脫這個遊戲規則去看整個機制
你會發現這不是送車不送車的問題
人家只是花幾十萬的代價，就買走你未來三年、五年、甚至整個職業生涯
而且你之所以會自願簽下去，是因為他懂人性，
他知道你會為了穩定、為了家人、為了表面風光而放棄人生選擇權
大陸那邊有一種話術叫做「老闆是為了成就員工」￼，「員工有錢，老闆才會有錢」
但這句話是說給員工聽的
￼業主真的是這樣子認為嗎？￼真的是為了成就你？
你敢一個月沒有達標、兩個月沒有達標、甚至一年都沒有達標？你可以試看看，看老闆還會不會「繼續成就你」？￼
￼
（續
/"
貼文201_第2串,"有些人會說，這樣也沒什麼不好啊，企業本來就該靠凝聚力才能走得遠
這我不否認，團隊要穩、要有文化、要有忠誠感，這是成功運營的必要條件
但問題是…你加入的是什麼樣的團隊？
你投入的是哪一種商業模式？這就很關鍵了
有些企業做的是實打實的產業
比如你做製造的，有產品、有產線、有分銷，
你今天拼一點是可以換得長期紅利的
但你如果在一個本身就沒什麼實質產出、沒增長可能性、甚至內部就是靠分潤、靠人數堆出來的組織，
那這些所謂的「激勵機制」最後只會變成壓垮人的負擔
很多那種搞直銷、搞傳銷的組織
一開始拉攏人心的話術不外乎是「人人有機會、被動收入、團隊倍增」，搞出一堆制度表格，每一階層怎麼分潤、怎麼升等、怎麼解鎖更高權限
但你仔細看，
那根本就不是建立在市場需求或實質業績上面
那是建立在吸更多人進來為團隊賣產品的機制循環
￼這種東西初期可以用熱情推動，多辦個幾次￼大型演講，畫畫大餅，帶帶氣氛，總能把人腦洗得特別有幹勁
但中後期只要市場沒有跟上，或內部業績停滯，那組織就一定爆，
因為你把餅分得太大了，但你根本就沒那麼多餅可以分
（續
/
View 1 more"
貼文201_第3串,"以前有空的時候就會去掃￼一些￼可疑標的
￼像是某一些股票的短天期價外選擇權
會在IV風平浪靜的時候，出現不太合理的委託結構
很可能意味著聰明資金對行情有一些「獨到見解」
這種機會只要被我遇到
我幾乎都會進去吃豆腐，而且屢試不爽
主要是成本低盈虧比漂亮
運氣好的時候，一筆單的盈利可以換來一台國產車
只要方向對了，報酬都是倍數起跳
(Btw，這種機會可遇不可求，
別期待同一棵樹會一直掉兔子下來
有賺錢當然很開心，沒賺錢也不要太難過，隨遇而安～￼
畢竟有人已經專門去監控這種異常的委託，
並做成一套系統，只要策略關注度越高，
那麼alpha就會越來越少）"
貼文202_第1串,"這幾年，我越來越常觀察到一個奇怪的現象
很多二十幾歲的男生，大學畢業、研究所畢業，
什麼都不太敢做，不敢談戀愛、不敢創業、不敢去陌生地方工作，甚至還需要父母幫忙安排人生
你說這些人缺錢嗎？不一定
有些家庭給了很多愛，也有很好的保護，這種我沒意見
但更多時候，看起來像是被圈養過頭
我小時候受到的觀念很簡單：
男生十八歲就該學會打獵。
不是去山裡打山豬，
是你要懂得怎麼自己出去找資源、謀生、面對風險、承擔輸贏
這是技能，是人類基因的本能，也是你作為一個人最基本的求生直覺，豈能偏廢？
一個人如果被圈養太久，就會失去野性
我也是這樣教育小孩（女孩子也一樣）
你待在家裡靠父母、每天領著固定薪水過著沒挑戰的日子、習慣穩定的規律，
久了眼神會變痴呆，決策力會變弱，
最後連肚子餓了都不知道要怎麼去找東西吃
像養在籠子裡的鳥，連飛都忘了怎麼飛
我一直相信，男人的靈魂還是需要一點打獵的成分～
越舒服的生活，有時候越讓你喪失活著的意志。
所幸我家教育一直是這樣：
長到一個年紀，你就得他媽的給我滾出去，自己打獵"
貼文203_第1串,"（台版渡邊太太啟示錄：當利差信仰遇上匯率鐵拳）
這篇PTT蠻有意思的XD
這讓我想起2007年橫掃外匯市場的日本主婦
人家頂著渡邊太太的封號
借著日圓零利率狂買澳幣紐幣，號稱要當南半球債主
結果金融海嘯一來，澳幣半年貶掉40%
主婦們的退休金直接蒸發成空氣
現在輪到台灣美債阿姨們接班了
只是這次道具從澳幣定存換成美國公債
舞台從南半球搬到央行總裁辦公室門口
話說裸奔套利最大的問題就是忽略匯率風險
遇政策轉向＋國際事件（川普言論）→ 幾乎全面崩盤
像這幾年借台幣買美債簡直變成顯學
很多人都知道質押房子賺利差才是真防禦型投資
但當川普要脅要換Fed主席，
美元啪一聲就軟了，台幣咻一聲就衝了
你的套利直接聰明反被聰明誤
￼
楊金龍該不該罵？部分該罵
但把楊金龍往死裡罵的八成押了不少棺材本在他掌舵的貨幣政策上
避險觀念不足￼的￼部分要自己把責任吃下來，怪不得人
btw類似的風景看多了，我早已轉念
有人注定就是要被市場割的，實在不怎麼值得同情
唯一的建議就是…有時間就多看看歷史教訓，
否則總會有人一直重蹈覆徹
hardcore.finance
06/28/25
教主永遠是話糙理不糙╭(°A°`)╮
沒有什麼事情保賺的啦
——-
Re: [新聞] 台幣爆衝攔不住 路透揭央行將買匯者全請
bbs.beptt.cc/Stock…
bbs.beptt.tw
Re: [新聞] 台幣爆衝攔不住 路透揭央行將買匯者全請 - 看板 Stock - BePTT"
貼文204_第1串,"（台幣升值會不會重創台灣出口？）
類似的話題，我寫了好幾篇
這一篇打算用不一樣的角度來切入
￼老樣子，先回顧一下歷史
從 1980 年代到現在，
台灣不是第一次面對台幣升值的壓力
以前也升過，而且還升得更猛
但你問問老一輩做外銷的，會跟你說，匯率只是其中一個環節，更大的變化其實在背後的結構調整
你說台幣升值，出口一定減少？
那是課本寫的理論
現實世界，還得看出口賣去哪裡、當地的幣別變化、物價變化、保護主義壓力、以及企業是不是提前出貨
這些課本不會講，但這些是企業經營者￼每天在操心的事情￼
其實台灣歷史上最大的轉折點
是 1980 年代中後期的那波升值潮
當時台幣對美元大升，從 40 幾一路升破 25，結果很多人預期出口會崩，但後來發生的事情是什麼？
美國市場的佔比確實下降了，
但台灣廠商轉頭去打歐洲市場
為什麼？
因為那時候歐元區的貨幣升得比我們更兇，
德國馬克、法國法郎，升得比台幣還狠
台灣對歐洲出口的相對價格，反而變得更有競爭力
所以你不能光看台幣對美元升不升，
還得看別的國家幣別升了沒、物價變了沒
如果只看單一匯率指標，其實是很容易被誤導的
（續
/"
貼文204_第2串,"而我們的央行，其實早就知道這一點
有時候你會看到央行出來干預，好像是在壓升值
但你再仔細看就會發現，它們的目標並不是要阻止升值
而是不要升太快、不要升到太難看
真正的目標，是讓企業有時間調整產線、重新安排出口排程，甚至是海外布局
央行很清楚，如果升值是必然的趨勢
與其硬擋，不如控制節奏，避免一下子升太急造成企業財報慘烈的對帳損失
所以你會看到有時期匯率維持一段時間的區間震盪
那不是市場自己走出來的，是背後有人在撐
而且這種節奏控制的背後，其實也有一個現實：
台灣某些時期外匯存底堆太高，熱錢太多，如果不升值，國內會出現流動性膨脹，房市跟股市都會出問題
你回頭去看 1986 到 1988，
那段時間台灣的外匯存底從 90 億飆到 649 億美元
匯率當然會爆升
升值不只是出口部門的壓力
其實是整個貨幣政策的綜合結果
如果我們想維持國內物價穩定、避免資產泡沫
某種程度上升值是個平衡力量
再講白一點，很多人說升值不好
其實只是站在代工廠角度講話
但整體經濟的調整，有時是必須的
升值之後，企業反而更有誘因去升級產品、做品牌、擴大對歐或東協的出口
你不逼他，他永遠不會轉型
（續
/
View 1 more"
貼文204_第3串,"（崩盤前的一些思考）
我年輕時對於隨機漫步理論的理解
幾乎把它當成是一種信仰
也認為市場一切就像是無序的布朗運動
常常會有不可預測的黑天鵝
￼而一切的風險都只能用事後諸葛來解釋
後來有一些不一樣的觀點
不是因為這些說法有錯
而是因為當時還是新手
沒有在市場碰撞出更深層次的理解
所以思考著停留在「風險不可知的」層次上
當然啦，聰明人很多
理解模型、統計、定價公式的人也很多
但新手認知的黑天鵝跟老手認知的黑天鵝
常常不是同一件事
比方說，有些你認為突如其來發生的tail risk事件，其實並非那麼的無跡可尋
但是更多時候，也不是毫無警訊，而是自己根本不相信那訊號會真的發生
結果在風險真正醞釀時，照樣滿倉躺平
人性總是僥倖
「我不是最後一個接棒的」
「這種修正不會燒到我」
「我是散戶，我跑得快」
結果怎樣？
平常不燒香，臨時抱佛腳
市場崩給你看，不帶一絲遲疑
（續
/"
貼文204_第4串,"2018年第四季的那一波，我記得很清楚
MOVE 指數早就默默抬頭，債市的隱含波動率已經在放大了，甚至比 VIX 的反應還早。
那時候股市還在高潮，FAANG 吵得沸沸揚揚，散戶論壇一片樂觀，甚至還人預測 Amazon 會先突破一兆美元市值
但我認識幾個債市出身的老朋友，早就開始減倉
他們廢話不多，只看兩個訊號：
利率曲線的扭曲，跟波動率的傳導
這兩個，一個像心電圖異常，一個像地震前的P波，市場真正有經驗的人一看就知道，這才不是什麼修正行情咧，這是市場給你的壓力測試
兩週後，美股硬生生灌殺20%。
後來一堆人說：「這誰能預料？」
說這種話的，通常連MOVE指數是什麼都不知道
你如果只看價格、K線
你看到的是市場的表象
像是紅、綠、收黑、帶量、破底反彈
但如果你看的是利率、匯率、波動率，
你看到的，是市場的神經反射，是那層潛藏在皮膚下、真正控制動作的肌肉反應
股票價格只是表皮，是皮囊的氣色
老交易人從來不只看氣色，我們聽的是脈
這樣子講應該夠好理解了吧？
（續
/
View 3 more"
貼文204_第5串,"這幾個月不少人在吵台幣匯率升值這件事情
但很少人知道的是，
台灣1980年代也有經歷過一個類似的￼新台幣升值經驗
那時候外匯存底越堆越高、貿易順差一路累積
從1980年起，台灣的外匯存底從區區76億美金，一路漲到1987年超過760億，等於不到十年翻了十倍
聽起來很厲害，但其實背後政府背負的壓力很大￼
因為錢太多會出事
先講一個概念：
匯率不是你想不升就不升的
台幣那時候其實被低估很久，靠著出口導向撐住，拼出口拼外資，拼到最後就是出口賺進的外匯沒地方去，只能一直堆在央行
那時候的央行，每天要想辦法吸這些熱錢，
還得壓匯率不讓它升太快
講難聽一點，就是市場在推你升值，但你死撐不升，結果資金進來又出不去，就像鍋蓋壓著一鍋滾水，最後一定炸開
1986年那波升值，央行真的是撐不住了
當年新台幣從40：1開始升，
一路到1988年變成28：1，
兩年內升值三成，這不是慢慢升，這是直接炸開
那時候資金大舉流入，熱錢、投機資金、房地產炒作、股市狂飆……
你現在看到有人說資產泡沫，其實那時候就演過一遍了
（續
/"
貼文204_第6串,"股票指數從1000點噴到12682點，
不到三年，漲了12倍
後來怎樣你也知道，1990年泡沫破裂，斷頭斷到流血
但你說，升值不對嗎？也不是
事後回頭看，升值是必經的路
不升反而會讓經濟更扭曲
當時如果不讓新台幣升值，熱錢堆進來，會讓通膨失控，產業結構也會歪掉，低附加價值的產業還在撿便宜資本，真正有競爭力的企業反而找不到錢用
這就是資源錯置
而且，
不升值其實是拿全民的代價去補貼出口部門，
那不是長久之計
有些人不懂，還以為雙順差是好事，其實那是一種失衡
資本管制底下的雙順差
背後代表的是國內金融市場不發達、資金無法自由流出，只能囤在央行，變成死錢
你看當年台灣外匯存底堆到幾百億美元
但有些企業還在喊缺資金，這不就是結構問題？
所以我常說，台灣這段歷史其實給後人很大啟發
你不能死守固定匯率
不能指望靠外貿賺順差就永遠發財
台灣過去的教訓早就告訴後人
當順差撐太久、資金滯留過久
最後一定要面對「升值」這一刀
痛是一定會痛的，
只是你是要早點痛，還是後面一次爆。
（續
/
View 2 more"
貼文204_第7串,"現在這個世界，不是走向全球大一統
就是越走越碎裂，越走越極端
有錢的越來越有錢，窮的呢？
只能靠基礎溫飽還有社會福利來維持一點當人的尊嚴
說來殘酷，但各位應該體會得到
過去大家都說：
全球化能讓蛋糕變大，大家分得多
但現在呢？
蛋糕還在變大沒錯，可問題是切蛋糕的人只剩幾個
而且刀子還越磨越利
你如果是身在中下階層，那你會發現機會越來越遠
努力沒有回報，負債反而變成你對抗世界的枷鎖
這就是所謂的贏者全拿，英文叫馬太效應
簡單來說，就是你越有資源，機會就越往你那邊靠攏
資本市場裡最直觀，像那些明星交易員
不一定做得比你我高明，但資金與關注永遠優先給他
因為他已經成功過
這跟科學界一樣，一個研究項目名聲越大
就越容易拿到資金、發表、曝光
你做得再苦再好，
只要沒背景、沒光環，可能連門都進不去
但別急著悲觀，這世界也不是全黑白對立
只不過要搞清楚一件事：
分配從來不是自動平衡的，
它背後牽涉的是制度設計、話語權，
以及你是否有能力定規則
不是你厲害市場就會給你公道
而是你得進到可以「設計公道」的那個圈層
（續
/"
貼文204_第8串,"從國家層面來看也是一樣
一個國家如果失去話語權、失去在全球治理的那張椅子，
那不是退一步的問題，
是連帶整個經濟、軍事、社會信心全面後退
失去定價權，連空氣污染、氣候協議這種議題你都只能被通知、無法主導
這就是為什麼大國之所以不能輸的原因
所以你看得懂這個邏輯
你就會理解為什麼大陸這幾年一直強調「全球分配正義」或「共同富裕」
說穿了，就是避免掉入話語權被卡死還有紅利被掏空的死局
想要破解這種局，靠著喊口號洗腦小粉紅當然沒用
得要靠你能不能讓別人也分到好處
這就不是資本主義的邏輯了
而是政治經濟的實力分配遊戲
前陣子大陸很喜歡強調「發展中國家紅利」「低成本製造優勢」
但如果還停在這邊，
那未來只會變成全球價值鏈上的接受者，而不是定價者
而所謂的中等收入陷阱、債務壓力、階級對立、社會焦慮，也都會像骨牌一樣，
從缺乏話語權的國家一路倒進你的社會結構裡
最後讓整個國家爬不起來
所以我常說，做交易、做資產、做研究
都不要只看數字，要看制度後面的力量
尤其是政治立場、社會問題研究，
都無形中主導資本的力量
這是攸關你在市場能否走得遠的關鍵
/"
貼文205_第1串,"（一切都是內線)
加密貨幣本身就高槓桿交易盛行，
價格下跌遇到強制清算機制，本來會放大賣壓
該爆倉的爆倉，該解槓桿的解槓桿
也不是什麼內幕不內幕的￼
如果真要說有人提早知道戰爭時點
那請問能提早知道空襲的是國安單位？還是幣圈KOL？
真有內幕，他們為什麼不做原油？不買軍工股？
偏要選一個鏈上可追而且滑價又大的市場砸盤？
還是真有人以為內線消息會特別選在週末
剛好配合幣圈的開市時間出手？？？？？XD"
貼文206_第1串,"（有些文化對「大」的執著，而是一種來自內心深處的不安與確認感）
Ex:講話要大聲、房子要蓋得大、宴席要鋪得大張旗鼓、穿著要顯眼，彷彿一切都要「夠大」才不會被世界忽略
只是，在這個越來越細緻的世界裡，
這樣的「大」有時候，未必是驕傲，而是一種隔閡
今天早上，我在竹北的星巴克
看見一幕讓我久久無法釋懷
早上九點出頭，客人還不多
我剛坐下，正準備打開筆電，遠遠就聽見一陣高頻的女聲從門口大聲吆喝
「欸欸！那個OOO這邊有空位啦！趕快」「蛤～卡布奇諾只有做熱的喔？」
那個聲音之大，非常刺耳，全店客人都轉頭的那種音量
那是一位穿著時尚，打扮精緻的中年婦女
看起來像是攜家帶眷到星巴克享用早餐
她不是沒禮貌，但那音量，
實在像是要讓整間店都聽見她的點餐
重點不是她做了什麼失禮的事，
而是她完全沒有意識到，在這樣一個原本安靜的空間裡，她的存在已經讓整間店變了調
兩位正在角落安靜交談的外籍女子明顯皺了眉
她們用低語交流，還時不時偷瞄櫃檯方向，
我猜他們很不習慣華人在公眾場所說話喜歡把音量放大，連我自己都覺得不妥
（續
/"
貼文206_第2串,"我一瞬間想起幾年前在日本某地的小咖啡館
那裡的老闆對我們微笑鞠躬，低聲講話
甚至連磨豆機聲音都盡可能壓低
那是他們的日常文化
一種將「不打擾他人」視為一種修養的習慣
而我們呢？我們的文化
或許還停留在「我要讓你聽見我」、「我要被注意」、「我要證明我在場」的階段
說到這裡，台灣實在沒資格嘲笑中國
台灣在公眾場合會大聲嚷嚷的￼人其實不在少數
我不是要責怪那位女士
她或許只是興奮、只是日常，
甚至平常就沒有留意到自己的行為舉止可能會影響到他人
但這種從小養成的「大聲就代表自信、氣勢」的文化
其實很多時候，是一種潛藏的不安
怕自己不夠被重視，怕自己顯得不如人
於是索性放大一切，聲音、舉止、風格，通通放大
問題是，當我們走出這座島，這樣的「大」
在別人的世界裡，很可能是一種壓迫，一種粗魯，一種被排斥
我們常說「出去丟的是整個國家的臉」，
但有時候，我們自己其實沒發現，那個「大聲」的自己，才是最需要被溫柔提醒的人。
/"
貼文207_第1串,"（有一種人完美詮釋什麼叫做中邪）
￼
跟朋友出來吃飯，手機永遠螢幕朝上擺在桌上，一有震動就馬上翻開來看行情
跟太太出國度蜜月，人在義大利心卻在台積電
聊天聊到一半突然安靜，因為他正在心算期貨保證金夠不夠加碼
有時我會笑說，這不是操盤
這種人跟嗑藥中毒沒什麼兩樣
這種狀況我其實常遇到
因為我每天都會安排幾次coffee chat，
約不同背景的朋友聊聊
創業的、科技業的、金融的、退休的…都有
但只要有人在聊天中途突然拿起手機看盤，
說「等我一下，我要確認一下倉位」
我心裡就默默收起下一句想講的話
因為我知道，這個人回不來了
他的注意力、他的情緒、他的人生焦點都被K棒跟波動牽走了。
這種情況，我當然也經歷過
我在20多歲那個階段
也曾經以為：只要我夠專注、夠努力在市場，
交易就能改變我的命運
直到後來，有一位在市場待了超過20年的老教授，
幫我算了一筆帳，讓我徹底醒了過來
（續）
/"
貼文207_第2串,"他說：
「假設你每天花9小時看盤，一年330天，總共2970小時。
如果你一年沒做到500萬，代表你時薪不到1683元。
那不是輸錢的問題，是你拿了一個高強度、極高風險的工種，耗損這麼多時間還有健康，卻沒有相對的報酬。」
￼
但他話鋒一轉又說：
「如果你真的能做到每年穩定賺500萬，那代表你不是新手，你有風控、有節奏、有策略。
那你為什麼還要綁死在一種高度依賴『專注力一直在線』的賺錢方式？
你這個等級，去創業、做顧問、設計資產架構，不是更自由、更有效率，甚至還有疊加效果？」
我當時被說服，無從反駁，
這也影響我接下來20年的投資原則
很多人追求自由，卻選擇了最不自由的方式
每天盯盤、不能斷網、不能停機、不能缺席，
只要少看一天行情就心裡不安，這不是自由，
是焦慮的延伸，￼所以我說這跟嗑藥中毒一樣
看盤本身不是錯，
問題是看了這麼多年，
沒有變得更自由、更有資產、更能選擇
只是變得更累、更焦慮、更怕錯過
我後來選擇走另一條路，就是長線資產配置
不是因為我比別人厲害，而是我不想消耗自己
我沒辦法一整年每天9小時在行情裡燃燒，
我的身體、情緒、生活都會出問題
（續
/
View 1 more"
貼文207_第3串,"簡單這樣說好了
穩定幣的確在資產端用美債來做抵押，
看起來是替美國國債創造了一個新買家
但實際上這些錢不是主動投資美債，
而是被制度設計被迫買單的抵押邏輯，
這就跟過去新興市場被要求用美元儲備金一樣，
有點變相的推升了美元霸權。
所以穩定幣不是激勵美債需求，
而是強迫發行方去接貨，這兩個邏輯不一樣
你放錢進去穩定幣，是在幫別人增加財報的負債，
而你自己並沒有獲得利息，這才是我想強調的部分
它看起來是穩定，其實只穩了發行方的收益結構。
make_investment_easy
06/12/25
早上去林口打球，打完在旁邊休息的時候，
一個傳產朋友的公子哥跑來問我穩定幣怎麼看
這年輕人有配置加密貨幣資產
他說他剛換了200w的 USDT 放在錢包裡
我問他：「你是公司要支付給東南亞供應商還是怎樣？突然搞這麼多穩定幣幹嘛？」
他很認真的說：「沒有啊，我覺得現在放穩定幣才是比較聰明的資產配置。因為鏈上應用會越來越多，以後大家都會用 USDT 付款，那我就提早配置」
聽到這句我差點把他頭殼巴下去….
很扯的是，他老爸也被他說服
存了一筆天文數字在錢包裡面
本質上，穩定幣就只是個支付工具而已
你說要比喻，它有點像鏈上的貨幣基金
但這個貨基又沒什麼效率，它不派息、不增值
還得靠發行方兌付信任才能撐住價格
你持有它，不會拿到利息，也不會產生現金流
它就只是一個幣值穩定的支付中介
能轉帳、能避開波動，但說穿了就是過水的角色
你拿它當資產配置工具？
老實說，too naive too simple
（續
/"
貼文207_第4串,"早上去林口打球，打完在旁邊休息的時候，
一個傳產朋友的公子哥跑來問我穩定幣怎麼看
這年輕人有配置加密貨幣資產
他說他剛換了200w的 USDT 放在錢包裡
我問他：「你是公司要支付給東南亞供應商還是怎樣？突然搞這麼多穩定幣幹嘛？」
他很認真的說：「沒有啊，我覺得現在放穩定幣才是比較聰明的資產配置。因為鏈上應用會越來越多，以後大家都會用 USDT 付款，那我就提早配置」
聽到這句我差點把他頭殼巴下去….
很扯的是，他老爸也被他說服
存了一筆天文數字在錢包裡面
本質上，穩定幣就只是個支付工具而已
你說要比喻，它有點像鏈上的貨幣基金
但這個貨基又沒什麼效率，它不派息、不增值
還得靠發行方兌付信任才能撐住價格
你持有它，不會拿到利息，也不會產生現金流
它就只是一個幣值穩定的支付中介
能轉帳、能避開波動，但說穿了就是過水的角色
你拿它當資產配置工具？
老實說，too naive too simple
（續
/"
貼文207_第5串,"jonathanjjlin
06/18/25
參與台灣財務金融學會年會暨國際研討會，和論壇主持人傳章兄(兆豐金控總經理、前金管會副主委、中央大學特聘教授)，和玉山金控科技長張智星(也是我台大同事，台大資工系教授)、富邦投信呂其倫投資長、國泰投信鄭立誠投資長有同台學習的機會。
討論議題如下:
問題二: 雖然 AI 模型能有相當的預測能力，但多數屬於「黑箱模型」，缺乏可解釋性，如何處理及闡釋模型、判斷其邏輯性?
說明: 各種 AI 技術被廣泛應用於投資組合管理中。機器學習（ML）與深度學習（DL）模型，例如隨機森林（RF）、梯度提升機（GBT）、長短期記憶模型（LSTM）等，具備相當的預測能力，能用來挑選潛力股票與預測風險報酬。自然語言處理（NLP）則可擷取來自新聞、財報、社群媒體的情緒指標，用於增強決策訊號。此外，透過集群分析、主成分分析（PCA）、圖像化神經網路（GNN）等方法，AI 能揭示資產間潛在的關聯性，協助實現更好的多元化投資。值得注意的是，雖然 AI模型提供相當的預測能力，但多數屬於「黑箱模型」，缺乏可解釋性，如何判斷模型結果合乎邏輯?
問題三: AI 與基金經理人在資訊擷取方式上存在差異，如何互補?"
貼文208_第1串,"我發現很多人有一種毛病：
你只要不是這行的，他馬上就說你「不專業」、「外行講屁話」，他不管你說了什麼，看到你非本業
就先馬上否定你的論點
Thread特多￼這類人
前幾天健身房那一篇文底下就有類似的留言
由於對方鎖起來了
要不然各位一定會看到我們「精彩的對話」
這種人說穿了，就是工匠思維
你叫他鑽一顆螺絲￼，他非常在行
那你叫他看地圖、統整資源、判斷趨勢，他整個廢掉
然後自己還講得理直氣壯，沾沾自喜
彷彿知道越少越有資格說話
這類人我通常不予置評
說真的，我反而最尊敬那些什麼都懂一點
能把各種碎片拼圖拼起來的人
Charlie Munger曾經提到一個觀點
投資這行真正的底層能力
不是看哪幾條財報線
是你能不能把數學、心理學、政治、經濟全部接起來
這種跨領域的感知力，是投資贏家的必備特質￼
有這項特質的人多嗎？各位可以自己觀察
所以我最近在看的書，
都不是什麼經濟學，更不會是財報選股、技術分析
我倒是想了解能源地緣政治如何影響國際資源爭奪戰
甚至想花時間關注心理學以及各國歷史發展邏輯
我不想只是當一個工匠
我想當那個早就站在山頂上，知道整座山哪裡會先崩的人，而我還在努力"
貼文209_第1串,"當一個人走進中國，
看到的是基建四通八達、高鐵有背墊、廁所有門
就開始吹捧這才是進步、強大
如果你稍微有一點基礎的經濟邏輯，
應該要能夠理解大規模的基建支出，最終要靠未來稅收來回補
也就是說，今天你看到的地鐵、高鐵、快速道路，
不是憑空蓋出來的，
而是政府透支了未來幾代人的財政能力
這是一種跨期稅收分攤的概念￼
你今天花錢，
是基於對未來經濟成長和人口穩定的信心。
反之，如果你認為為國家人口萎縮，經濟下行，
你會大量去搞基建嗎？
但問題就來了：
中國現在正面臨幾個嚴重挑戰
第一，人口下滑已經是不可逆的趨勢
第二，年輕人找不到穩定工作，收入預期偏低，連生孩子的意願都下降
這意味著，未來的稅基很大概率會萎縮
政府未來很難順利把這些建設的債務回收回來
而有人把美國、日本還有台灣的基建拿出來嘲笑
說紐約地鐵還是100年前的
日本新幹線還跑的比中國高鐵慢
說台北市容跟大陸三線城市一樣
其實正好反映一件事：
這些國家早就走過人口紅利階段
也就是稅收成長有限，所以撙節財政，不再大興土木
（續
/"
貼文209_第2串,"你說他們沒有技術能力嗎？
美國地鐵蓋出來的時候，那時候全世界幾個國家有地鐵？
日本新幹線蓋出來的時候，那時候中國有高鐵嗎？
真正可怕的是，
有些國家傾舉國之力去搞土地徵收、大撒幣式建設，
一副好像只要蓋得夠快、夠大、夠氣派，
GDP就會自己長出來。
沒有監督力量，也沒有踩剎車的聲音
全靠債堆出來的面子工程，偏偏還有人看不穿
站在上面沾沾自喜、網上口嗨，彷彿那是文明的終點
但你誇耀的那些地鐵高鐵，只是現在的風光，沒看到背後未來式的帳單
別忘了，一個國家的偉大，不是看它能蓋多少，
而是它能不能穩穩撐住不爆
你在羨慕的，不是繁榮，而是不知節制的衝動
而你居然還覺得那是驕傲XD
新興國家市場剛進入人口紅利期
大張旗鼓搞擴張是可以理解的
但未來稅收徵收不上來，財政就一定會出問題
沒有例外～
當一個國家的經濟結構與人口支撐不再，那很抱歉，
這些建設會變成沉沒成本，甚至成為未來財政的包袱
我只能祝福這些看事情只看表面的人，還能在財政泡沫破掉之前，繼續把高鐵月台當文明象徵來膜拜
/"
貼文209_第3串,"最近一堆人飽受匯率之苦，像下面這種情況就很典型：明明股市沒出什麼大事，結果手上那檔美元計價資產的報酬，直接被台幣升值吃掉一大塊
先說結論好了
有做匯率避險不一定比較好
分散配置 + 自然對沖 ≠ 技術性避險的下下策，有時是對散戶來說的上上策
一般散戶要去判斷匯率升貶本來就很難
更不用說透過金融衍生品在匯率市場上賭方向
FX option沒開外匯戶根本別想做
期貨又太大口，對沖比率太差，現貨又沒工具可以對沖
就算買00684R或UDN那種反向美元ETF，
看起來好像能避險，
但實際上漲幅常常只有對應美元貶值的一半，
根本對沖不完全
這類ETF設計本身就不能100%複製避險效果
不如回到根本，
￼散戶投資人也不需要複雜的衍生品
要嘛一開始就買台幣避險等級的美元基金
雖然長期績效會被避險成本吃掉，但短期至少安心
要嘛用資產配置避掉單一貨幣集中風險
不要all in美國，分散一些到日圓、歐元計價的資產
用自然對沖的方式拉近整體波動～
根本不用這麼麻煩去開外匯戶
這就是一般投資人最實用的作法，沒什麼祕訣….."
貼文210_第1串,"為什麼一些石油出口國或國營企業，明明知道油價風險很大，卻不提早用期貨或選擇權做避險？
其實問題不在經濟學，而在政治與人性…
舉個案例：
1993年，厄瓜多政府為了避免油價下跌導致財政缺口，買了兩批Put選擇權和一個Swap合約，花了大約1200萬美元保費
結果油價沒跌，反而上漲，選擇權變成廢紙，還因為Swap要補差額，多付了600萬美元
國會立刻跳出來說政府浪費公帑，甚至指控高層貪污
更諷刺的是，如果油價真的暴跌，對沖成功了，
可能也沒人會感謝這些幕後功臣，
甚至功勞被政客整碗端走
但一旦做錯，就是「賭輸錢」，然後被胡亂歸咎責任
這就是為什麼很多財長、國營石油高層寧願什麼都不做
他們不是不知道風險，而是不想扛政治責任
因為沒做避險，可以把損失怪在油價
做了反而會被檢討策略
很多官員或企業高層對衍生性商品根本不懂
他們只會聽到期貨、選擇權、Swap 就覺得「這是不是金融操作？會不會出事？」
所以對沖失敗不只是財務問題，而是「誰來背鍋」的問題
懂這層邏輯，才能理解為什麼市場上很多風險其實不是沒人看到，而是沒人敢動"
貼文211_第1串,"（低風險高報酬必然無法並存？還是你見識太少？…）
大家都知道常年維持高 Sharpe Ratio 的基金
很容易被質疑是不是作假
是不是像馬多夫那一類的龐氏老鼠會？￼
但我要說的是：
你們以為這種基金一定有問題，
那是可能是你沒看過真的低風險高回報的基金…
通常這種基金也不會對外公開募資
市場上有一種邏輯是：
做多高 beta 的東西，
同時偷偷押一堆便宜的OTM put
結果一來風險壓下來，不止活下來，
報酬還甩別人好幾條街，我身邊有不少自營trader是這樣子做的～
並非如同很多人講的「低風險高報酬必然無法並存」
關鍵不是你去買那種超貴的 deep OTM S&P 500 put，
而是懂得怎麼去找那種沒人想買、但又很可能在系統性風險事件裡變成ITM 的期權標的
（￼當然各位要花時間去做相關性分析，大多數非科班出生的散戶幾乎沒有能力做）￼
簡單來說，市場的相關性平常很低
你選一堆股票的 put，看起來不搭嘎
但一遇到崩盤，全部相關性瞬間飆升，一起跌
你那些超便宜的雜牌深度價外 put 就開始爆賺
（續
/"
貼文211_第2串,"這種東西跟你想的那種大品牌 ETF put hedge 完全不一樣，
因為這個根本就是靠 correlation spike 的非線性效果在玩，這比起單純買標普500深度價外put還進階，
人家不只玩黑天鵝，還賭相關性連動￼
人家省下對沖成本是人家的本事
我看過有人用一個很簡單的規則，
只看價格排序去挑最便宜的 put options，
組成一個 tail risk hedge portfolio，
平均只花幾毛錢就能買進
結果那個績效竟然比市面上那些進階的 empirical volatility strategy 還要強，hedge 效果竟然還更穩
（當然啦，這些策略是人家吃飯的工具
沒有人會告訴你細節XD)
這些厲害的基金他們也不會來招那些風險容忍度低又喜歡問一堆問題的散戶，那些人不會是他們的客群￼
這些基金根本不對外開放，幾乎只做高淨值家辦或是FOF
所以不是說高 Sharpe Ratio 就是假的，
而是你根本沒被邀請進去玩
你沒看過，不代表不存在
存在的，只是你沒門路看到罷了
/"
貼文212_第1串,"昨天我留言說在台灣沒有五千萬很難有尊嚴的退休
這是在講一個很基本的現實條件
不是在炫耀我自己有錢提早退休
很簡單的基本道理～
你要嘛降低物慾，過極簡生活
要嘛把資產轉去生活成本低的國家
這是我身邊很多人正在做的事
你自己可以算，如果在越南或泰國買間不錯的小房子
換算台幣五百萬有找還附贈庭院給你養小動物
當地生活費也只有台灣的1/3
你在那邊請個幫傭、吃好一點、醫療自己補一些保險
整體生活品質可能比你在台灣還高
心情還不會這麼壓抑
很多人不能接受不是因為客觀條件
而是心理落差
台灣人很習慣便利、有保障、講中文的環境
但代價就是你得準備更多錢
有一個的理論叫「退休的不可能三角」
（當然，這只是我瞎掰的理論XD）
你不可能同時享有：
1.本地計價資產高回報
2.低物價環境
3.高生活品質與制度保障
你最多選兩個
如果你硬要三個，那你的退休門檻就會爆高
（假定人的資源有限、但慾望無窮）
能不能接受在一個陌生的國家過舒服一點的生活？
還是寧願在熟悉的台灣忍受高物價、高賦稅環境？￼
每個人有不同的選擇
但如果你真的想提早退場
你要考慮的不只是錢
而是怎麼用這筆錢活得夠久又夠爽
/
make_investment_easy
06/14/25
這想法很有趣～
第一，你的4%法則是年提領率，不是每月穩領4%配息
你的模型應該是建立在美國過去幾十年的回測資料上
包含7%年報酬 + 3%通膨假設，那應該就不會是月月固定進帳的現金流模型
第二，假設你好不容易存到1500萬，你敢全額壓進股市、每年賣資產過生活嗎？
還是你其實得準備一筆完全動不得的本錢，另外再準備一份流動性較高、能應付醫療與突發風險的現金部位？
第三，台灣的 ETF 或股息也沒那麼穩，殖利率浮動、配息會砍、不代表年年都有好日子過
簡單說，1500 萬退休…理論上能活
不代表你活得安心，
5000萬我都不敢保證能有尊嚴的退休了
更不用說一些奢侈性消費，光是現金流不穩定，就算你知道你有錢，你也奢侈不下去￼
要真正做到穩定提領、抗波動、顧流動性，至少要 2000～3000 萬起跳，￼再來撥出1500萬來操作…
而不是像您說得這麼簡單"
貼文213_第1串,"這想法很有趣～
第一，你的4%法則是年提領率，不是每月穩領4%配息
你的模型應該是建立在美國過去幾十年的回測資料上
包含7%年報酬 + 3%通膨假設，那應該就不會是月月固定進帳的現金流模型
第二，假設你好不容易存到1500萬，你敢全額壓進股市、每年賣資產過生活嗎？
還是你其實得準備一筆完全動不得的本錢，另外再準備一份流動性較高、能應付醫療與突發風險的現金部位？
第三，台灣的 ETF 或股息也沒那麼穩，殖利率浮動、配息會砍、不代表年年都有好日子過
簡單說，1500 萬退休…理論上能活
不代表你活得安心，
5000萬我都不敢保證能有尊嚴的退休了
更不用說一些奢侈性消費，光是現金流不穩定，就算你知道你有錢，你也奢侈不下去￼
要真正做到穩定提領、抗波動、顧流動性，至少要 2000～3000 萬起跳，￼再來撥出1500萬來操作…
而不是像您說得這麼簡單"
貼文214_第1串,"補充一句
我前面講的
其實已經不是在討論你要用什麼資產配置了
你手上配多少股票、債券、REITs、黃金
其實都不是重點
因為退休的不可能三角不是資產配置能解決的問題
退休人士要的是穩定現金流，就算你今天有再厲害的配置，也很難同時兼具低風險低波動又高報酬
所以這個議題就要回到資源有限下的配置跟抉擇了
你一旦進入退休生活，￼你想的只會是：「我這筆錢能讓我活多久？過得怎麼樣？」
所以說穿了
你想安穩靠現金流過日子，那勢必要犧牲成長空間
再來，你還要在生活成本這邊做選擇
你想住在台灣這種制度完備、醫療方便的地方
那你就要準備一大筆錢
你想資金自由、壓力小一點
那你就得考慮搬去消費水準低一點的地方
/"
貼文215_第1串,"為什麼我說它沒效率
原因在於現在美國通過穩定幣的監管草案，希望託管單位透明化，所以穩定幣發行方被要求走鏈下資產抵押
比方說你發行1 塊 USDC、USDT
就要在託管帳戶或貨幣市場基金裡面放等值的美國短債或現金
這是真的走鏈下資產抵押的發行模式
不是單純的基於算法去派生新幣
（這就不會是完全去中心化了）
但問題是
穩定幣的發行方拿一堆美債、現金做鏈下抵押
這些派息收入並不會分派給穩定幣持有者
反而是給發行方的油水
持有人等於拿了一個「不會增值的支付工具」
那這樣你可能會說
穩定幣發行方被要求走鏈下資產抵押
照理來說美債需求量會提升
這樣對於未來美債是否就是大利多？
首先，表面上好像是美債需求增加了
但你想得仔細一點
這些發行商如果有一天遇到擠兌風險
是不是反而會變成債市的不穩定因子？
一堆短債突然要被贖回，搞不好比銀行擠兌還兇
再來，穩定幣的規模雖然大，但要利多美債市場還得要看FED、財政部。
短債是受到FED貨幣政策影響，長債則受到財政部的發債節奏，他反饋的是美債信用水平
（續
/
View 1 more"
貼文215_第2串,"馬斯克跟川普這波吵架
我自己是覺得時間點未免有點太剛好了吧
為什麼偏要選在Robotaxi要公布、政策補貼要變動的這個節骨眼，突然開幹？
而且吵得那麼高調，股價也瞬間大洗一波。
你問我怎麼看？
我覺得看起來比較像是有目標的操作
比如說要清洗哪一批投資人？要逼白宮表態？還是要讓市場提前反映一些政策風險？
馬斯克這個人，吵架不是問題
什麼時候吵、跟誰吵、吵給誰看才是重點
嗯…就先說到這，剩下留給各位遐想
(不喜歡看陰謀論就當我在無病呻吟就好XD)"
貼文216_第1串,"小心仿冒的白話投資
（這個不是我，請大家不要受騙）"
貼文217_第1串,"我的學生都知道我最近看多黃金，
但很多人會有個疑問：
「可是 Wharton 那位 Jeremy Siegel 教授講得很清楚啊，黃金長期報酬根本就輸股票，甚至不如債券，回測都證明了。」
我心想，這種話我這幾年聽幾百次了啦
我的觀點跟他沒衝突啦～信徒不要出征我
￼
（安插一下，Jeremy Siegel 是Wharton 的傳奇教授，
寫過一本經典暢銷書《Stocks for the Long Run》，不瞞各位說，這本書從我求學時代（那時還沒有中文版）我就看到現在，中間改版我都有持續追，也看超過5遍以上。）
他用超過 200 年的資料做歷史回測
得出結論就是長期買股報酬＞黃金
他的數據絕對沒有錯
但是我們擇時配置很注重未來預期
歷史統計平均數固然重要
但是當全球秩序遇到regime shift的關卡
我還是會去挑戰這些歷史觀點
（續
/"
貼文217_第2串,"至於我自己是怎麼看黃金？
老實說，我不否認，
黃金這個資產你用簡單回測方法會非常難堪
他不像股票有 EPS，有成長性
也不像債券有利息、有殖利率
他本質上就是沒生產力的資產，
很多時候甚至連 Beta 都沒有
你用 Sharpe Ratio 去跑，你會跑出來一個很鳥的數字
但問題是這樣的資產反而更吃 timing
吃 regime shift，吃地緣政治的破口
如果你只看 average return，黃金真的不是首選
但如果你看的是在極端宏觀條件下的條件機率
黃金的 payoff 是超級偏態的
舉個簡單的統計邏輯：
黃金不像正態分布資產那樣，
報酬往往集中在少數機遇一次爆發上去
它不像標普500，你錯過的不是年化6%，你錯過的是制度變動時的 6 倍、10 倍行情，
￼如果你用資產配置定期定額買黃金，持倉體驗一定超爛，你要忍受好幾年甚至10年以上沒有大行情，這會造成很多資產配置者乾脆放棄配置黃金，改去配置多一點點標普500
但如果你有擇時的本領的話，那又會不一樣了￼
（續
/
View 2 more"
貼文217_第3串,"昨天看到館長說中國沒有禁止翻牆啦，只是你要多花一點錢買 VPN 而已…
我心裡真的只有一句話
你到底是在工三小？
嗯，這就像你說「這裡沒禁止言論自由啊，只是講錯話會被封帳號」一樣"
貼文218_第1串,"昨天早上打球，跟幾位傳產圈的朋友一起下場
都是台灣本地的老企業，幾代傳承下來，現在年輕接班人也開始慢慢上來
那位朋友的太太也在場，年紀很輕，孩子也還小
球打到中場休息的時候，她突然問我：「你家兩個小孩怎麼安排學校的？現在都念哪裡？」
我說，我兩個女兒現在人在澳洲念私立小學
接著又問我，一年的開銷大概多少？
不多，一人一年學費加生活費大約 180 萬台幣
（兩個人就要 360 萬，但大女兒開銷略高一些，可能要到200）
她說親戚唸墨爾本大學一年也差不多160～180萬
為什麼我小孩子花這麼多？
雖然我認為這個數字對他來說應該是小case，她應該是反應過度
但我們只是我們把教育放在優先順位
在澳洲對於一個肯為子女投資的父母，這筆錢不算什麼￼
我認為教育經費比什麼「從小幫女兒買ETF」還划算
（上次有人在留言區給我指教「為什麼這些錢不拿來幫女兒買ETF？」，我難以苟同￼，當你會說出這個話的時候，我更知道教育的重要XD)
小孩之後的升學都會留在澳洲
太太已拿有 PR，生活成本雖高
但這不是我這幾年才開始煩惱的事
這件事我在快十年前，就準備好了
(續
/"
貼文218_第2串,"2015 年從新加坡投行離開的時候
剛好踩到中國股災的時間點
那幾年工作忙歸忙，但我心裡很清楚自己遲早會抽身
當時我就把大部分收入配置進 ETF 和美元資產
沒有什麼絕招，也不靠 insider tips，純粹是認知夠早、行動夠早
Long-term compound、低費用、系統化資產配置、加上一些宏觀基本面邏輯進行rebalance
就這樣~
(好吧，我承認沒料又無聊…但也幫我打下10年的江山)
我過去做的是 sell-side，主要跑結構套利、商品期權、資金分析
2012 那一波美國 QE 放水，EM carry trade 機會遍地都是，我們的客戶幾乎都在這些方向上做配置避險
我們不是投機的人，但我們一直在場上
我不敢說看得最準，但我們看得比大多數人早
離開投行後，我曾經短暫成立一支小型量化團隊，
找了三個研究員一起跑模型
那時候想做點能 scale 的事情：用數據驅動策略，用邏輯打市場
說真的，前期我們還是有賺，但玩得越深就越清楚：這是個贏者通吃的賽局。
如果你不是 top 1% 的頭部，你終究只是別人的流動性供應者
(續
/
View 1 more"
貼文218_第3串,"（升息壓力下，投資等級債的更安全？）
很多人看升息週期的時候
會直覺認為信貸風險會上升
尤其是企業借錢變貴了、成本墊高了
那理論上 CDS spread 應該要拉寬對吧？
但如果你仔細去看過去幾次升息週期
尤其是2016到2018年那一段
你會發現 investment grade的CDS指數
根本沒有明顯拉寬
甚至在升息過程中還縮得更緊
這東西如果你不是每天有在盯盤的人，很難察覺
問題出在哪？
￼把銀行資產負債表的邏輯套進去看￼，你就不能理解
那段時間
投資等級債的公司大多趁著低利率時期把資金都借好了
balance sheet上現金部位很高
根本不急著再發債
你看到的不是credit沒風險
而是壓根沒有人來定價這個風險
CDS市場就會變得很乾￼
交易量低到連market maker都不想報價
所以spread看起來很漂亮
但其實仔細去看根本沒有交易深度
（續
/"
貼文218_第4串,"一旦遇到這種情況
債券部位的hedge成本反而會變低
所以就會出現一個違反直覺的現象就是：
明明FED還在升息
但一些機構賣CDS做對沖的時候，竟然賣不出好價
我那時候也很納悶
去翻了一堆券商報告
結果發現問題根本不在信用風險本身
而是整個市場的流動性結構在變
還有一點是很多人忽略的就是
機構投資人為了對抗升息週期的duration risk
反而會去加碼 investment grade credit
因為他們的利差能幫忙吸收利率波動
又比高收益債安全
（這概念不懂的話，可以參考hull衍生品有關久期風險對沖的介紹，這裡不贅述）
這會變成一種資金流推升下的spread壓縮
不代表風險變低
只是大家在壓倉配利息
所以如果你只是看CDS沒有拉寬
就說這輪升息沒事
那其實你是忽略了一個更大的問題
那就是市場的流動性結構跟報價行為早就變了
價格只是反映一個缺席的風險
而不是風險真的消失了
我打個比方各位會比較好理解
這種感覺就像是你走進一個賭場
裡面一片安靜
不是因為大家都在贏錢
而是因為根本沒人下注
/"
貼文219_第1串,"有人還記得Singh Sarao嗎？
昨天晚上在 TAC一位量化研究員在講解規則漏洞案例時，突然帶到這一個人
講人名可能大家沒什麼印象
但是如果講2010年閃崩事件
￼應該會勾起很多人的記憶￼
這會讓很多人好奇，到底這些聰明的腦袋，是如何鑽規則的漏洞，賺制度設計的錢
Sarao他本身患有亞斯伯格症
我不確定這一類人是否天生就是這麼的聰明
但我觀察大致上還真是如此XD
他的策略不是傳統的預測行情
主要是玩交易系統的邏輯漏洞
比方説，他觀察到高頻交易系統全都靠類似的價格訊號觸發行為，像羊群一樣
而他不是要跟這些羊搶
而是要騙這些羊往他要的方向衝
於是他開發了一套 spoofing 技術：
大量掛單 → 造成假象 → 讓 HFT 跟單 → 自己反手成交 → 然後瞬間取消假單
（講者昨天有個比喻我覺得很好，
就是「騙過高頻、戲耍高頻」
你就能賺他們的錢XD）
（續
/"
貼文219_第2串,"他請工程師幫他改寫交易軟體
內建掛假單的邏輯
中間還設計一堆多層級訂單排列
目的是確保永遠不會真的成交
2010 年的閃崩那天
他的假單佔了整個 E-mini 賣方掛單的快 30%
行情從他手上開始崩跌，美股一度蒸發一兆美元
Btw這些操作最終被認定不合法
Sarao 也因此被引渡、判刑
但他不會是個案，而是一個現象
金融市場聰明的腦袋多的是
他們不靠技術面或基本面賺錢，而是鑽漏洞
而那些整天做daytrade當沖的人
大概就是要跟這類怪咖競爭
試想一下，胃納量就這麼大，還要確保自己卷得過他們
如果技術不如人、交易規則又不比人清楚
大概就只能被人家當成猴子戲耍
/"
貼文220_第1串,"光是從SLR修正、Wells Fargo 解禁這兩件事
我認為Fed近期想把國債流動性問題「甩鍋」給商銀的意味蠻濃厚的
但光靠一間well Fargo能吃下來的可能有限
就看後續其他銀行買不買單
federalreserveboard
06/04/25
@federalreserveboard
announces that Wells Fargo is no longer subject to the asset growth restriction from the Board’s 2018 enforcement action against the bank: federalreserve.gov/newse…
federalreserve.gov
Federal Reserve announces Wells Fargo is no longer subject to the asset growth restriction from the Board’s 2018 enforcement action against the bank"
貼文221_第1串,"（什麼樣的人最難在市場裡生存？）
這個問題我其實常被問
我的答案不一定放諸四海皆準
但至少是我這些年觀察出來的
有一種人格特質特別難在市場存活，甚至連呼吸都難
那就是偏執
這裡講的不是表面上的意思
而是那種對自己邏輯沒有病識感的人
這比單純的堅持己見還可怕
也就是說：
明明有盲點，但你自己不知道，也不願承認自己不知道
簡單來說，我們對自己的認知，其實有幾個層次：
第一層是：你知道自己不知道。這很好，這能學
第二層是：你不知道自己不知道。這就麻煩了
很多人就是卡在第二層…而且還很偏執
這種組合幾乎是市場裡最危險的性格
他們看事情只看表面，聽不進不同角度的切入
對反駁特別敏感
甚至會覺得別人是在挑戰他的尊嚴
如果你身邊有這種人，你應該懂我在講什麼（如果不幸說中你自己，也請見諒 🙏）
我自己沒什麼特別聰明的學識或經驗
頂多就是看得比一般人稍微多那麼一點
但說實話，我遇過的人當中
大概十個裡面有五個以上是不太適合做這行的
不是他們不能改，而是他們沒有意識到自己需要被改
（續
/"
貼文221_第2串,"有些人會問我：「那你會不會點出他們的問題？」
我基本不會主動講，除非他主動問我
就算問了，我也只會點一點，點到為止，不會講太多
因為我發現
如果我一講，對方語氣裡出現一點防備或不認同
我就會立刻收口，之後完全不再提
他們的潛意識已經警告你他不容被挑戰
那我接下來就會閉嘴，默默觀察
我可以很直白地說：
這種人，早晚會敗，而且敗得特別快
而且，沒有例外
/"
貼文222_第1串,"（有時候，不是他特別厲害，而是他剛好踩到一個對的浪頭）
我最近重看了一段 Bill Gross 的發言
這位被封為債券之王的老前輩
早在 2013 年就說過一句話：
「沒有哪個還活著的債王、股神、投資大師是真正登上了王座。我們的成功，多半來自於剛好生在對的時代。」
這話講得很直白，甚至有點不留情面
但你靜下來想一想，是真的
包括他自己、巴菲特、索羅斯，這些響叮噹的名字
都是在資產市場最順風的年代裡起飛的
那你呢？
你在什麼樣的時代裡，努力生存、試圖勝出？
是低利率的寬鬆時代？
還是像現在這樣高利率、地緣政治分裂、逆全球化資本退潮？
我不是說不要努力。努力當然重要
但很多時候，努力只決定了你能不能看到機會
真正決定你能不能賺到錢的
還得是那個機會是否真的存在
以前我剛進市場的時候，最常想的一個問題是：
「我這次賺到錢，是因為我夠厲害，還是因為剛好行情順風？」
如果你搞不清楚，
就會把過去的那一套思維帶進下一輪行情，然後爆掉
結果論英雄的人通常都死的很慘
這很正常，市場通常不會獎勵只看表面的人
（續
/"
貼文222_第2串,"如果你對上述概念沒感覺
回想一下疫情後QE的那種市況
不管是當沖、加密、NFT 還是迷因股
只要有膽敢衝、敢重倉，就能大賺
那段時間，社交媒體冒出很多「神」出來￼
結果呢？市場一反轉，全部打回原形…
真正知道自己在賺什麼錢的人，又有幾個？
我也看過朋友真的在那波行情中翻倍甚至翻十倍
那不是策略的勝利，是流動性溢出的副產品
畢竟那是一個只要敢開槓桿就能吃紅利的時代
所以我一直對「封神文化」很警惕
因為你看到的那些「神」，不是不厲害
而是他們踩到了時代的紅毯
當你試圖模仿他們時，卻沒發現那紅毯早已被抽走
我曾經說過：
「一個能被三言兩語交代清楚的策略，
通常都不是好策略」
尤其是那些「神人佛心分享」的策略
因為市場本身就不是一個靜態可複製的東西
它一直在變
「價格在變、情緒在變、結構在變」
你今天學了一套什麼ooxx 的技巧
問題是這個市場哪天改了節奏，你根本沒辦法應變
（續
/
View 2 more"
貼文222_第3串,"最近真的很多人來問我：「你有沒有推薦的投資書單？」
坦白講，我的書單不多，因為我自己讀書的習慣比較怪
一本書要能留在我書架上三年以上
基本上都不是那種翻完就會變強的書
尤其像 Taleb 的《動態對沖》，
還有 John Hull 的衍生品教科書，這兩本常被問到
但我說真的，它們都很硬
而且兩作者對風險的認知也完全不一樣
所以有時候讀起來會很矛盾
早期看 Taleb 的書，很快就看完了
那時候還覺得自己很厲害，什麼都好像懂了
結果過一陣子市場一動
我完全不知道該怎麼應對，整本書像沒讀一樣
後來第二次重看
是在一個自己帳面大幅波動的時期
那時候很多字句才突然有感覺
你才會知道，他不是在跟你談理論
是在描述你會親身碰到的荒謬與脆弱
再來是 Hull
這本書我剛開始根本啃不下去，滿滿的模型變數
硬到直接放在書架上讓他躺三年，等有空再來看￼
但後來有一段時間看到￼朋友在設計一些部位的避險模型
每天要跟希臘值、VaR 跑蒙地卡羅模擬
原本我認知不夠，覺得那些都是紙上談兵
後來才發現，Hull 寫的東西其實都是工具
於是這本書正式走進我的生命裡
(續
/"
貼文222_第4串,"你開始動手建模、面對波動的時候
那些當初覺得死板的東西，
才開始變得有生命
我後來才慢慢理解這兩個人的差異
Hull 是模型派
他相信風險可以被量化管理
Taleb 是反模型派
他相信風險是不可預測的
這兩個邏輯我後來都沒有偏廢，因為我發現：
你不只需要Hull的計算
也要有Taleb的敏感度
所以我讀書的方式就變成
第一次讀，看完就算
第二次讀，是在某些實際經驗之後，重新理解書裡的內容
第三次，是在發現自己曾經誤解了很多東西之後，回頭再碰撞出一些新的理解，這個時候強烈建議你去看一些跟原作者保持相反觀點的著作，讓自己建立反向思維
所以書讀三次很重要，如果只讀一次
你可能就會認為第一次建立的初步印象是絕對正確、不容挑戰的￼
但殊不知作者可能帶有很多個人主觀經驗在書中
￼讀者剛開始接觸這一類領域很難一眼識別哪些是作者主觀意見？￼哪些是客觀呈現的事實？
￼
只讀一次書，很容易「被全盤接受」作者的觀點
難以建立比較強大的批判性思維￼￼￼
（續
/
View 1 more"
貼文222_第5串,"今天早上，一個來自對岸的友人問我怎麼看館長陳之漢去大陸「做交流」這件事
老實說，我對這個人本身沒太多了解，
但既然有人問，我也順手看了一下來龍去脈。
那就簡單講講我的一些想法吧
不見得對，也不見得要你認同
首先，有人說
「去中國交流就是會被統戰」
這話我不會一筆帶過，因為說實話
中國確實存在一套系統性的價值觀輸出機制
從文化到媒體再到社交語境，都是工具
這讓很多人覺得「中國人＝中共」無法切割
我完全理解這樣的觀感，甚至某種程度上，我也認同
但放到館長這件事上，我看法會稍微不一樣。
他有沒有接受官方招待？我們不知道
但就算有，那又怎麼樣？
難道一個人為了生意選擇進入他能賺錢的市場
就代表他被徹底洗腦了嗎？
還是說，我們只是不能接受「他選擇了我們不喜歡的那邊」？
人性本來就逐利投機的，只是體現在不同面向罷了
很多人會說：你不能為了賺錢，就賣國啊！
他有沒有賣國這件事可以另外討論
但如果今天你在自己國家做不下去，
景氣差、消費緊縮、平台被限縮，
你是會堅守陣地餓死，還是會找個能活下去的地方繼續做生意？
（續
/"
貼文222_第6串,"如果你選擇後者，是不是也能被貼上沒骨氣、叛國者的標籤？
這不是道德判斷的問題
而是人性與選擇成本的問題
你可以說他沒操守，但不需要說他該死
這兩件事要分清楚
我也不是挺他，
老實講他有些言論我也看不下去。
但在群眾開罵的同時
我比較想知道他的決策現實考慮是什麼
我見過太多打著立場旗號的人
轉頭照樣接對岸生意、照樣打統一招牌接演講
這社會不是分成「愛台灣」與「舔共」兩種人
中間還有很多「只是想活下去的人」
這些人不高尚，但也不該被獵巫
我們不需要對每一個選擇異於我們的人都做出道德審判
如果你心中那把尺
是根據你自己的風險承擔、收入結構、
語言資源和國際能見度來量的，
那你憑什麼要求別人在一樣的尺上表現得跟你一樣清高？
荒謬
/"
貼文223_第1串,"人類是如何喪失思考力的？…
前幾年我跟幾個親戚長輩聚餐
那時短影音剛在台灣掀起旋風
其中一個人突然拿手機給我們看
「欸你看！XXX爆雷了，標題寫得超狠，國際股市準備崩盤？…」
我掃了一眼：「你點進去看內容了嗎？」
他搖頭：「看標題大概就懂啦，應該又是那種資不抵債的鬼故事吧。」
當時沒回應，只是心裡os
「你都沒點進去看，結論卻下這麼快?」
而這就是問題所在
我們正處在一個資訊極度扁平化的年代
新聞、觀點、評論，被濃縮進幾十個字的縮圖、幾秒鐘的短影片
沒人想知道「為什麼」「中間如何演變」
只想知道「到底是多慘？」「能不能激起我的情緒？」
而演算法，會根據你愛看的那些結論
餵給你更多「你想相信的答案」
然後你的思考就會越來越偏執
我一位念心理學的朋友說的直白
「現在的人連生氣都懶得花時間理解過程
他們只想知道，該罵誰。」
因為時間不夠、注意力不集中
所以我們寧可被動接受「你該怎麼想」
也不願自己花時間思考「這背後為什麼？」
（續
/"
貼文223_第2串,"就像幾天前
我分享一篇關於辜朝明書中提及的資產負債表衰退的觀點，
我用深度長文的方式記錄我的思考
當天有個讀者看到那篇文章後私訊我：
「可以直接告訴結論是該買還是該賣嗎？」
口氣也不是很有禮貌
當時我給了我的思考框架給他
但他認為我表達的很模稜兩可，彷彿不是他要的
他不死心，並開始用一些封閉式的問題，套我的話
他很想再三確認「我到底是看多？還是看空？」
我沒有生氣，只是有點失望
你不懂我的思考框架
卻只想知道yes或是no的答案
因為這正好說明了這個時代的弔詭：
我們好像擁有全世界的知識，卻越來越無法推導出完整的邏輯
很多人不明白，看長文不是為了看「結論」
是為了看作者「怎麼得出這個結論」
就算作者的結論不是你想要看到的
但他中間的推論過程是值得你借鏡的
很可惜，很少人有這個智慧
因為長文你可以很清楚看到作者要表達的邏輯力、因果辨識力、風險感知能力
但現在是什麼樣的世界？
你可能花兩週寫一篇邏輯嚴謹的報告
輸給一則三秒鐘的「金融又爆雷」抖音影片
（劣幣逐良幣？）
（續
/
View 1 more"
貼文223_第3串,"danieltsai04
05/27/25
學習資料科學第449天✍️ 直到成為業內人士
皮爾森 vs 史皮爾曼相關係數：數據分析，你選對了嗎？ 🤔
想知道變數之間到底有什麼關係？皮爾森 (Pearson) 和史皮爾曼 (Spearman) 相關係數是你的兩大秘密武器！⚔️ 但選哪個才對？關鍵就在：你的資料是「直直愛」還是「彎彎情」？ 讓我們秒懂差異，精準分析 📊
🔵 皮爾森相關係數 (Pearson’s r)
一句話總結：專門抓「直線關係」的專家！
它測量什麼？
評估兩個連續變數之間線性關係的強度與方向。可以想像成，它在看數據點是否能漂亮地連成一條直線。
當 r = ±1，表示完美的直線排列！
優點 ✅
• 計算直觀，結果易懂。
• 若資料近似常態分佈，且關係確實是線性的，它是最強大的！
• 精準捕捉線性關係的強度（多強）與方向（正相關/負相關）。
缺點 ❌
• 非線性關係無能為力：數據若是曲線關係，它可能會「視而不見」 (r 趨近於0)。
• 異常值的頭號敵人：容易被極端值「帶偏」，影響判斷。
• 對偏態資料的解釋力較弱。
/"
貼文224_第1串,"2015年8月11號
應該是亞洲投資人非常有感的一天…
那天我剛起床沒多久
Bloomberg螢幕刷出人民銀行的一則新聞：
「中間價改革——對人民幣定價機制進行市場化調整。」
當時早上起來昏昏沈沈，還沒沒有馬上反應過來
索性一邊吃著早餐，想說等吃完再處理
但幾分鐘後，
我桌上 Reuters Eikon 跳出 「USD/CNY 一口氣升了近 2%，USD/CNH 盤中甚至一度突破 2.5%…」
嚇到瞬間醒過來…
但倒霉的不是我，
而是我當時在新加坡接替我工作崗位的菜鳥同事，
他正在經歷一場混戰
（好在我提早捲鋪蓋走人XD，人已經回到台灣）
當時內部狀況很慘烈，同事一早到公司上班
電話沒多久就直接響起
第一通是香港hedge fund的客戶：
「發生什麼事？人民幣這是貶值還是爆雷？
PBOC 是不是撐不住了？」
一些 senior trader 還沒離席
Bloomberg Chat 閃爍不斷
一句話都沒有說出口，但每個人都知道，今天是場硬仗
（續
/"
貼文224_第2串,"從2008 年金融危機後
投行的自營部門已經縮得很乾淨
但衍生品部門仍然要承接來自各方 buy-side 的需求：delta hedge、exotic structure、NDF、CNH swap、offshore repo…
風控立刻緊急通報，因為這次離岸人民幣的 liquidity spread 實在跳得太快
前東家跟香港某些券商的人民幣結算出現卡單
雪上加霜的是，
那天下午，隨著倫敦盤慢慢接近，
歐洲的客戶也開始進場
一家倫敦 buy-side 的資金主管打過去…
他們的 CNH NDF 部位現在價格對不太上
請新加坡那邊幫忙抓個價格，看能不能 unwind
那一刻你才會意識到什麼叫
「你以為有的流動性，根本只是幻象」
價格不是連續的，對手方也不會永遠履約，風險也不會是風險模型裡那個標準差…
交易員的螢幕上突然浮出的是未曾設想的「basis risk」和「counterparty liquidity freeze」
這些平常只在模型訓練時被提起的名詞
瞬間變成實打實的敞口
（續
/
View 5 more"
貼文224_第3串,"今天來聊聊我自己對黃金交易邏輯的一些看法、構想與經驗漫談
(本文很長，我￼預設這篇文章不會有太多人看，有興趣的小眾群體再自行鑽研）
這個話題不從技術面去解讀
我會偏向從歷史的角度以及總經的框架去理解黃金
黃金的價格變動雖然背後的影響因子很多：
貨幣屬性、商品特性、避險需求，甚至是地緣政治…
但你如果硬要抓個交易主軸，那我會建議回歸兩個變數：
「通膨預期」跟「利率變化的預期差」
這兩個變數又可以合併濃縮成一個概念：實際利率
這是觀察黃金中長線走勢最有參考性的指標
但可惜的是，大多數人都沒這個概念
很多人對黃金的想法，
停留在一種比較直覺性的認知上
「只要出現地緣政治緊張，就該買黃金」
「只要通膨數據飆高，就該買黃金」
這雖然偶爾會矇對
但實際上，
這種直覺交易法常常會讓人陷入誤區
舉幾個例子你就懂了：
2008 年全球金融海嘯，
那是個百年一遇的危機吧？
但當時黃金不但沒有飆漲，甚至表現平平
還有 2016 年，原油價格大漲、帶動供應端通膨上行
但黃金整年也是震盪盤
那時候如果重押黃金，可能會很不舒服
（續）
（相關的邏輯，我整理成一張流程圖，讀者可以參照閱讀）
/"
貼文224_第4串,"所以黃金不是看到通膨就一定漲，
也不是遇到戰爭就一定漲
這種「不可預測性」讓很多人最後乾脆放棄分析框架，甚至只用定投解決
這完全可以理解
其實換個角度去看
不是只有央行升息降息這種顯性訊號
你更該關注的是「實際利率」預期的變化
舉個例子就知道了：
2008 年金融海嘯，美聯儲大幅啟動 QE，名目利率確實往下掉
但當時市場的通膨「預期」呢？
不升反降，甚至整體是偏向通縮的情緒
所以雖然名目利率下降，
但因為通膨預期跌得更快
實際利率反而是走升的
這就是黃金沒漲的原因之一
你不能只看利率走勢，
還得看「誰跌得比較快」
這兩個變量常常會打架
如果這個時候你很高興，看到其中一個變因站在你這邊，就大舉做多黃金，那麼被市場修理的概率是比較大的
如果講到這邊你沒有一個觀察的概念
可以參考TIPS（美國通膨保值債券）作為參照物
他和黃金某種程度上的影響因素是重疊的（但不是完全一致）
但是TIPS更能夠反映市場對通膨與利率的綜合預期
簡單來說，如果看不懂實際利率
我就會去看T I P S給我的訊號作為輔助判斷
（續
/
View 6 more"
貼文224_第5串,"很多人問我，宏觀要看那麼多因子，
散戶投資人應該怎麼做？
是不是什麼數據都要追、什麼都要懂？
老實說，要做到滴水不漏，￼不太容易￼
一個散戶投資人，最重要的是抓對主線
而不是什麼都看
我自己是這樣做的：
每個交易週期會先選一條主線
然後根據那條主線，去拉出一套因果鏈
比方最近我關注的主線是：
「關稅政策 → 通膨預期上升」
那我要看哪些東西？
我整理成這張圖，大家可以參考：
(續
/"
貼文224_第6串,"這張圖不是學術模型，比較偏向經驗的總結￼
一旦你抓對主線，剩下的只是把變量一個個串起來
你也不用去做時間序列分析，
散戶如果沒有這方面的專業，
只要做到模糊正確，
給自己的部位多一點彈性調整的空間
那其他東西要不要看？
比如什麼勞動參與率、非農、房價、零售銷售？
我個人而言，慢變量不會著墨太多
只會放在我的雷達上，偶爾查閱
不相關的資料放太多，只會干擾你的判斷
這個主線確定之後
我會在策略裡面做一點小調整
比方上調能源與大宗商品因子權重
或是拉低 duration 持有部位、減少成長型資產配置
重點是：邏輯主線沒變，但週期內做出節奏微調
這一套方式很適合中長線、週期派、或中低頻投資人
你不用把生活壓在盤面上，也不用追波動，
抓住重點，平均一年出手不到五次，
你只要搞清楚現在這個 cycle 的主因是什麼
然後順著做配置調整就好
剩下就是耐住性子做時間的朋友
/"
貼文225_第1串,"最近在準備一份簡報，剛好要聊到印度投資環境
￼
其實印度這題材，市場兩三年前就在炒了
但很多人卡在拖欠資金￼、或是印度製造業不成熟
難免會有一些擔憂
Ex:跳過製造業￼階段直接搞服務業，這讓很多人質疑印度的前景
但說真的，這不是無解
人口紅利 + 政治風向正確，
讓這個市場很難不引起關注
當然啦目前風險還是不小的
Ex制度透明度跟外資流動的問題，看莫迪政府怎麼去應對
剩下就是配置的問題、怎麼控部位
其實是能參與這波東協以外的成長機會的"
貼文226_第1串,"再次見證這詭異的演算法
有時候真的不太懂這個平台的演算邏輯
寫得越專業越認真，按讚越少，
有時候還會吸引黑粉
反而是奇文異事、碎碎唸、廢文生活感想按讚特別好
可能是我搞錯方向了
也可能是這平台其實沒那麼「不低齡」吧？
沒關係，我當作資料觀察，繼續寫我想寫的
/"
貼文226_第2串,"我一直把寫 THREAD 當成VC，
十篇裡面能爆一兩篇就算是不錯了
所以我認真寫投資邏輯、交易經驗，想吸引同樣有品味的讀者
結果有天手癢寫個生活廢文，流量直接炸裂。
搞得我像是被演算法懲罰專業，獎勵廢話
也許這就是平台給我的驚喜吧，讓我完全摸不著頭緒
/"
貼文227_第1串,"四月說要徒步環球，怎麼沒繼續走呢？
答案其實很簡單
腳起水泡，暫時走不動，回台灣休養中
過去這幾個月，確實走了不少地方：
越南、泰國、馬來西亞，也去澳洲探親
靠徒步＋公車的方式慢慢走
（沒有全程徒步)
結果呢？
每天走路二十幾公里，腳踝走到發炎
尤其東南亞￼天氣比較熱，柏油路很燙
鞋子也快報廢兩雙
現在已經在台灣休息
接下來可能再觀察兩個月吧
如果腳好一點，再出發，
之後會持續更新跟大家分享
不然就讓旅程隨著身體的節奏來安排吧。"
貼文227_第2串,"最近我一直有在觀察川普的動作
出訪中東、強化沙烏地的關係
背後那股收割中國一帶一路的味道，越來越明顯
剛好卡到6月有6.5兆美元美債要到期，需要再融資
川普一定很清楚美債的問題￼不能拖
美國不缺印鈔機，但要市場吃下這個量，氣氛就很重要
前陣子關稅政策一出，搞得大家對通膨預期神經繃緊
這個節骨眼，如果川普還把國債拍賣氛圍搞崩了
國債拍賣沒人買
那就不是降評￼這麼簡單而已￼
而是可能會短線引爆局部流動性問題
最後只能仰賴FED搞出超常規購債計劃去兜底￼
川普近期這些動作
除了滿足美中脫鉤之外￼
多多少少也為了國債拍賣做一些準備
讓市場知道美國有降低輸入型膨脹的決心
如果你不知道這跟國債拍賣有什麼關係
我簡單這樣解釋：
川普透過和中東談判來換取穩定能源供應
（比方用AI技術交換一帶一路低成本製造）
這樣一來，通膨輸入端就有機會獲得緩解￼
只要談判成功，膨脹「預期」如果真的下滑
（哪怕不是真的下降，只要市場有預期就可以了）
美債拍賣的壓力就有機會緩解
拍出好價格的機率自然上升
這讓我腦中想到一個對策
如果這個邏輯是對的
那現在的國債市場就有點像預期過度定價的機會點
（續
/"
貼文227_第3串,"畢竟美債剛被降評
市場避險賣壓出爐
有些壽險公司跟固收量化基金可能因為風控或是監管規則被迫砍債
這種時候的價格，就不是基本面的問題了
而是規則因素導致的錯殺
再看幾個數據：
這次信用違約掉期￼雖然上升
但離2023、2011那種恐慌水準還遠
OIS也沒出現系統性扭曲
隔夜逆回購至少還能支撐3天
（雖然比2011少，但也還算撐得住）
這就很反常：
市場寧願相信這是折價，不是違約擔憂
那在這種階段，資產價格會開始反映風險溢價
而不是走災難劇本
這種時候如果還在問「會不會違約」
其實反而是買點來了
所以我做了一件事
趁著這波降評+利率跳升
我默默撿了一些美債回來，塞回我的資產配置組合
不是因為我覺得美債沒問題
而是看到川普近期的動作
讓我覺得這個時機點的賺賠比，實在漂亮
當然啦，這只是我的推敲，我也可能是錯的
只能留給市場去驗證￼
我就賭看看￼通膨預期被壓下去
聯準會也多一點降息空間
如果流動性穩定，美債拍賣順利
￼那這波情緒修正就是一場誤殺
機構可以拋，美債會被打折
這讓我想到 Howard Marks 說的：
風險不是波動，是買貴
這一波，我覺得夠便宜了，就撿一點來試
/"
貼文228_第1串,"一個蠻有趣的現象
有些人會從我發文的風向去猜測我背後的政治立場
但各位別去猜了
我是一個觀察者，不是藍白綠
只是有時候發表出來的觀點
可能恰好跟某個政黨立場理念是一致的
不代表我偏哪一方
比方幾個月以前我發表批藍白刪預算
就被罵綠🐸
我發文討論中國政經文化
稍微講到對岸可能某些優勢比台灣好一些
有人心裡就不平衡，把我講成舔共
想罵我的人總能找到各種漏洞來攻擊我
往我身上貼各種標籤
但往好處想，
這樣反而沒什麼好怕的（一種負負得正的概念？"
貼文229_第1串,"從三峽這起高齡駕駛車禍，我只能說..
台灣應該是亞洲裡「最沒本錢承受老齡化+少子化的國家」（簡稱老子化…）
別的不說，我就挑三點：
第一，光是經濟結構單一
產業鏈過度集中，就讓台灣的反脆弱能力下滑很多
平常沒事，就真沒事
一旦出問題，反應機制會很差很差…
台灣的經濟命脈高度集中依賴半導體
這些產業需要大量年輕且受過專業訓練的勞動力
但現在問題來了，年輕人不敢生、不想生
勞動力人口持續萎縮
而這些高齡化勞動力難以支撐快速更新的製造技術
只能仰賴便宜的外勞
為這個老齡化的國家撐腰￼
但如果這些提供我國勞動力的其他國家也面臨老齡化
或是切斷全球經貿往來
那誰來為高齡化提供產能？
台灣年輕人越來越少參與本土中低端就業崗位
比方7-Eleven的店員
慢慢開始有東南亞的勞工接替這個崗位
我不禁想問，台灣的年輕人去哪了？￼
你可能會說：
「用政策去保障本土勞工就業保障問題￼，不就得了？」
這又會引發另外一種現象
資本是逐利的
產出水平加上不合理、勞工薪資保障又多
我當然撤資，轉向勞動力更年輕、成本更低的國家
這種人為干預的保障就業薪資
最後可能￼反饋的是就業機會更加惡化￼
（續
/"
貼文229_第2串,"第二，社會福利支出龐大，財政負擔沉重
難道其他亞洲國家沒有老子化的問題？
有，但社會有幾個致命的問題
社會福利支出逐年攀升+健保入不敷出+長照支出缺口擴大
你看台灣有什麼真正「資本增值」的資產嗎？
除了外匯儲備比別人多、台積電譽為￼科技龍頭之外
「人力資產」基本上少的可憐
如果少子化繼續惡化
未來的年輕世代將被迫承擔更沉重的財政壓力
第三，人口紅利結構崩潰，年輕人出走
產業空洞化導致這些年輕人可能不會想在台灣深耕
另到海外尋找一片天
日本、韓國、新加坡都有龐大的產業鏈、技術輸出、國際市場份額，
即便人口老化
他們仍能靠出口、技術升級彌補產能缺口
而台灣呢？
台灣產業鏈過於狹窄
出口產品集中在電子與半導體
「台灣有台積電」，放在這個框架下討論，可能就不會是那麼值得慶幸的事了
（續
/
View 1 more"
貼文229_第3串,"今天早上收到一個年輕粉絲的訊息
一聽之下就覺得有點不妙
大學畢業不到五年，工作三年後「炒了老闆魷魚」
目前全職在家做投資交易
去年在市場上交易賺了四百萬￼台幣
也準備結婚，還想買房
先不說去年那什麼行情￼
我沒有急著潑冷水，也沒有給雞婆建議
反而想聽聽他：
「為什麼會有這樣的想法？」
自從經營這個帳號以來
收到類似的訊息不下五次
￼￼這也讓我去思考到底這一代的年輕人怎麼了？
你說他草莓嗎？也不見得
￼年輕人￼越來越困難是事實￼
台灣的上一代早就把經濟發展的「福氣」給耗盡了
當年的台灣錢淹腳目，房地產槓桿開到極限
收入跟不上通膨，沒人想生小孩
沒有下一代的人為你繼續開槓桿
房市要嘛等著出問題，要嘛年輕人選擇躺平
￼
你或許不同意我的觀點
￼但可以看看勞動市場
基層崗位呢？外勞填滿
高薪崗位呢？被學歷、人脈卡死￼
至於中間階層呢？躺平的人躺平，炒股的人炒股
眼高手低的現象，已經變成了一種常態
你說對岸內捲？
台灣也不遑多讓
只是￼￼台灣政治體制稍微有那麼一點民主國家該有的糾錯機制，但其實也好不到哪裡去…
（續
/"
貼文229_第4串,"不過，聽到這個年輕人跟我說他要全職交易時…
我反而有不同的看法
就算現在很困難，全職投資交易也不是￼選項之一
交易市場很殘酷，沒有穩定收入，沒有風險管理
就算你去年賺了 400 萬，也不代表未來你能繼續複製同樣的結果
不小心賺到認知以外的錢，
要嘛見好就收，要嘛拿去做指數化投資
否則市場會用「你認知以外的方式」把你多賺的錢收割回去￼，
嗯，再加上沒有穩定的工作
到時候出問題了…後果不堪設想￼
￼
當然，那一種在社群媒體或是暢銷書出現的「少年股神」人人都會羨慕￼
但沒有專業度佐證跟考核，難免有一些不切實際￼
但我還是問了他一句：「那你接下來的規劃是什麼？」
他除了說在市場上做交易維生之外
沒有想到其他的辦法…
我默默為他捏把冷汗￼
但也要提醒，光靠交易賺錢
你的本金撐得住幾次虧損？
更何況你現在還有結婚、買房的打算
生活開銷增加，資金壓力倍增
（續
/
View 1 more"
貼文229_第5串,"（一些交易的想法，文長慎入）
回台灣之後，一直有跟這個老債券交易員閒聊..
這大哥現在自己單幹，每次市場稍有風吹草動
他總是第一個出手的
我們聊到近期市場動態
他每次都叫我先看OIS 曲線
￼其實這也不是什麼￼很冷門的東西
￼但重點我是想了解這些固收trader本身是怎麼去￼搭建交易想法的？￼
OIS 曲線的變形
比你看到的任何指數都更能提前反映資金壓力
（但他強調，OIS不具備任何「預測」效果
而是市場交易出來的結果，
把它當成是一種「風險提示」，
可能比「預測」更貼切一點）￼
如果大家還有印象，2024 年底
FED釋放了一些暫停加息但不降息的信號
市場對聯邦基金利率的預期混亂不堪
VIX 一片平靜，還在 16 附近徘徊
但 OIS 曲線卻出現異常變形
那時候 1M OIS 和 3M OIS 利率
短短幾周內從 4.2% 飆升到 5.1%
而 6M 到 1Y OIS 卻依舊平滑
這是典型的 Bear Flattening結構￼
用一個比較不嚴謹的講法，
你可以暫且把短端利率抬升，當成短期融資壓力增加
長端利率滯後，當成市場對長期經濟前景不看好
（續
/
make_investment_easy
05/07/25
為什麼固收交易員比經濟學家更快察覺市場變化？
我之前還在投行的時候，
碰上過一位頂著數學 PhD 光環的主管
他對數字的敏感度驚人、反應又快￼
套一句他講過的話：「市場的 Credit Spread 變化，
就像地震前的前兆，不是每個人都聽得見。」
這位前輩很快得到了老闆的青睞，
因為他建模的數學模型對固定收益市場的解讀相當精準
每次市場有風吹草動，他都能提前做好對沖
讓整個 Desk 的 PnL 穩如泰山
當時市場正在傳央行準備調整短期利率
而我們 Desk 正在處理一筆巨額 Duration Swap
大部分研究員都在關注短端利率
而這位前輩卻敏銳地發現
Swap Spread 和 Credit Spread 的擴大現象
早已悄悄出現，果然經驗是交易出來的
我當時問他一個蠢問題：「你為什麼要花這麼多時間看 Swap Spread？不是說yield curve短端利率還沒動嗎？」
他只丟下一句話：「債券市場永遠比經濟學家快一步。」
（續
/"
貼文229_第6串,"我問他：「但這跟風險溢價有什麼直接關聯？」
短端 OIS 抬升意味著短期資金成本增加
這對那些依賴短期融資滾動的企業來說影響很大
他點開一批3個月期的公司債券數據
那些企業幾乎都是槓桿率較高
依賴短期融資來滾動現金流的發行者
這些債券收益率從 4.5% 飆升到 5.8%
而股價卻沒什麼反應
這就是他觀察的異常現象
「市場還在裝死，但債券市場早就反映出來資金壓力正在上升。」
他開始設置一個簡單的對沖策略：
從 OIS 曲線變形
馬上找出受影響的短期公司債
他挑出一批短期公司債券，發行企業的槓桿率偏高
尤其是那些三個月內到期且票面利率突然飆升的債券
「我會買入這些債券，」他說
「同時在現貨市場賣空這些企業的股票。」
為什麼？
當企業融資成本急劇上升，現金流吃緊
短期債券價格會先行回落，股價可能隨之跟跌
（續
/
View 2 more"
貼文229_第7串,"是什麼樣的人，才會一直看衰自己的國家?
一直想不明白"
貼文230_第1串,"如果你有配置美股、美債
其實，有些數據早就給出交易訊號了
但最近我發現，很多人依然緊盯著美中談判的新聞
想從博弈結果來判斷美股、美債的走勢
老實說，閒聊抬槓當然可以
但對交易配置真的沒多大幫助
我也很懶得去做「預測」，沒意義
3月2號我寫過一篇文章
專門討論如何用不同期限的 VIX 觀察恐慌指數
這次剛好派上用場
很多人來問行情看法
但我整理的舊文各位有去看了嗎？
那些訊號早就寫在臉上了
而且，這些訊號可是真金白銀交易出來的結果
不如這樣：
去看看 VIX 3M與VIX 1M 的差異變化
再對比 OIS 和利率期貨的波動
市場交易結果，比媒體怎麼說還來得重要
如果市場上，OIS 已經反映出降息預期
而 VIX 期限結構的價差收斂
那接下來會發生什麼事？
我不當算命仙，您自己動腦判斷￼
順帶一提，最近利率走勢也有點意思
前陣子我寫過文章
六月底有一大批國債到期
加上FED隔夜逆回購的資金池見底
可能會引發聯儲搞一波超常規購債計劃
(過往遇到流動性危機，聯儲下手都不會太輕）
（續
/
make_investment_easy
03/02/25
V I X的參考價值到底高不高？
老實說，十年前我們做交易是真的會盯著VIX調整部位，那時候市場工具沒現在複雜，SPX選擇權的隱含波動率確實是判斷市場情緒的重要指標。當VIX衝破30，交易室通常會開始減碼風險資產；要是跌破15，很多基金經理人就會加槓桿進場。這種操作邏輯，在2015年聯準會升息前後都還算有效。
不過現在問題就出在這邊，VIX早就不純粹了。現在光是追蹤VIX的ETF規模就超過50億美金，更別說那些VIX期貨和期權每天幾十萬口的成交量。這些衍生性商品本身就會反過來影響VIX的定價，就像台指期的結算日會扭曲現貨行情一樣。
具體來說有三大問題：首先是結構性失真，VIX期貨的roll yield現在常被機構當套利工具玩，導致指數容易被預支未來波動；再來是流動性陷阱，2020年3月股災時VIX期貨市場出現流動性枯竭，報價根本反映不了真實恐慌程度；第三是演算法干擾，現在高頻交易佔VIX相關商品成交量的7成以上，程式單的止損連鎖反應會讓指數突然暴衝。
/"
貼文230_第2串,"V I X的參考價值到底高不高？
老實說，十年前我們做交易是真的會盯著VIX調整部位，那時候市場工具沒現在複雜，SPX選擇權的隱含波動率確實是判斷市場情緒的重要指標。當VIX衝破30，交易室通常會開始減碼風險資產；要是跌破15，很多基金經理人就會加槓桿進場。這種操作邏輯，在2015年聯準會升息前後都還算有效。
不過現在問題就出在這邊，VIX早就不純粹了。現在光是追蹤VIX的ETF規模就超過50億美金，更別說那些VIX期貨和期權每天幾十萬口的成交量。這些衍生性商品本身就會反過來影響VIX的定價，就像台指期的結算日會扭曲現貨行情一樣。
具體來說有三大問題：首先是結構性失真，VIX期貨的roll yield現在常被機構當套利工具玩，導致指數容易被預支未來波動；再來是流動性陷阱，2020年3月股災時VIX期貨市場出現流動性枯竭，報價根本反映不了真實恐慌程度；第三是演算法干擾，現在高頻交易佔VIX相關商品成交量的7成以上，程式單的止損連鎖反應會讓指數突然暴衝。
/"
貼文231_第1串,"現在的市場氛圍是什麼？
隨著中美逐漸攤牌，恐慌波動性逐步收斂
那些在恐慌期被錯殺的資產
有些開始慢慢回補
到這邊可能有人會質疑：
市場回補不代表風險消失
沒錯，但問題在於：
你是站在多長的週期去看待這件事？
再者如果你擔憂的風險，市場交易員根本不這麼看，
那你是否應該反著幹？
比起這些爭點，我更在乎的是：
VIX 期限結構是否仍維持近月 < 遠月？
還是開始出現近月下滑，遠月攀升的現象？
OIS 是否出現異常波動？
當「不確定」這三個字
被市場的交易結果轉化為「確定」
所以，你的爭點還會停留在美中博弈鹿死誰手？￼
最後送大家七個字：別人恐懼我貪婪
/"
貼文232_第1串,"有一種情況下，￼你會希望自己「懂少一點」
昨天接到一通電話，來自一個很久沒聯絡的朋友
這位仁兄在台灣某半導體記憶體大廠待了十年
對產業分析非常有自己的見解
這10年來靠重倉半導體累積不少財富￼
甚至有時候會「指點」我的看法
讓我其實有些不是滋味XD
但這一次聯絡上，他卻說想來澳洲散心一個月
聊一下才得知，他上個月被川普關稅掃到颱風尾
虧了八位數台幣
雖然跟他有一點￼瑜亮情節
但面對他的虧損，我沒有幸災樂禍，倒是有點震驚
他是我少數認為對產業分析極其透徹的人
於是電話中就跟他小聊一下
並且檢討他到底是怎麼翻車的？
簡單說，他就是那種「￼對公司研究透徹到毛細孔，￼卻忽略整體市場環境」的典型
因為他在產業耕耘了10餘年
對每一家晶片廠從去年到今年每一季的EPS增減幅瞭若指掌，一般門外漢幾乎沒辦法搭上他的話題深度
除非你是該產業研究員
（續
/"
貼文232_第2串,"他這次的重災區集中在幾家台灣的權值股
你說他不懂風險控制
他反而會回懟你不懂產業趨勢
好幾次跟他對話，都有一種無力感
我只好閉嘴，默默聽他開示
於是看著他槓桿開滿
嘴巴上是講「要讓資金最大化運用」
實際上是不了解風險，又不承認自己是在濫用衍生金融工具
四月那波川普貿易關稅炸開，全球市場劇烈波動
VIX飆升、台指期急跌，半導體板塊被市場拋售
￼他的對沖完全沒有起到保護作用
這些事件，每一件單獨來看
都不是他能掌控的範疇
￼甚至超出他的認知以外￼
他原先做台指期賣空對沖
但沒有考慮到 VIX 飆升帶來的流動性風險
對沖本意是用期貨保護現貨倉位
由於現貨跌幅超出他的預期
反而導致期貨部位被瘋狂逼空
追加保證金的速度比他的對沖計劃快了一步
很快，流動性枯竭，他被迫在低點斬倉
（續
/
View 2 more"
貼文232_第3串,"有一種問題，我是真的不敢輕易回：
就是幫別人生規劃，尤其是大學生
「不就是給個建議而已嗎？有這麼嚴重？」
以前可能覺得一句話無關痛癢
應該不會有人把我的經驗談，變成人生指引吧？
還真的有，而且不少..
你說他完全沒有判斷力嗎？
也未必，因為路徑依賴是人性
￼尤其是在20幾歲人生還在迷茫的階段
￼到處尋求意見，是可以理解的￼
But年輕人這時的人生「盈虧比」最好
我反而認為「頻繁的低成本試錯+糾正」
可以用傷害最小的路徑找到人生的答案
所以遇到這類問題
我通常不會雞婆給意見
先叫他跳下火坑
摔個鼻青臉腫再回來找我
如果他沒封鎖我的話
應該可以從他身上得到很多想法
過去不代表未來，市場會變，人生也是
適應性，一直都是我奉行的準則
而那些聽起來「走對路」的人
很多都是走了一大圈
才發現自己的路在哪裡"
貼文233_第1串,"最近看到一種似是而非的說法
泰勒法則能用失業數據和通脹去線性回歸
並測算出聯準會將來的升降息幅度
這種論調大概跟「利率倒掛必出現衰退」一樣
都有很大的問題
￼一般人可能會說「Taylor’s rule套用過去歷史很穩、預測效果好￼」
但如果你稍微用一點批判性視角去看待
第一個疑問應該會是￼
「利率是一個簡單的線型回歸方程式？」
「￼美聯儲這麼笨嗎？能直接透過線性回歸￼就好了，幹嘛還要開FOMC？」
￼
鑒於人的天性會透過相關性去腦補一切所有可能的因果關係￼…我決定用一篇文章來表達我個人的看法￼
並不是說泰勒法則沒用
它確實指引央行利率的很重要的工具沒錯
只是，當你把利率政策線性回歸到通脹和失業率時
可能忽略了整個金融系統在中間扮演的角色
￼金融機構如何擴張資產負債表？
如何跨市場借貸，如何用 Swap、Repo、Cross-Currency Swap 去觀察資本流動？
金融機構在中間扮演的角色很重要！
（續
/"
貼文233_第2串,"很多人說現在市場走向去中心化的趨勢
銀行機構沒那麼重要了
但看看現實，不論是加密貨幣還是傳統資產
資金流動還是離不開銀行
Grayscale 的 Bitcoin ETF、BlackRock 的加密基金一樣需要靠銀行來撮合
這些中心化機構反而成為服務去中心化市場的風向標
所以，研究利率不去看金融機構行為，怎麼可以？
如果你認同上面的觀點
再回來看看我們的問題點
用Taylor 去猜聯儲決策的觀點
這個東西就跟「利率倒掛必出現衰退的論調」一樣
也出於同一個誤解
一般人以為利率倒掛，銀行資產負債表就涼了
其實很多人忽略了，對銀行來說
收益率曲線怎麼走根本不是重點
Carry 和 Roll Down 才是重點
什麼意思？
假設現在短端利率 6%，長端利率 4%。
市場一片唱衰：「完了，倒掛，經濟衰退要來了！」
但你會發現最近幾年一直有例外
銀行會怎麼做？
他們不是只盯著短端利率，
而是去找出那些具有收益潛力的資產去carry
（續
/
View 3 more"
貼文233_第3串,"老實說，我不是學術界出身的人
我常常自嘲自己骨子裡還是帶點原始社會出來的野蠻
以前粉絲少的時候，有人跟我筆戰
我會毫不猶豫下場奉陪
反正那時候沒人看，說爽就好
我的文章本來就偏向主觀色彩居多，並非實證主義
很多源自我個人的經驗+思考
所以本來就會有人持反對見解或是看法
這都很正常，也順便讓我看看反面的思考方式￼￼
但現在發現，演算法真的太厲害了
你隨便留個言，瞬間被推送到陌生人眼前，點贊數狂飆
這時候你就得想一下：到底是要贏這一回筆戰
還是要守住自己的格調？
有時候真的要隱藏自己想要戰鬥的慾望
（因為有人在看👀，不敢這麼彰顯自己？）￼
有個學術圈學問很高的朋友提醒我：「你寫的文章我很欣賞，但你那些嗆人的留言，感覺跟你的人設搭不上。」
我聽完笑了￼
其實我私底下哪有那麼和善？
看到有人在鬼扯，我還是會忍不住嘴個兩句的
但現在，我選擇閉嘴，不是因為脾氣變好了
演算法會把我的野蠻推到更多人面前XD
而我，更想讓那些文章被看到，而不是我的脾氣"
貼文234_第1串,"今天看到一個爆紅的影片
在討論學歷沒用
這句話沒有對或錯
但得看你從哪個階層說出來
全球極端頂層的人通常不會是低學歷
甚至有些富N代家族學歷都不會太差￼
真要覺得沒用，後代早就躺平繼承了
何必還送小孩去哈佛、耶魯、LSE？
反而是有些中產階級
剛好踩對時代紅利，經濟週期、靠借貸、開槓桿或時代紅利發了一筆
可能會覺得：「學歷好像真的沒用耶。」
反正讀沒有書，還不是一樣賺錢？
這種情況，不是不能理解，
但樣本太小了，或是只是用在華人社會
還有一種人（通常是華人社會文化比較濃厚）￼
靠社交手腕、話術討喜、人脈斡旋也混得不錯
他們也常說學歷沒用，會做人會交朋友比較吃得開
畢竟人脈資源也是一種資源￼
這也沒有對錯
但你去看真正控制資源分配的群體
很少有人會這樣講
所以我說，也許不是學歷沒用，
是你剛好沒接觸到讓它有用的地方。
又或者，你的學歷，真的不夠用。你覺得呢？
/"
貼文235_第1串,"推薦大家去看隨機漫步的傻瓜
/"
貼文236_第1串,"今天有人發了一篇文，大意是說：
「有些人寫一堆長篇大論、艱深難懂的文字，但為什麼讚數這麼少？」
底下還有人標註我。
我沒回，但我看到了。
首先，你本來就不是我的受眾
我寫的是給理解深度、尊重專業的人看的
不是寫給沒耐心的吃瓜群眾
再來，針對他文章提到的：
「現在是速食文化時代」
「現代人注意力不夠了」
「就是因為不知道吧複雜的文章寫得￼白話通俗，所以才需要長篇大論」
這種強加於人的敘事邏輯，
我沒什麼想要回應的，也不用去標注我￼
你可以選擇寫短、寫快、寫給演算法看
但這不代表所有人都要走你那條流量捷徑
我更在乎的是吸引什麼樣的人
而不是吸引多少人
你用什麼方式寫文，你就會吸引什麼樣的人。
你用表演吸引人，就會吸引來看戲的；
你用價值吸引人，就會吸引來學習的。
我選擇後者。你可以不懂，但請別急著評論。"
貼文237_第1串,"研究楊金龍幹嘛？…
楊金龍回答 Bloomberg 記者問題的語氣
一堆人拿放大鏡在看央行楊總裁
什麼眉毛有沒有抖、講話有沒有結巴
開始解讀肢體語言陰謀論腦補他是不是放棄防線
但…我怎麼覺得他像在心裡嘆氣：
「哇你這什麼白癡問題，回去還要被你亂寫一通…」
台灣媒體問這種問題就算了
但偏偏又是彭博這種權威媒體
會被全世界引用，不能不理"
貼文238_第1串,"「月薪30K，能翻身嗎？」
這問題很難回答￼
不過既然很多社會新鮮人關注
我決定用一篇篇幅談談它
（先聲明，我不會針對個案給任何財務規劃建議
而是分析一下在這種情境下我會怎麼做）
我不打算用一句「能」或「不能」來敷衍你
因為這兩個答案，不但沒意義
還會掩蓋掉真正該被討論的事
所以，我們換個方式來談：
如果我是你，月薪30K，真的想翻身，我會怎麼做？
先說清楚，我的工作背景是這樣：
我並非剛出社會就靠「投機起家」
我的市場操作起始資金，
都￼是靠工作勞力所得慢慢累積而來的
並非像坊間講的「人越窮就越要投機」
我其實反對這種說法
為什麼？以下慢慢跟你揭曉原因
先撇開資產負債表衰退、roll down carry、forward curve 這些偏操作層面的東西
我就先假定各位懂一些金融、經濟學知識
（續
/"
貼文238_第2串,"首先，最重要的是「面對並承認自己的處境」
如果今天我只拿 30K 薪水，這表示什麼？
代表我每個月的自由現金流非常有限
我能冒的風險不大，我連虧個一兩萬都會痛
這種狀況下，我不會一開始就想著靠投資「翻身」
我也不會想投機，萬一虧光了
一個月30K的薪水要爬回來起始點會很慢
雖然年輕人該衝該闖
但是有些認知上的坑，其實是沒必要去踩的
再來，我會先問自己幾個問題：
1.我的本業薪水為什麼這麼低？有沒有可能加值？
2.我目前的現金流能不能讓我存下一筆「我虧掉也不會痛」的資金？
3.如果有，我能不能用這筆資金測試小規模的投資策略？（不是買熱門股，而是用思考建立的邏輯）
這邊以我身邊的公務員朋友為例
我常常開他玩笑，說他「富不了但也餓不死」
他要拿出100 萬來操作，其實是沒有太大的負擔的
也因為這種優勢，資產兩年內翻了快四倍
你要說他倖存者偏差我沒意見，但不可否認的是他有幾個優勢：
1.現金流穩定
2.生活不靠這筆資金撐￼
3.心態好、不躁進
4.願意花時間理解投資邏輯，而不是亂賭
光是聽到他拿100萬，可以忍受將近30%以上回檔
大概就知道他的財務狀況是沒壓力的
（續
/
View 2 more"
貼文238_第3串,"巴菲特退休後，波克夏的挑戰才剛開始⋯⋯
2025年巴菲特在波克夏股東大會上
正式宣布年底退休
但我認為波克夏正在進入「後巴菲特時代」的新挑戰
為什麼這麼說呢？
就我長期觀察巴菲特投資理念後，
有一些我個人的解讀
首先，我有一個比較不一樣的看法
巴菲特成功的底層邏輯不在他的眼光￼
甚至不是價值投資本身￼
而在於波克夏系統本身的資產負債結構
（我認為這是扶持他做好價值投資的核心關鍵）
很多人把巴菲特神話化，說他眼光精準、選股如神
老巴確實厲害
但我的看法比較另類￼
他真正厲害的是「他打造了一套商業模式，讓自己能承擔時間與錯誤的代價」
最具代表性的就是：保險浮存金
就算不靠槓桿賺錢
有著長期低成本資金在市場上布局
及保險業務帶來的 float
本質上沒有固定償還壓力的負債
又因為沒有利息成本
使它比市面上所有資金來源都還便宜、還靈活
這就形成天然的對沖
讓老巴有底氣在市場恐慌時逆勢加碼
反而別人還在因為贖回壓力被迫砍倉
你可以看看橋水、黑石等這些基金￼
他們的資本結構是會受週期牽動的
經濟下行時資金成本反而升高
有些還要面對基金贖回的流動性風險
很多時候根本沒得選擇
（續
/"
貼文238_第4串,"這就造成一個很有趣的結構性優勢：
波克夏可以逆週期、逆人性操作
是因為它的資產負債表被設計成一套「時間對它有利」的系統
對於保險產品甚至出現負Beta（逆宏觀經濟）
在某些市場週期裡表現得比風險資產還穩
這也是老巴對沖短期風險的關鍵
￼如果能理解他公司資產負債設計的結構
你就不難理解他價值投資為何有辦法逆勢找風險溢價
￼並且買進便宜且被錯殺的資產
但他所謂的「買便宜資產」需要有更深層次的理解：
￼真正能買到超額報酬的，
並不是在便宜的時候亂撿
而是在風險被高估，報酬被壓縮
市場情緒嚴重偏離理性的時候進場
這也是為什麼巴菲特可以在恐慌的時候大量進場
在別人貪婪的時候逐步減碼
所以也沒什麼內線、不內線
只要風險貼水上升、資本市場線變抖的時候
就是進場撿便宜的時候
所以，一切行為邏輯就串接起來了
跟陰謀論關係真的不大￼
（續
/
View 4 more"
貼文238_第5串,"高風險＝高報酬？
你可能只是承擔了市場根本不打算補貼的風險。
今天花點時間，
紀錄一下最近跟幾位做資產配置的PM聊天後，
一些我自己蠻有感的想法
我們發現一件事蠻常見的：
很多人一開始學資產配置，
會以為「選擇權重、固定比例」的SAA
就叫做好資產配置
但當市場環境或區域市場特性不同的時候，
這一套可能根本無法work
（澄清一下，我不是說打安全牌不好，
而是有可能會因此錯過該地區市場特性的一些潛在報酬機會）
SAA的精神很簡單：
假設市場有效，那你就別動它
股票、債券的比重在一開始就配好了
接下來就只是定期再平衡，維持風險敞口的穩定
但我交流下來發現
有一些新興市場國家的基金
考量他們的客戶投資週期還有市場特性下
很多會選擇T A A
TAA是另一種思維
你不相信市場永遠有效（或你知道某些市場非常沒有效率），那你就要根據市場變化調整部位，主動捕捉Alpha。
這兩套邏輯沒有誰對誰錯，
但問題是你有沒有根據「你投資的市場」來選擇方法，
而不是根據你個人的性格或偏好。
（續
/"
貼文238_第6串,"如果你不明白什麼叫做「根據投資市場來選擇配置方法」，那我舉個例子
像我以前在新加坡工作時，
曾經一段時間緊密跟蹤中國的A股市場
那時候量化私募（尤其是CTA、多因子策略）整個起飛
有趣的是
那些策略很多都不是什麼複雜的Machine Learning或LSTM模型，而是非常「乾淨」的Single Factor/ Multi-Factor策略，像是Momentum、Low Vol、Size、Turnover、Reversal等，回測都能找到很明顯的Alpha。
為什麼？
中國當時的市場特徵很鮮明：
1.嚴重依賴政策與消息面
2.散戶佔比高、行為偏誤嚴重
3.財報品質參差不齊，分析師coverage有限
4.市場資訊傳遞慢、流動性差異大
這樣的結構就是典型的pricing inefficiency
也就是說，只要你懂行為金融、掌握政策脈動
￼到處都是撈錢的機會
你可以說，
這些Alpha不是來自量化技術上的厲害
而是來自金融市場根本還沒成熟
但重點是：
你得知道你在哪種市場打仗，
才知道該怎麼部署兵力
（續
/
View 4 more"
貼文238_第7串,"辜朝明《大衰退》這本書提到一個很核心的觀點：
市場真正的問題，不是利率高低，
而是企業和家庭在某些時候，會從追求利潤最大化，
轉成負債最小化
只要這個行為一轉
市場的邏輯就跟過去完全不一樣了
最近很多人在討論川普打關稅，
擔心通膨、擔心資金退潮、擔心股市修正
但坦白說，如果你還在用傳統利率、CPI這些指標思考，會很容易看錯節奏。
問題真正棘手的地方在於：
資產負債表的修復期可能正在悄悄展開。
企業在這種局勢下，第一件事不是擴張，
是先把槓桿降下來。
一旦企業集體保守，資本支出減少，
消費信心連帶受影響，
這種「自我收縮」的行為循環，
比市場預期要快得多，也隱晦得多。
外表看起來沒什麼，但底層資金流向已經不對了。
這也是為什麼，辜朝明當年講：
在資產負債表衰退時期，降息救不了經濟。
資金在金融體系裡繞圈圈，
沒有人敢拿來投資、擴張、借貸，
貨幣政策彈藥再多，打出去也只會砸在牆上。
現在看全球局勢：
關稅戰推升成本，美聯儲即使調整利率，
但企業、家庭的槓桿心態已經開始緊縮，
這是比指標更值得擔心的訊號。
（續
/"
貼文238_第8串,"所以，要思考的，不是短期市場反彈怎麼做，
而是，當資產負債表收縮變成主要矛盾
整個市場的結構會怎麼改變？
如果你懂這層邏輯
就會明白現在真正該關注的
不是點數的起伏
而是行為模式已經默默在變了
/"
貼文239_第1串,"我一直覺得，
如果要來跟我討論、辯論
最基本的禮貌，至少把我的文章看完
你可以不同意，
但別自己腦補一堆，弄個稻草人論述
然後在下面自得其樂地戰半天
今天你來我這邊留言
基本尊重是，你先看懂我講什麼
而不是直接把自己的觀點硬套進來，
一句話都不對焦，還要我浪費時間回應
我講宏觀
你給我扯微觀
我講結構問題
你在那邊拿單點數據跟我比大小
這種完全增加我溝通成本的人
老實說，我有權選擇封鎖
因為我不是開慈善機構的
沒義務陪你練習辯論或情緒發洩
有些人每次都一樣，
文章不看完，就急著跑來「你懂個屁」模式開大絕
久了真的很膩。
要戰可以，但請至少戰在同一個頻道上。
不然不好意思，
我會直接請你自己離開"
貼文240_第1串,"很多人喜歡把今天的經濟問題
怪到川普的貿易戰、怪到誰誰誰政策上，
但平心而論
就算沒有川普打關稅，市場是否就不會出問題？
市場真正的深層問題
主因是債務週期出問題（槓桿過高、信用膨脹）
政策只是助推的角色
回頭看一百年歷史，
不管是1929年美國大蕭條、1990年日本崩盤、
還是2008年金融海嘯，
每一次大崩潰，背後都是同一套劇本：債務膨脹，槓桿失控。
早就爛掉的結構，只差最後一根稻草
等資金一緊，大家開始發現錢還不起
資產價格直接像刀子一樣往下砍
跟誰在當總統無關
跟人性有關、
還有跟你處在的債務週期有關￼
當市場槓桿加到滿
你就算看不到問題
問題也在背後慢慢發酵
就像日本80年代地價泡沫，
那時候的東京都心地價，
幾乎等於整個美國加州的總值。
結果呢？
一旦央行收緊資金，槓桿無法維持，
房地產、股市雙雙崩盤。
很多人問，股市是不是回檔差不多了？
技術面是不是撐住了？
老實說
技術面這種東西，槓桿沒洗乾淨，都是假的
至於你們關注的底部
是債務去掉之後才出來的
不是技術面跌出來的
（續
/"
貼文240_第2串,"以美國2008年為例：
不是因為雷曼兄弟倒了市場才跌
而是居民部門和企業部門長年累積的債務
早已經無法支撐過度膨脹的資產價格
雷曼倒只是打開那個缺口而已
等到2009年，
美國開始大規模金融機構重整，
居民去槓桿，
整個市場的槓桿率才慢慢消化掉，
底部才真正成形。
現在看台灣也是一樣，
房價天花板打穿，工資跟不上，
年輕人拼死拼活也追不上資產增速。
那怎麼辦？
開更多槓桿？
繼續借更多錢來撐高房價？
最後會怎樣，自己想。
不是景氣走不動，是債務早就走不動了。
這些東西K線不會告訴你
要認真思考自己身處的債務周期在哪裡
不然很可能「賺到短週期的錢，錯過大週期的利潤」
/"
貼文241_第1串,"中國內需轉型，能贏得這場中美博弈嗎？
做資產配置的投資人
我都強烈建議先把意識形態放旁邊
帶太多感情色彩很難看清楚事情的全貌
當熱點都在關注特朗普（川普）
我強烈建議國人多去了解中國
不懂中國，不懂美國
連風險在哪都搞不清楚
那怎麼做資產配置？
怎麼面對恐慌消息不被帶風向？
首先
當前中國最大的經濟困境就是四個字：
有效需求不足
這已經是共識了，毋需廢話
中國不能再靠製造業＋出口拉抬 GDP
這套劇本在中美脫鉤之後已經走不下去
現在中國的官方經濟定調很清楚：
全力搞內需拉抬（ex:舊換新、家電補貼…）
但問題來了
內需怎麼拉？
面對川普出招，中國要怎麼面對？
中國內部有兩種聲音：
一種主張「等川普先出牌」
另一種則是「不等了，先發制人」
兩派背後的策略邏輯完全不同
第一派：「看川普怎麼出招，再決定怎麼應對。」
為什麼會有這個想法？
因為川普的談判風格「不確定、難預測」
所以中國如果太早降準降息
萬一美方沒跟進反而吃虧￼
（續
/"
貼文241_第2串,"再來，中國有時間優勢
這可能跟政治制度有關
民選政府的百姓vs專制獨裁的百姓
一個哇哇叫vs一個能吃草？
看誰能挨痛？（誤）
再來
美方給東南亞國家一個90天的貿易談判緩衝期
要東南亞解決對美逆差
但￼越南、印尼、馬來西亞就算把關稅降到零
也改不了美國對這些國家的逆差
這也意味著
美國無法用轉單效應從中國完全脫鉤
看準這一點
中國認為自己有拖延的本錢（用時間換空間）
坐等美國內部先自爆
第二派則認為：
「中國要先發制人，現在就是黃金窗口期。」
這一派認為，中國應該要現在就出牌
像是加速財政刺激、增發專項國債、擴大貨幣寬鬆
主動提高內需與進口等等
反正你總得改變產業依賴出口的結構
那還不如趁現在美國還沒站穩的時候
趁機拉抬消費搶佔市場
￼吸引盟友貿易合作
與其坐等最糟的情況
不如現在就主動做結構性調整
以免未來「出口撐不起來、內需也起不來」的雙輸局面。
你可能會想說
中國不是地方債問題很嚴重嗎？
還有財政空間去振興內需嗎？
（續
/
View 2 more"
貼文241_第3串,"但有人說我文章太長
不會有流量
老實說，我根本不在乎
我不喜歡迎合觀眾
只是把平時腦子裡的思考，紀錄下來而已
之所以會寫日記
是以前在投行工作養成的習慣
這有助於邏輯思考、還有交易配置
社群平台很多
每一種都有它自己的風格與生態
但帳號是自己的，不是演算法的
我想寫什麼，就寫什麼
你喜歡，就看
你不喜歡，滑過去也沒關係
有緣幫到你，那我很開心
沒緣，也不強求
得益於Thread病毒式傳播
受眾出乎意外的暴增
但也意味著「什麼樣的人都會被吸引來」
喜歡的也有，來亂的也有，來筆戰的也不少
一開始會逐一回覆
但後來我發現「誰吃飽這麼閒？」
有人說我看起來很「專業」￼
但最近反而比較想分享一些「不專業」的東西
不是不講市場、也不是不分享交易
人不能永遠活在資訊密度滿點的世界裡
你累，我也會累
所以接下來我可能會多寫點生活的觀察
也許是市場以外的觀點
也許就是某天隨口想到的東西
我不是來迎合誰的
我是來記錄自己思考過什麼的
如果這些想法剛好跟你對得上，那太好了
對不上，那也無妨
說到底，這就是人生的縮影
不求換來所有人的掌聲
而是換來幾個「點頭的人」
這樣就夠了"
貼文242_第1串,"（如何面對￼流動性風險下的美股…）
最近不少人心裡其實在等的
不是基本面好轉
而是「powell期權」會不會發生？
鮑爾會不會「為了拯救市場流動性」而去Q E？
會不會像當年 Draghi 在歐債危機￼那樣
出來一句話，把市場救起來？
我認為
那不符合聯準會歷來的行動準則
你可能會說：
「沒有啊！過去Q E確實股票大漲啊⋯⋯
難道不是QE讓股票大漲嗎？」
這個前因後果推論錯誤了
過往QE哪次是為了防止股市崩盤而做？￼
Never!
QE處理的是金融體系的流動性危機
信貸傳導斷裂、或通縮風險
並非為了拯救股市
好了，既然談到處理流動性風險
那還要看市場面對的是哪一種流動性風險？
票據流動性？信貸流動性？銀行之間的拆借流動性？
還是企業現金流？
這些風險出現時FED是否有明確理由放水？
這都要個案探討
而不是誰說一句股市跌了，就該放水
比方說探討有沒有出現票據流通崩潰？
債市交易斷鏈？銀行間資金斷流？
這幾類硬傷如果演變成擠兌
金融市場幾乎承擔不起
相比股票市場下跌的拋售潮
在金融鏈條傳導的風險￼反而小得多
（續
/"
貼文242_第2串,"像08年金融危機
是因為 MBS信用斷鏈引發銀行間信任崩潰
2023 年則是美債市場深度蒸發
觸發FED開啟 BTFP穩定資產負債表
這些事件背後的共同點是市場流動性出問題
不是股價不好看
但問題來了
光靠Q E就能解決這些流動性問題嗎？
有沒有可能根本救不回來？
非常有可能！
因為QE能解決的是流動性
不是信用風險或實體經濟問題！
如果市場根本缺的是信心與信用
QE只是止痛，不是治本
只靠QE根本不夠
財政也要一起配合
那有人又會問：
「既然隨時可能出現流動性風險，
提前預防總可以吧？」
這類風險通常是黑天鵝
很難提前偵測得到
提前預防的理念很美好的，但現實不是這樣運作￼
如果為了每一種潛在風險都提前寬鬆
最後買單的是市場信任
也會造成市場對債券風險定價失真
流動性過剩反而引爆其他資產泡沫
全球對 Fed 操作可信度會產生更大的懷疑
FED不會為了可能的假風險去承擔更大的風險
這不明智也沒必要
那再繞回到這波美債流動性的問題
5 月過後會有大批美債到期的高峰
再加上財政部要評估TGA帳戶現金使用效率
及債務上限問題
都會推高中短端殖利率的不確定性
（續
/
View 2 more"
貼文242_第3串,"還記得之前我提過老巴這幾年來
大量投資日本五大商社嗎？
今天趁著時間空檔
來繼續分享這個教科書級別的時間套利
去年中旬
日美股市的結構性背離，
不少人發現了相當有意思的現象
美股一路狂飆，日經東證卻沒有太大的變動
這種不合常理的背離
為何意味套利機會的到來？
說白了，
日本企業跟美國科技巨頭的關係，
就像是富士康之於蘋果。
東京電子、信越化學這些日企，
可是美國AI和半導體產業鏈的關鍵棋子。
按理說，美股起飛，日股應該緊隨其後才對。
但2024年的情況卻是：
納指瘋狂往上沖，
日經225卻在原地打瞌睡。
這種背離到底在暗示什麼？
我看主要是三點：
第一，美股那波漲勢太「窄」了
什麼叫做太窄？
基本上就是英偉達帶著幾個AI概念股在撐場
（槓桿拉滿，資金向金字塔頂集中）
真實情況是，
大部分美企的產出水平已經出現疲軟
而日本市場因為結構更分散
這種一樹獨秀的行情無法copy到日本
第二，槓桿問題。
老實說，去年就和幾個分析師友人提醒
美股的槓桿水平已經到了讓人冒冷汗的地步。
那時候融資融券餘額和期權市場的槓桿率，
幾乎是2021年的翻版。
（續
/"
貼文242_第4串,"而日本市場因為經歷過泡沫崩盤
理論上對槓桿的警惕性要高得多
第三，估值差異已經離譜到不可思議
當時美股席勒本益比大約35倍，
遠高於歷史平均值21倍
這是什麼概念？
大概就是1929年大崩盤
和2000年科技泡沫後的第三高水平
顯示市場估值已處於顯著偏高區間
標普500的預期市盈率飆到20倍以上
而東證指數才14倍出頭。
這種差距在過去20年只出現過兩次
每次之後都是美股大幅調整
（這邊有一個可以￼參考的概念，
大型價值投資者如果根據這一個「指標」進行套現
有可能會造成市場「風險意識升高」
或是慢慢調整配置部位
這些又會反饋到市場的折現率還有估值上
所以有時候這些機構投資人看似巧妙的「洞悉未￼來」
實則不然，說他們「洞悉人性」可能較為貼切）
這就是為什麼老巴這幾年持續加碼日本五大商社的原因。
三菱商事、三井物產這些公司，
現金流穩，股息收益率4-5%，
比美國十年期國債還高。
更重要的是，
它們的全球業務布局讓它們能分享美國經濟增長，
卻不用承擔美股那瘋狂的估值風險
所以如果說美股是資產配置的alpha，
那日本股市就是beta
（續
/
View 1 more"
貼文242_第5串,"最近有不少人問我，我的交易方法有沒有辦法驗證有效性
這個問題很有意思
讓我反問：
你要的是「過程可驗證」還是「結果可驗證」？
這兩者看似相近，實則天差地別
如果一個交易策略具有「廣泛有效性」
意味著很多人用這方法獲得超額報酬且經過驗證
但這裡存在根本性悖論
前幾年海外金融研討會上
有幸向Howard Marks請教這個問題。
他提出了一個有趣見解：「市場是自我調節的生態系統。當滿地都是Alpha時，套利行為會迅速消耗這些Alpha，最終只留下Beta給你。相反，當所有人都追逐Beta時，價格發現機制失效，市場充滿錯誤定價，Alpha就會大量湧現。」￼
他用這個標準來判斷基金經理有沒有為客戶努力工作
這也解釋了為什麼某些基金在特定年份表現出色
隨後業績暴跌，
如果基金沒解散，那幾年後又會重回巔峰
這不是策略失效，而是市場生態的自然演化
所以，
問「策略是否有效」這個問題本身就缺乏思考彈性。
市場是動態調整的有機體，不是靜態系統
Soros反身性思考難道無效嗎？
這種哲學性框架很難用簡單的數據回測來驗證
但它確實解釋了市場行為
（續
/"
貼文242_第6串,"如果你執著於結果驗證，必然陷入邏輯悖論
相反，檢視金融推論「過程的有效性」
那就有東西可以討論了！
比方說
太多投資者看到CPI數據上升就機械式做多美元
這種直線思考常常失效
現在不少人會拿數據或是財經新聞餵給GPT
問「漲還是跌」，卻忽略了框架思考的重要性
看看最近川普關稅政策引發的市場動盪
ChatGPT再強大
沒有正確框架也無法預測政策影響鏈和市場反應
很多人因此爆倉出局或是受不了虧損壓力而出場
這就是過程不具備有效性的一種特徵
那你可能會說，
量化套利是驗證策略有效性的一種方式
不過別忘了
量體過大也會面臨流動性上的風險
像2024年第一季度，
中國量化基金遭遇大規模爆倉就是典型案例
超過40%的中國量化對沖基金在
去年前三個月虧損超過15%
原因何在？
當大量資金湧入相似的高頻統計套利策略
市場微結構發生變化
原本5-10個標準差的異常價差被壓縮至1-2個標準差，但交易成本不變
更糟的是，當市場波動加劇，所有人同時平倉
導致流動性螺旋式下降，滑點指數級上升
這就是所謂的crowded trade exit problem
（續
/
View 1 more"
貼文242_第7串,"什麼叫做領先指標？
￼
昨天翻看3月底的記錄，發現了一個有趣的現象
CME和LME的銅價差突然擴大到每噸1500美元
這不太對勁
正常情況下
兩個市場的價差應該維持在合理範圍內
考慮到運輸成本和持有成本
但這個價差實在太大了
引起了我的好奇
深入挖掘後
發現這一切始於2月下旬
川普下令商務部調查是否對進口銅徵收關稅
市場立即有了反應
但大多數人還在猜測可能的影響
花旗和高盛已經預計關稅幾乎確定
而銅價差結構中可以看到更深層次的變化
有一個數據大家可以留意
約50萬噸銅正在運往美國港口
遠超美國每月7萬噸的正常需求量
如果這不是經濟突然強勁的信號
那就是純粹的套利行為
交易商看到價差就行動了，非常直接
結果呢？
CME倉庫庫存一個月內下降30%
而LME認可倉庫自4月初以來下降超過15%
這種庫存變化速度非常迅速
尤其升貼水結構的異常隱含很多訊息
按照交易常識，
遠月合約價格應該高於近月
但現在CME近月合約卻出現大幅溢價
而且中國上交所四月對九月銅合約甚至高出0.75%
這種倒掛現象在正常市場很少出現
（續
/"
貼文242_第8串,"當其他人還在等待下一期PMI和ISM數據出爐時
銅市場已經提前反映了經濟和政策變化
這就像在高速公路上
大多數人都在看後視鏡開車
而少數人已經在看前方路況做出反應
查看CFTC數據
發現投機性多單大量累積，空單減少
市場已經開始提前定價
而那些依賴官方數據的投資人還在原地踏步
於是我就思考
CME-LME溢價持續擴大意味著什麼？
由於市場對美國關稅政策預期基本上很難再惡化
更深層次的思考是：
這種現象暗示銅正在從單純的商品轉變為戰略資源
而這又會推動全球銅價突破每公噸12,000-13,000美元的關卡
這也是全球地緣政治與貿易政策重塑的開始
我還注意到一個被大多數分析師忽略的細節：
就是「區域性庫存」的差異
比方說上海地區銅庫存環比增加
反映進口增加和消費軟爛
而廣東地區庫存卻在下降，
顯示區域需求不均衡。
這種差異在主流宏觀數據中是完全看不到的
這對於看多或是看空一個國家資產配置
有很重要的領先意義
（續
/
View 1 more"
貼文242_第9串,"之前看到有人把 Cathie Wood （木頭姐）叫成女版巴菲特
我身為老巴價投精神的擁護者
必須糾正這個錯誤的說法
老巴和木頭應該算是光譜兩端
連 beta 暴露也都完全不同
不過我認為這個兩個極端是很好的範例
讓大家在取捨自己配置風格上有很好的參照
我大概簡單解釋一下兩個人的配置核心理念：
大家對老巴比較耳熟能詳
都知道他奉行的是尋找護城河的價投理念
他的投資組合 duration 較短
對利率敏感度相對較低
反觀木頭的 ARK
比較專注於破壞性創新的板塊
（像是基因編輯、自動駕駛、區塊鏈、…）
投資光譜上比較偏向在VC到IPO這個階段構建一個Barbell結構（大量高風險高回報的押注）
透過賽馬押注
期待少數能夠產生10-100倍的回報
很像持有一籃子深度OTM call option
所以木頭的投資組合 duration 很長
本質上是在押注遠期現金流
這也是為何她在低利率環境下表現比較好
但遇到Fed 開始升息，績效就會烙賽
（續
/"
貼文242_第10串,"從財務槓桿角度看
老巴使用保險浮存金作為營運槓桿
所以資金成本很低
這也是為什麼他們能有效降低利率敏感度
木頭則主要依賴投資槓桿
所以基金波動度遠高於大盤
VaR 和 maximum drawdown也會高於老巴
至於
這兩人安全邊際的態度也不一樣
像是老巴堅持以合理折扣購買企業
而木頭願意為成長支付高溢價
看看 ARK 持股的平均 P/E ratio 和 EV/EBITDA就知道
許多甚至沒有正向盈利，甚至打水漂￼
這種投資在 DCF 模型中極度依賴terminal value
對折現率變化很敏感
Wood 的策略與其說是價值投資
不如說是一種 convexity bet
我個人認為
木頭比較像是 Peter Lynch 與孫正義的混合體
而非老巴槓槓收購模式比較另類
一般人學不來
至於你，是哪一種？
/"
貼文243_第1串,"原本規劃的全球徒步旅行計劃
因為一些產權問題需要處理，
讓我不得不暫時回到台灣一個月
回台後除了與老朋友敘舊，
我發現自己被推上了「家族金融顧問」的位置。
川普的關稅政策讓許多台灣投資人不知所措，
而作為家族中唯一曾經從事金融行業的人，
我的電話以及訊息瞬間被塞滿￼
￼
這幾天接了十幾通電話，
有些親戚甚至是二十多年沒聯絡過的，
有些我甚至完全沒有印象是哪號人物，
卻突然熱絡的￼詢問投資建議
因為我沒拿CFP，
基於從業倫理
對於個人理財配置的計劃，
我是不會雞婆給予太多建議的
￼
最令我困擾的永遠是那句：
「你覺得我應該買什麼股票好？」
這算是我以前學生時代到現在
逢年過節都會被「考詢」的一道題目￼
推薦64股債配，又覺得我在敷衍
總之這種人情上的考題，比考FRM計算題￼還難
如果他們按我的建議投資後虧損了，
會不會算在我頭上？這種無形壓力讓人難以應對。
好在我轉移話題的功力還算可以🤔
不然逢年過節逢股災，這類問題只會有增無減。
徒步旅行暫停了，
卻意外成了家族的「股市專家」
這大概是我台灣行最始料未及的體驗
也許下次出發前，
該先準備一份「免責聲明」給親友們簽署？"
貼文244_第1串,"為何我放棄擇時選股，改成動態配置？
最近重溫了David F. Swensen的《Pioneering Portfolio Management》
這本我認為算是做資產配置必讀經典之一
這讓我重新想到之前做調研的那幾年
體認到「訊息差是靠腿跑出來的」
而選股如同識人
難度遠超我們的想像
說真的，
如果你發現「90%的報酬來自資產配置
而非選股擇時」
你還會想花這麼多時間去挑股票嗎？
除了面對企業的逆向選擇風險之外
還要跟專業投資人￼做訊息競爭
如果是我
考量時間效益還有成本
我不會去玩這個吃力不討好的遊戲
回到《Pioneering Portfolio Management》這本書
作者Swensen以他在耶魯校務基金的表現出名
35年13.7%年化報酬、累積8845%總報酬
但這還不是他厲害的地方
厲害的是他不是靠神準選股
而是靠多元動態資產配置系統
我仔細體會他的一句話：
「資產配置對投資者產生的正回報，
有100%以上的貢獻」
試想，我們花那麼多時間研究個股，
卻忽略了更根本的配置決策，
這不是本末倒置嗎？
（續
/"
貼文244_第2串,"他不只是單純股債配
而是將資金分散到多種資產類別
像是全球股票、VC創投、不動產、自然資源、固收
或是槓桿收購
然後，分散只是基礎，而不是關鍵
Swensen厲害的地方是他「市場恐慌時買入、
過熱時賣出」的再平衡操作￼
這也是我看到幾個長年創造alpha的PM共同特質
這裡跟大家認知不一樣，
不少人認為：
「專業基金經理人有辦法透過模型
估算出asset的合理價
￼等待price貼合value才進場」
是可以這樣子做，但不是alpha特質
當市場都採取相似的量化模型或估值方法
這會造成同質化效應過高
最後造成交易擁擠+風險會過於集中
alpha￼就會迅速衰減
反而那些透過反身性思考的逆向操作，
在市場非常不擁擠的時候卡位
常常創造出很可怕的績效
像是2020年3月疫情爆發時
有一些PM按照這個邏輯大舉加碼股票
結果帶來了驚人的Alpha
至於
一般投資人配置做不好的最大問題是什麼？
一般人認為是「情緒問題」
比方說「逆向投資需要勇氣，而我沒有勇氣」
（續
/
View 2 more"
貼文244_第3串,"有人把我那篇特里芬兩難的文章丟給ChatGPT分析
GPT很用心的幫我的文章「糾錯」
老實說，我真的不知道該如何是好😂
首先，謝謝這位朋友的用心，
但說真的，
我知道我的文章丟給GPT
可能會被判定「邏輯錯誤」或「因果推論不明確」
這我認了！
你們可以實驗一下
把高盛宏觀分析師觀點，丟給GPT分析
GPT一樣有辦法找到一堆邏輯漏洞
Why?
我做配置很大一部分就是建立在反身性哲學上
我信的是卡爾波普那套哲學系統。
如果你只想從裡面得到「yes 或 no」，
那麼GPT就會從裡面幫你挖出一籮筐你想要的答案
（應該說， GPT有時候知道「你想要的答案是什麼？」，不然你不會這麼問）￼
GPT對不熟金融的朋友來說確實是好工具，
但拜託，別用它來判斷「真偽」。
這就像我跟我女兒說「爸爸愛你」，
結果女兒把這句話丟給GPT問
「這句話邏輯上有錯嗎？」，
然後GPT就會根據「女兒想知道的答案」認真回答：「你怎麼知道你爸爸真的愛你？他說這句話有可能只是哄你、叫妳要乖乖聽媽媽的話…」
搞笑了吧？問題本身就錯了，答案能對嗎？
（續
/"
貼文244_第4串,"分析框架沒有對錯，只有合不合邏輯。
千種框架有千種答案。
如果你只想要「對或錯」的結論，那GPT幫不了你，
它就是面鏡子，只會反射你的問題而已。
市場數據也一樣。
非農、CPI或GDP出來，
你丟給GPT就想知道「做多還是做空」，
這不是亂用工具嗎？
沒有認知框架的人問出淺層問題，當然得到淺層的答案。
「CPI上升，所以做多美元」，
就這麼簡單？沒有邏輯框架支撐，你就等著GG吧！
想證明我錯？
很簡單，你相信GPT給的答案絕對正確，那就照它說的做多美股！
用你的P&L去驗證，別只會拿我文章餵AI
所以專業基金經理不會失業，厲害分析師不會被取代
AI根本沒改變散戶思維，
看看他們怎麼用AI就知道了。
投資市場需要的是思維框架，不是簡單答案。
這點，AI教不了你。
/"
貼文245_第1串,"市場劇烈波動下的思考框架：不確定性中尋找確定性
五點多起床就收到大量訊息
我理解此刻各位的焦慮與不安
連念小學的女兒都打電話來關心
「爹地，你還好嗎」
焦慮歸焦慮，
但￼各位現在能做的
就是先暫時遠離社交媒體上那些悲觀負面的內容
找到宏觀思路，為自己雪中送炭
至於「底在哪裡？」
這是現在大家最想知道的答案
然而，這個問題本身卻是有害的
￼
為什麼？
因為，就連專業投資人都不知道真正的答案
川普不容易捉摸，
其他國家的關稅應對也還是未知數
這個時候會主動告訴你「底在哪裡」的人，
是否有經過深思熟慮？￼值得你深思
別忘了
迎接我們的是，百年來最嚴峻的關稅衝擊。
過去30年全球化讓我們享受到低成本生產和便宜商品，現在這個趨勢正在逆轉。
就像是一直順風行駛的船突然迎來逆風，
過去的航行經驗可能不再適用。
在這種前所未有的環境下，
有誰能告訴你哪裡是底？哪裡是支撐？
舉個簡單例子：
如果你過去看到台積電跌到450元
就覺得「該買了，這是支撐位」，
但在全新的關稅環境下，
這個「支撐位」可能完全失去意義，
因為整個商業模式和成本結構都在改變
（續
/"
貼文245_第2串,"當前市場唯一確定的就是「不確定性」
而不確定性是可以被量化和變現的
就像買房子保險一樣，
當你不確定房子會不會發生意外，你買保險。
市場也是這樣：不確定性上升 → 「保險費」(選擇權溢價)上升 → 提供對沖機會
過去幾天，隨著川普關稅政策消息傳出
以前的公司客戶花1萬元買入SPY看跌期權作為投資組合保險，三天後價值變為2萬元
一些提前布局VIX相關ETF(如UVXY)的投資者
在短期內獲得30-40%回報
持有科技股的投資人通過QQQ保護性策略，
即使股票下跌也能控制總體損失
這些都在告訴我們，
平常做好保護措施是非常重要的
而不是等到風險來的時候才倉促避險
蠻多人關注，
美聯儲的降息是否推動股市反彈？可否擇機抄底？
降息確實會讓錢變便宜，理論上對股市有利。
但就像給病人吃藥，藥效發揮需要時間，
如果病因複雜，單一藥物可能效果有限。
舉例來說：2000年網路泡沫破滅後，
美聯儲連續降息，但納斯達克仍持續下跌近兩年
為什麼？
因為估值過高的修正需要時間，
降息無法立即改變基本面問題。
標普500和納斯達克的投資時機判斷
需要看多個指標：
（續
/
View 2 more"
貼文245_第3串,"明燈
vincentyucw
04/07/25
在這種市場我會怎麼操作？
今天FB上一片愁雲慘霧，希望大家都能安穩的度過這次的考驗——留在市場的時間越久，發現這類極端事件其實也沒那麼不常見，大概5-8年就會碰到一次，每次都是新的洗牌機會。所以在這裡想逆風一下，談一下在這種市場下，「假設還有購買力的話」（希望大家都還有），我自己會怎麼操作（非投資建議，單純分享想法）
先總結一下這套簡易版的操作邏輯（適合新手）：
1. 先決定可承受的最大虧損金額（心理+財務雙重考量）
2. 用這個預算去規劃「一連串買點 + 停損點」
3. 然後讓市場自己決定你買不買得到，而不是你去猜高猜低
/"
貼文246_第1串,"如果你搞懂宏觀經濟的底牌，
很多交易配置的邏輯就有辦法串接起來
有時候覺得蠻可惜的
大多數投資人對宏觀經濟避而遠之，
很大原因是沒有一個邏輯推論的框架，
不知如何把宏觀經濟的思考
「連結到」實際資產交易配置
大腦沒有安裝這一套作業系統，
就不會知道怎麼去做符合框架的思考，￼
更遑論做出合理的投資配置決策
所以他會認為
宏觀經濟是￼「虛的」「無稽之談」「小說故事」
對實體投資沒有用，不如乾脆看價格就好￼
但如果你秉持這個想法，
你會錯過很多高勝算的機會
甚至遇到金融風險你反應會慢人一拍
有些「隨大勢」的投資提倡者：
""價格往哪邊噴就順著做就好了，幹嘛跟市場唱反調？""
其實這種想法
讓很多人失去了看清市場本質的機會
為什麼大家不願深入基本面？
因為他們相信""價格已經反映了一切""
只要盯著價格走勢就夠了
但歷史一再證明這是有瑕疵的
儘管你可能會矇對幾次
（續
/"
貼文246_第2串,"比方說
2021年，美債有反映出即將到來的通脹風險？
為什麼有些人可以提早在美聯儲升息之前
就做好避險準備？
2007年，MBS價格有反映出次貸危機的警訊？
為什麼有些人可以提前套現，
並透過放空原油期避險而大賺一筆？
這些都要從價格看不到的底層因素去找機會
期貨配置有更多類似的例子：
商品期貨不只有投機者
還有大量實體企業為避險而參與
像是石油生產商鎖定售價、航空公司鎖定燃油成本
這些避險需求不會直接反映在價格上
而是體現在實物資產的配置上
那如何從「理解市場運作的底牌」
落實到你的投資決策？
中間的思路是怎麼去運轉的？
就直接以關稅政策這一個例子來做示範：
If你現在已經了解「川普政策的核心是解決美元信用問題」
Then接下來的投資邏輯串連就會如下：
關稅政策引發的市場波動（本質是信用問題的延伸）
↓
投資者擔憂美國債務可持續性，
外資開始通過資本賬流出美國
↓
在這種環境下，股債同步下跌，
（傳統60/40配置失效）
（續
/
View 2 more"
貼文246_第3串,"關稅造成美國衰退論充斥
看空美股的言論一堆
就連Atlanta Fed都預測今年GDP衰退的幅度
￼
那為什麼我看法不一樣？
因為我看到你看不到的東西
觀察就好，別問太多🤫"
貼文247_第1串,"均富的概念其實是一個悖論
從國際金融角度看，這是個結構性矛盾，
而非單純政策或政黨的問題。
也就是誰上任執政都一樣，
一個國家既然要高速發展
就改變不了國家貧富差距的問題
國家要富有，仰賴外資幾乎是必要條件。
Mundell模型清楚表明，
資本流入會對本國貨幣產生升值壓力。
而資本追求的是風險調整後最高報酬，
自然流向高成長高獲利產業，
沒辦法，誰叫資本是逐利的，
沒人改變得了這個邏輯
而，這就是問題所在
外資推高本幣匯率，
同時追逐高報酬率產業（如科技、AI等），
導致資源配置扭曲。
高報酬產業獲得過度資本，
低報酬產業（特別是傳統製造業）則面臨資金枯竭。
這就是貧富差距的問題之一
國家在發展，
富的永遠是抱台積電股票的人
或是科技公司管理層
百姓一樣買不起房子，一樣無感
國際金融的邏輯
匯率升值對出口競爭力構成壓力，
製造業首當其衝。
你出口出不去，再加上又沒有外資挹注
這些產業要怎麼高速發展？
難怪最後導致產業二元化
高科技產業蓬勃發展，
傳統產業萎縮衰退。
結果是什麼？
（續
/"
貼文247_第2串,"社會收入分配惡化。
金融深化理論預測，
資本市場發展初期會擴大不平等，
這在實證研究中已得到廣泛證實。
以上邏輯可以化簡成為下面的因果關係：
外資流入→升值壓力→央行干預→外匯存底膨脹→超額流動性→科技股泡沫→M型社會加劇。
如果你沒有概念，
看一下日本80年代末期的情況
當時日本資金很樂意為美債托底
算是推升美元的很重要因子
導致美內部產業矛盾加劇
再加上美國車因為處在匯率的劣勢
很難跟日德車系競爭
因為這樣子，才會有後來的廣場協議
美國逼日央升息，
這也是日本之後出現泡沫的其中一條原因
至於有些人會說
我不靠外資挹注，
國家自立自強靠內循環總行吧？
要靠內循環實現強勁發展非常困難
（注意，我是說很困難，不是完全不可能）
你要有「均」，就很難「富」，
有「富」則必然不「均」。
這是國際金融體系下的結構性困境，
而非單一國家能輕易解決的問題，
誰上任執政都一樣
（續
/
View 1 more"
貼文247_第3串,"近期在IG有人問我
散戶沒有資訊優勢，也沒有資金優勢，
為什麼我的投資績效為何能夠遠超市場平均？
這正是我想澄清的觀點
散戶要想在市場中獲得優異表現
關鍵不在於與機構在同一戰場競爭
而是要找到適合自己的戰場
自從我結束量化團隊之後管理自己的資產
沒有任何所謂的內線
也沒有再使用任何高超的量化模型
我只是用我所學的動態配置+避險策略而已
並沒有太花俏的東西在裡面
Why?
因為我很清楚知道散戶的優勢在哪裡
我不去玩我沒把握的遊戲
散戶最大的誤區就是認為
必須透過內線交易才能獲得超額報酬
這種想法站不住腳
（讓我先從一個反面的角度切入「內線」這話題，文末再繞回來討論所謂的散戶真正的優勢）
內線不等於資訊優勢
大家可能難以想像
有些家族企業接班人對公司內部的訊息居然比不上一個外人，甚至外部調研報告能取得連內部人都不知道的數據
這是什麼概念？
家族企業傳到第三代時，有些接班的管理層對公司的核心資產具體數字非常模糊
更別說換算成實體產能。
（不是自己打出來的江山，所以感覺無所謂？）
但這也是專業機構找到定價錯誤的機會
有些鷹眼分析師就是專門幹這一票
我以前就是其中一位
（續
/"
貼文247_第4串,"舉個例子，某加州林業公司的第三代接班人，對持有林地的樹種認知誤差高達37%，
對可伐量的預估更是偏差了52%。
這種「代際資訊衰減」現象，
導致公司內部人對自身資產價值的判斷出現重大問題。
為什麼會這樣？
撇除資產形態從實物地契變成數位產權，
很多接班人不會用新技術的因素外，
我認為會計準則對生物資產的估值模型更新太慢也是影響成因。
再來，有些第三代接班人根本沒學過遙感技術，而第一代專業人員大多有受過培訓。
那至於外部機構怎麼發現被低估的價值？
我舉個例子，摩根士丹利有套叫TimberScope的系統，結合衛星數據和LiDAR技術，測量林木誤差小於3公分。
他們分析某北美林業公司的林區時，
發現雲杉儲量被低估了41%。
用NASA的衛星激光雷達，
他們把碳儲量估值從每公頃82美元提高到517美元。
分析師大量推薦給經理人之後，
這個明日之星就浮上了金融檯面，讓該公司的EV/EBITDA從14.2倍上升到21.8倍，股價18個月內漲了173%。
（續
/
View 3 more"
貼文247_第5串,"我理解非金融專業者
會想要用技術分析支撐壓力來做交易。
畫幾條線，標記幾個點位，看起來簡單直觀。
但我們需要思考一個基本問題：
這些線條真的具有金融意義嗎？
當你在圖表上標記支撐位時，
你是基於什麼判斷這裡是支撐？
僅僅因為價格曾在此處反彈過兩三次？
整數關卡？
還是一堆奇奇怪怪的缺口？
這種判斷有深層金融邏輯在撐腰？
還是看到歷史價格情況自圓其說？
￼市場的邏輯，有以下兩個帝王條款，我是不會去違背的：
1.供需
2.全球資金流向和風險管理決策
圖形pattern我是不會去考量的
尤其部分散戶喜歡畫圖拉盈虧比
（或是賺賠比Risk-Reward Ratio)
技術分析者常說：
「這裡進場，止損設在下方支撐，目標價是上方壓力，賺賠比1:5。」
那問題來了：你憑什麼認為那個「支撐位」就是價格合理的止損點？
賺賠比1:5是符合邏輯的賺賠比？
還是自嗨賺賠比？
（續
/"
貼文247_第6串,"市場不會因為你畫了一條線就尊重它。
事實上，
大型機構也沒這麼無聊會「利用這些明顯的技術位置去刻意獵殺散戶止損」，這些說法都經不起考驗
調研都嫌不夠了，哪來美國時間去針對散戶？
如果硬要說賺賠比
我自己傾向建立在波動率結構、市場流動性和宏觀資金流向的基礎上。
舉個例子：2022年底至2023年初美股從低點反彈時：
1. VIX指數從高位回落至20以下，顯示恐慌情緒消退
2. 美債收益率曲線趨於平緩，市場對通膨預期降溫
3. 機構資金配置從防禦性板塊轉向成長性資產
4. 選擇權市場的put/call比率回歸均值，顯示市場情緒修復
在這種環境下，你可以合理預期：
下行風險受限（因為負面因素已被充分定價）
上行空間可觀（因為估值壓縮後的反彈潛力）
經過多框架分享下
發現具有金融意義的賺賠比
我們才會出手交易
我不需要看任何技術分析然後拉盈虧比
我認為這沒意義
波動率結構告訴我們市場定價的不確定性，
流動性告訴我們市場深度，
資金流向則揭示了大型參與者的意圖。
當波動率處於低位，流動性充裕，且宏觀資金面向好時，這種基於市場結構的賺賠比我絕對不會放過
（續
/
View 1 more"
貼文247_第7串,"2012年初，我在一個相對小眾的金融論壇上，認識了中國頗具水準的資產管理公司交易員葉某。
當時我剛到新加坡一家資產管理公司擔任賣方分析師，主要負責亞太區商品期貨的研究報告。
那段時間，中國商品期貨市場正經歷一波劇烈波動，我在論壇上聽到了葉某主講一些關於中國棉花期貨的看法，覺得挺有意思的
我會議結束後私下請教他
「你的分析角度不錯，但缺少對產業鏈上下游的實地調研支撐。」他這樣回覆
葉某在中國國內業內赫赫有名的資產管理團隊，
也是2010-2011年那場棉花行情的最大贏家之一。
後來通過私信，我們聊了很多。
葉某並不像我想像那樣高冷，反而非常願意分享。
「2010年那場棉花行情，我們提前半年就開始布局了。」
葉某團隊分成三路：
一路人去了新疆實地走訪棉農和加工廠，
一路去美國德州考察棉花種植情況，
還有一路負責梳理全球紡織品訂單和庫存數據
讓我印象深刻的是，
葉某描述他們如何發現了市場的錯配
（續
/"
貼文247_第8串,"當時主流觀點認為2010年是棉花豐收年，但他們在新疆發現當地棉農種植面積下降了近10%，而且有輕微蟲災。
同時，他們的紡織業調研顯示，訂單量同比增長20%左右。
供需缺口正在形成，但市場定價完全沒反映這一點。
我好奇：「那你們是怎麼把這些基本面研究轉化為具體交易策略的？」
怕踩到NDA，葉某回答得很謹慎：
「首先是建立多層次的風險控制體系。
我們不會像散戶那樣單邊押注。
比如棉花行情，我們同時使用了期貨、期權和現貨基差交易，還有跨市場對沖。
當鄭棉主力合約突破25000元/噸時，
我們就開始逐步調整倉位結構，將一部分風險轉移到期權上，利用波動率差價獲利。」
這讓我大開眼界。
在新加坡，我們也做商品分析，但很少有人能像葉某團隊那樣深入產業鏈各環節，他的腳算是跑很勤。
有些人的研究更多依賴彭博和路透的數據，
很少有機會做實地調研
這就是差距所在。
數據只是表象，背後的產業邏輯才是本質。
舉個例子，2010年9月，他們就注意到鄭州商品交易所的棉花註冊倉單數量異常減少，比往年同期少了37%。
這個數據在彭博上是看不到的，需要親自去交易所了解
（續
/
View 4 more"
貼文247_第9串,"愛國商人變成賣國商人？
李嘉誠賣巴拿馬港口，惹怒中國政府。
北京直接跳腳，說要依法審查交易，
港媒也狂批他損害國家利益
但仔細想想，李近年已經大量減少香港和中國的投資
人家早就分散風險，全球佈局，
賺的是全世界的錢。
說他賣國？
他也只是做生意，賺該賺的
更有趣的是，中國政府為什麼這麼緊張？
巴拿馬運河是地緣政治的籌碼。
北京怕美國借此削弱中國在拉美的影響力，
圖窮匕見，政治意圖太明顯了啦！
李嘉誠的判斷很清楚：
當今氛圍先做好分散風險，反正他資產早就分散到全球，也無意被政治紛擾
但老共下手越狠，外資越跑，會不會發生？
封殺李嘉誠的新聞滿天飛
連李嘉誠這麼有智慧的商人都在撤資，
其他企業呢？我們拭目以待。
最後，愛國商人？賣國商人？其實只是「商人」
做生意，誰管政治臉色？
識時務者為俊傑
全球大勢往哪走，資金就該往哪走"
貼文248_第1串,"金融能不能當成是一個終身志業？
這個問題，我想了很久。
每當看到LinkedIn上那些
「25年市場老將」
「30年交易經驗」的頭銜
我總會思考他們的心路歷程
量化這條路
像是在和時間賽跑
我發現自己的策略
Alpha衰減速度越來越快
昨天還有效的模型
今天就被市場消化殆盡
金融科技日新月異
2020年前的技術已成歷史
新的演算法更快的硬體
不斷重塑遊戲規則
這讓我想起一篇文章提到的現象：
那些曾經叱吒風雲的交易大師
為何選擇急流勇退？
像是Michael Burry在次貸危機後
賺進數億美元就關閉Scion Capital
John Paulson抓住次貸泡沫
一年賺進150億美元
最終將對沖基金轉為家族辦公室
Stanley Druckenmiller
在2000年預測科技泡沫崩盤
2010年卻關閉了Duquesne Capital
他也承認「我無法再達到自己的高標準」
（續
/"
貼文248_第2串,"Julian Robertson
在科技股瘋漲時堅持價值投資
最終關閉Tiger Fund
轉向培養「虎崽」和個人投資
Andrew Lahde的故事更是經典
他的基金在2008年狂賺866%
然後寫了封告別信，直接退休
「我厭倦了和聰明人一起玩愚蠢的遊戲」
這些決定背後的邏輯是什麼？
有些獲利模式不是系統性的
它們依賴特定的市場環境
一旦環境變化，優勢就消失
就像挖掘市場bug獲利
一旦基金規模擴大
或其他人發現同樣的漏洞
Alpha就會迅速衰減
但我注意到一個有趣現象：
這些人離開金融市場後
並非就此沉寂
他們將自己的才能轉向新領域：
有的投身慈善
有的進入政界
有的成為導師
這讓我思考：
也許金融不必然是終身志業
而是一段能力積累的旅程？
能在市場上創造alpha的人
往往能在其他領域找到新的alpha
人生是動態調適的過程
金融市場教會我們的
或許正是這種適應變化的能力
這個思考還在進行中...
你怎麼看？
/"
貼文249_第1串,"我身邊有幾個念法律的朋友，投資績效特別驚人，
於是我就很好奇，想要了解背後到底是什麼原因
不是說賺一點小錢，是那種持續打敗大盤的成績。
這讓我開始思考：到底是什麼原因？
是因為收入高嗎？
一開始我以為可能是因為法律人收入普遍較高，
所以能夠承受較大風險。
畢竟當你不用擔心生計，投資時就能更冷靜，
不會因為短期波動就慌張賣出。
但仔細觀察後發現，這可能是其中一個因素，
卻絕對不是核心原因。
如果要說收入高的話，高收入族群多的是，
醫生、工程師、企業高管等等，
他們未必都能在投資上有出色表現。
所以雖然收入可能是一個因素，但絕對不是決定性的關鍵。
因為我認識的這些法律朋友，有些剛出社會沒多久，
薪資並不特別高。
這又讓我想到另外一個矛盾點
文組真的不擅長投資嗎？
坊間常有迷思認為文組學生不容易上手金融投資。
但自從我看到某本討論神經認知科學的專書之後，
我才知道一件事
法律系學生在學的訓練
其實強化了大腦的左右腦能力
（留言續
/"
貼文249_第2串,"就我打聽到法學院的學生
經常需要討論同一個法律問題的不同解釋：
德國法學派的觀點、日本法學派的看法、美國法學派的立場，還有各種學說與實務見解。
有些見解彼此會有衝突矛盾，
他們不只要了解這些不同觀點，
還要能夠靈活運用，甚至在辯論中相互攻防。
說真的，
一般人要同時接受兩種相互衝突的觀點是很困難的。
我們的大腦天生就傾向尋求一致性，排斥矛盾。
但法律學生每天的功課就是在不同立場間切換，
今天為原告辯護，明天為被告發聲。
今天學習德派觀點，明天用日派的見解推翻
我都很擔心他們某一天會精神錯亂
那，你可能會問
為什麼容下多元意見，這在投資中如此重要？
投資不就是買進放著這麼簡單而已嗎？
想想看，投資市場上最常見的陷阱是什麼？
就是確認偏誤！！
我們只看到支持自己觀點的證據，忽略相反的信號。
比方說在台灣就很明顯，
支持藍營的不會看三民自
綠營的看不下去中天
然後好笑的是，
彼此還會拿一個「怎麼看都正確，只是在不同立場去討論」的觀點進行攻擊，
而且還會用稻草人論證戰得自得其樂
所以大家都在尋求自己的「同溫層」還有「精神慰藉」
而不是邏輯思維的探討
（留言續
/
View 2 more"
貼文249_第3串,"我從業以前，就一直質疑傳統配置模型的時變有效性
我入行前就觀察到一個奇怪現象：
每當市場出現重大波動，那些過去表現不錯的投資組合總是表現得與理論預期大相徑庭。
特別是在危機時刻，那些理論上應該不相關的資產突然間都高度相關起來，讓精心計算的風險分散效果蒸發無蹤。
現在回頭看，這個問題根本幼幼班等級
但在唸書期間，對於風險連動性沒有太大的認知
直到入行後才發現，傳統資產配置模型有些致命的問題。
財金系或是經濟學學生大概都接觸過某些穩定性假設
像是MPT、CAPM、Black-Scholes模型...
這些主流理論都建立在一個關鍵假設上：
市場參數是穩定的
但實際交易經驗告訴我，這些根本放屁
市場參數不但持續變化，
還專挑最關鍵的時刻變得最劇烈
你可能會問，難道諾貝爾獎理論都錯了？
為什麼專業投資人還在用這些模型？
是你不會用，還是理論錯誤？
（留言續
/"
貼文249_第4串,"都對！
在平靜市場環境下，這些理論模型確實運作良好。
就像沒有雨刷的車，晴天開沒問題，一下雨就GG了。
那些基金經理在2008年或2020年3月時都在幹嘛？看著那些「完美平衡」的投資組合一起往下掉，
然後跟客戶說「這是百年一遇的黑天鵝」？
說實話，這些「黑天鵝」出現得也太頻繁了吧？…
這又讓我去反思，時變性的本質是什麼？
講白了，市場至少有三種完全不同的狀態：
1.低波動增長期：股債負相關，人人都是投資天才
2.高波動震盪期：相關性亂飛，分析師開始胡言亂語
3.危機崩盪期：所有風險資產抱在一起跳樓，只有美元和國債在微笑
你可能會說，就算相關性會變，
再平衡不就能解決問題？
沒這麼簡單…
當所有資產同時下跌，再平衡就像在「正在下沉的鐵達尼號上，換到別的甲板躲起來」
船還是在沉，好嗎？
你是要在A甲板淹死還是B甲板淹死？選擇題而已。
至於應該該怎麼做？
可以參考一些頂級巨頭的配置邏輯
像是Ray Dalio開發全天候策略，根據經濟環境動態調整資產配置，平衡通脹、通縮、經濟增長和衰退風險，雖然不知道他背後的配置細節模型長怎麼樣，但動態配置大方向給我很大的啟發空間
（留言續
/
View 2 more"
貼文249_第5串,"抱歉，容我沒辦法跟「確定性」思維的人，有太深入的邏輯交流
早上我寫了一篇文章，講到一位42歲羅漢腳公務員，手上有八位數資產，被動收入已經超過他月薪八萬的本業收入。
結果底下留言一堆人說：
「這麼穩定的工作幹嘛退？」
「有工作好貸款」
「一定是工作很爽，而不想退」
或是有人說「沒有個1億，我怎麼離職？」
撇除某些好為人師的觀點，大概都是老生常談的思維
我在35歲時，
離開我在新加坡投行最後一份「授薪工作」
當然，之後我不能說我叫「退休」
而是選擇成立自己的量化交易團隊
去實現我的人生投資理念
我不禁想問
所謂的「穩定」到底是什麼？
每天朝八晚五，一個月只休八天，
這樣的生活真的穩定嗎？
然後「沒有個1億，就不能離職？」
會不會有可能「離職之後，選擇其他事業，1億就離你不遠？」
我不知道，人生總有很多可能，
我擅長逆向思考，答案自然就出來了
我認為最大的風險，不是不確定性
在金融的領域裡面，
我們不會把不確定性視為風險，兩個概念是不一樣
不確定性只是未來可能的變化，
而風險是這些變化對你造成實質損失的可能性。
（留言續
/"
貼文249_第6串,"把自己的命運交給確定性
就像去用過往路徑依賴的方式
去推論往後的30年
是不是反而是一種風險？
金融界在評估風險時，
從來不會只看單一維度。
當我們只看「每月固定薪水」這件事，
確實感覺很穩定。
但風險管理最基本的概念是：風險有多種面向，而且它們之間會互相影響。
這位42歲的公務員，他面臨的不只是收入風險，還有：
時間風險，每一天過去就不會回來，而他的時間大部分被工作占據。
健康風險 ，長期朝九晚五的生活方式對身體的影響。
機會成本風險 ，他可能錯過了多少能用資產創造的其他機會。
通膨風險 ，八萬薪水看似穩定，但購買力每年都在縮水
那何謂真正的「不穩定」？
（留言續
/
View 2 more"
貼文249_第7串,"【溫馨提醒】本文純屬個人邏輯思辨，不構成任何投資建議。
我常常講，如果你不具備任何訊息優勢，也懶得研究投資方法，你可以選擇投資ETF，但我又說過，ETF投資不是萬能的，這個是不是自打臉？其實並沒有。
這幾年ETF投資在台灣很熱門，每天打開PTT股板，一堆人在那邊「定期定額0050，提早退休」，好像發現了什麼聖杯。
但ETF真有那麼神？它在金融邏輯上有些巨大的盲點，連創立指數基金的John Bogle都曾經警告！
當我們說「買ETF就能坐享市場成長」時，不能漏掉某些曾經發生過的案例。
還記得2020年那場負油價事件嗎？
USO（美國原油ETF）從20多美元崩到剩2美元。
一堆人以為買了原油ETF就等於買了石油，結果發現自己買的是一堆爛合約！為啥會這樣？
因為ETF機制本身就有問題！當它需要在期貨到期前轉倉，卻遇到市場流動性枯竭，最後導致原油期貨出現負油價。
負油價是什麼概念？
「我給你錢，你還要倒貼我拿走這桶油？」
這不是個案而已！諾貝爾經濟學獎得主Robert Shiller曾經指出：「指數化投資如同將市場波動性外包給少數主動投資者，長期可能加劇系統性風險。」
（續
/"
貼文249_第8串,"翻譯成白話文就是：「一堆人都只會買ETF，那誰來決定股價啊？」
你可以想像一下，如果全世界都只買ETF，那誰來決定個股的價格？
麻省理工學院金融工程實驗室在2019年的研究就顯示，當被動型基金持有標普500成分股比例超過50%時，會導致成分股與非成分股之間的流動性與估值差異擴大。
這就是所謂的「被動投資泡沫」！
更扯的是，ETF的持有人平均持倉週期正在縮短。
根據紐約聯邦儲備銀行的報告，ETF持有者平均持倉週期從2009年的3.2年縮短至2024年的11個月。
大家都說要長期投資，結果行為比股票當沖還短線，這不是笑話嗎？
定投ETF的另一個盲點是固定配置策略。大多數投資書籍告訴你「買了就持有」，好像這樣就能一勞永逸。
你應該要認清一個事實：市場週期和經濟環境一直在變，你的配置卻一成不變？
這導致你的資產在牛市中增長有限，熊市中卻被大幅腰斬。如果你遇到熊市導致全年都在套牢，好幾年後才回本，這段時間成本誰來算？
（留言續
/
View 4 more"
貼文249_第9串,"（溫馨提醒：內含金融專業術語，建議泡杯咖啡慢慢看）
還記得債券天王Bill Gross嗎？
他是一位曾經把債券玩得爐火純青的男人，1987年一手創立了PIMCO總回報基金，徹底顛覆了債券投資的遊戲規則。
在他之前，大家都把債券當成無聊的收息工具。
但Gross說：不，債券可以這樣玩！他的總回報策略(Total Return Strategy)把債券變成了可以積極操作的交易資產，直接挑戰當時的觀念
他厲害的地方在於1987到2008年間，他的基金年均「超額」收益率達2.1%，這是什麼概念？在債券市場，能穩定超額1%就已經是神操作了，而他做到了兩倍以上，被封債券天王一點都不為過
為什麼要介紹他呢？
因為2024年5月，Gross親自宣判：「總回報已死，別再買債券基金了。」
為什麼他會這樣子宣告？
答案藏在市場的microstructure中。
首先，美債供給形成了西西弗斯困境，美國財政部2024年淨發債規模達2兆美元，比2019年擴張300%，形成「發債增加→價格下跌→殖利率上升→利息支出膨脹→被迫繼續發債」的惡性循環
（留言續
/"
貼文249_第10串,"這種供給驅動的殖利率攀升機制，造成任何利率下行預期都遭遇無情碾壓。
再來，利率環境發生了結構性逆轉。
總回報策略本質是「利率下行週期的資本利得收割機」，它的模式高度依賴殖利率絕對水平。1981年美國10年期公債殖利率高達15.84%，利率有很大的下行空間；但到了2024年5月，10年期公債殖利率剩4.4%，價格上漲潛力縮減83%。
你拿出計算機自己簡單按一下，如果殖利率從15%降至5%，30年期債券價格漲幅高達230%；但當殖利率從4.4%降至2%，漲幅只剩下42%。資本利得空間被嚴重壓縮，也是老葛宣布不玩了的其中一個原因。
近年來，波動率溢價系統性消失。
FED的利率前瞻指引政策，使債市波動率曲線持續平坦化。美銀MOVE債券波動率指數長期維持在120以下，比2008年金融危機期間的峰值163下降26%。高頻交易在債市的占比從2010年的15%躍升至2024年的62%，使傳統的「宏觀驅動—基本面分析」框架失效。
（留言續
/
View 3 more"
貼文249_第11串,"最近有人私底下靠北我：「你們用的都是金融從業人員的交易方法，根本不適合散戶啦！」
聽到這句話，我整個人愣住了三秒鐘
等等，所以你的邏輯是...專業的方法不適合一般人，反而要用非專業的方法？
這不就像在說：「你不能尋求專業西醫協助，他們太專業了不適合一般人，你應該喝符水致病」？？
我真的很好奇，到底什麼叫「金融交易法」vs「散戶交易法」？這是誰發明的區別？誰可以告訴我差別"
貼文250_第1串,"(文長慎入）
原本某次例行的健康檢查，醫生看著報告後說了那句話，讓我重新思考了人生的價值...
2014年，我在新加坡的一家私人醫院進行例行健康檢查，那是我在新加坡的倒數第二年。當時每天早上七點出門，晚上十一點回到租的小套房，週末還經常加班，這樣的生活已持續了近四年。
醫生說我的血壓已經到了160/100，而且有明顯的自律神經失調症狀，那時候不到35歲，但身體狀況像個60歲的老人，醫生已經說得很委婉了，但我覺得這副身體再這樣搞下去，真的用不久
那一刻，我突然意識到自己在追求什麼，又在失去什麼
2010年底我從台灣來到新加坡投行工作，一開始每個月8500新幣的薪水，在台灣聽起來很可觀，但在新加坡，租一間小套房就要3000新幣，一餐簡單的商業午餐至少8-10新幣，晚上加班叫晚餐更是動輒15-20新幣。再加上每個月要寄錢回台灣給生病的老爸，比起同年齡已經成家立業的大學同學，我的存款實在不多，那時候沒想太多，￼反正人生一直輸在起跑點，我看得很開。
我的生活半徑就是公司、超商和套房。每天早上坐車上班時，我都會看到車廂裡的每個人臉上都掛著同樣的疲憊，嗯，負能量就是這樣被傳染的（留言續
/"
貼文250_第2串,"我們部門有六個研究員，每個人都戰戰兢兢，因為我們都知道，隨時可能被「更年輕、更能挨罵、要價更低」的新人取代。經理的口頭禪是：「如果你做不到，門外有一百個人排隊等著進來。」
直到那次健康檢查後，我才意識到自己的狀況有多糟。除了高血壓，醫生還診斷我有「壓力性胃潰瘍」和「慢性疲勞症候群」。簡單說，我的身體正在用各種方式抗議我的生活方式。￼
我體重平常維持70公斤上下，那陣子體重飆升到83公斤，每晚都做惡夢，常常半夜驚醒，滿身冷汗。我開始服用血壓藥，還得定期吃胃藥，變成一個藥罐子
那年回台灣過年時，我老媽告訴我她被診斷出有家族性高血脂症，這是一種遺傳性疾病。醫生建議我也去檢查，結果不出所料，我的膽固醇指數已經遠超正常值。
這種病如果不控制，很容易導致提前心臟病發作，然後我媽突然向我表達抗議「你爸現在住院，你媽有這個病，你自己又這麼拚，你想過後果嗎？」，我一直不知道自己做的決策是否正確，只知道有時候一意孤行只為自己想，太過自私。（留言續
/
View 3 more"
貼文250_第3串,"（看CPI進場交易、調整配置部位，已經太慢了…）
我曾經說過「我的操作很大一部分是觀察宏觀經濟數據」但我又說「看數據交易死特別快」，這個是不是有矛盾？？？
先做結論：其實沒有矛盾，市場上的規則很簡單，當你看到數據的時候，有人在你前面至少三個月就開始布局了。CPI 不是讓你在公佈當下去交易的，而是給機構投資人驗證市場預期用的。
那要怎麼去使用CPI這個數據？
CPI 公佈的那一刻，市場價格已經調整得差不多了。
if數據符合預期？then部位調整。
if數據不符合預期？then部位還是調整。
這對大部分散戶來說很難理解，因為散戶的問題就是以為市場是「事件 → 交易」，但機構的邏輯是「預期 → 佈局 → 事件 → 修正」。（如果你的觀念還是停留在前面，至少看完這篇貼文，你應該改成後面的邏輯。）
所以你看到 CPI 符合預期，然後興奮地按下單，結果發現市場根本不照你的劇本走，這時候就開始懷疑人生。
我們從來不會等 CPI 才動手，因為數據一公佈，就已經是「結果」了，不管你是做投機交易還是是做資產配置，都是同樣一個邏輯（留言續
/"
貼文250_第4串,"那既然CPI是一個超級落後的指標，那麼這些機構研究員是怎麼取得資訊優勢？
專業投研看的是源頭，不是等著別人發新聞稿。舉個例子，GS的能源研究部門會養專門的研究員，去調查原油供應鏈的每一個環節，這些資訊散戶根本拿不到
比方說透過海上油輪追蹤，推算出原油預期價格。你以為機構投資人只看 WTI 或 Brent 價格？據我所知，有些會直接用衛星影像 + AIS來追蹤全球油輪的流動，甚至能計算海上浮動庫存。當油輪塞港、減少運輸時，市場供應可能縮緊，油價提前反應。這些數據會在官方報告出來前好幾週就反映到機構的交易策略裡。
還有些團隊會看管線輸送量，全球有超過 200,000 英里的原油與天然氣管線，投行的研究員會監測主要管線的輸送數據，預測未來的供應變化。例如 Permian Basin 的輸出變動，會直接影響美國國內油價，這些資訊並不會即時在 EIA 週報中體現，但市場早就知道了。（留言續
/
View 2 more"
貼文250_第5串,"怎麼會有人認為買高股息股票就等於躺贏？
還真的有人覺得年年領股息就能躺著退休？這種人要嘛沒經歷過市場，要嘛根本沒搞懂 dividend policy 背後的金融邏輯
先說結論好了，高股息的公司不一定是好公司，很多時候高殖利率只是市場在告訴你這家公司 growth potential = 0，未來沒有擴張機會，沒地方投資，只能把賺的錢還給股東。這時候，你的選擇是要當「資本增值型」的投資人，還是「被人家當ATM」的退休股東？
如果你有自己的退休規劃，一定要記得：高殖利率 ≠ 投資勝率（最好把這一個觀念寫在你的手機桌面，以免自己某一天犯傻，去挑選高殖利率股票）
市場有一個很殘酷的機制，high yield doesn’t come for free，任何高報酬背後一定隱藏著風險，你以為的 “free money”，其實是市場在幫你算計，你反而要去質疑跟思考你憑什麼能拿到這麼高的殖利率？要嘛是市場已經對這家公司失去成長信心，要嘛是股價跌太多，殖利率才會變高。（留言續
/"
貼文250_第6串,"拿台股來說，某些K O L的存股教科書都會寫什麼高殖利率名單，結果你去看這些標的，EPS not growing，ROE stagnant，公司現金流 barely improving，這種情況下你還敢進場，然後幻想定存股？
來，要是你還不服，我們看看一些市場血淋淋的案例
案例 1：GE從藍籌股變垃圾股
曾經的 General Electric 是 S&P 500 的股息明星，連續幾十年穩定派息，但 2018 年開始，市場終於發現這家公司財務爛到炸，cash flow deteriorating, debt level exploding，結果股息從 0.12 美元砍到 0.01 美元，直接變成養老股惡夢。這種公司，買來領股息就像買一顆計時炸彈，最後股息不見了，股價也變成 penny stock。
案例 2：花旗銀行金融股的高息神話破滅
2008 年金融危機前，花旗的股息率高得嚇人，市場都覺得 銀行不會倒。結果金融海嘯一來，Citi 從 55 美元崩到 1 美元，股息全部蒸發，股東收割得體無完膚。這告訴我們，高股息的銀行股，當市場崩潰時，一樣沒有人救你。（留言續
/
View 2 more"
貼文250_第7串,"（資訊差=內線？？）
大家對於資訊差，總愛跟內線交易掛上邊，好像沒有內線就不能在市場上活一樣。身為曾經的研究員，我應該有資格來說幾句話…
「千線萬線不如一條內線」，這句話在台灣投資圈流傳多久了？但我想問，如果你今天不是操作個股，你是做FICC（固收證券、貨幣和商品）的，你要怎麼內線？
該不會你要說你跟央行有內線往來？還是跟財政部打好關係？這根本不切實際嘛！
回台灣這幾年，看多了所謂「靠內線賺錢」的神話。但說真的，這些年我的觀察是，專業調研團隊常常能取得比內部人更優質的資訊優勢，而且是完全合法。
我接觸過不少公司內部人，他們確實比一般投資人更靠近關鍵資訊，前幾天還有聯X部門主管來跟我提這件事（我並非該產業研究員，當時聽到這些訊息覺得有些不可思議，但後來想想也不意外），這些資訊通常早就反映在價格上了，甚至他們自己也搞不清楚市場到底在期待什麼。（留言續
/"
貼文250_第8串,"你沒聽錯，公司內部頂多只能對自己內部訊息充分了解，但他沒有辦法掌握到市場的狂野，像海外有些企業本益比被脫韁的市場情緒炒到100倍以上，公司內部人卻一點都開心不起來，市場期待他們每年都要成長30%，連續十年！內部人天天做惡夢，夢到客戶全跑光，股價暴跌，總經理甚至擔心被綁在公司大門口示眾….
一家上市公司的財務長都會問金融人對他們公司股價的看法！當下我就想，連你們自己都在問外面的人了，誰還敢說內部人最懂啊？
前幾年，我親眼見過一家台灣科技公司的內部人大買自家股票，市場馬上跟著起鬨。我那時候也差點被帶風向，還好我多做了點功課，發現這公司其實現金流很緊，內部人只是想自救來製造信心。結果股價拉高後，業績一出來直接崩盤，內部人不只沒賺到，還被市場反收割。那時我才知道，原來內部人也會被自己的公司坑啊！
這就是關鍵差異：資訊優勢不等於內線交易，有時候系統性深入的調研取得的才是資訊優勢，而非片面的內部消息。（留言續
/
View 3 more"
貼文250_第9串,"動態資產配置不是叫你去做動態對沖，這兩件事情概念完全不同，結果有人把這兩個概念混在一起，然後誤解「動態配置就是要一直調整部位、一直對沖」，這明顯有誤解，我來說明一下：
先講一個基本的問題，動態對沖對於一般沒有武器優勢的散戶來說，幾乎做不起來，你有沒有想過為什麼？
你要先搞清楚，哪些群體會需要用到動態對沖？通常是機構、market makers ，像是為了維持部位的Delta中性，避免承擔額外的市場風險，所以才會透過不停地調整部位來對沖敞口。
但一般散戶呢？
你有沒有流動性支撐你的動態對沖？沒有。
你有沒有辦法去搶Gamma scalping ？沒有。
你的交易速度夠快嗎？不夠快。
市場變動起來，專業機構是有自動化交易系統在那邊掃價格、調部位，你一個手動交易的散戶要去跟人家玩動態對沖？
如果執意要這麼做，你的經紀商應該會很喜歡你，因為你不是在對沖，而是在給他們賺手續費（續
/"
貼文250_第10串,"舉個例子，market maker要維持Delta中性，他們會怎麼做？比如說市場上有一堆人買call，market maker為了對沖風險，會同步買進股票現貨，這時候現貨價格被推高，然後市場上又有人看到漲起來了，繼續進場買更多期權，做市商又得加碼對沖，這就形成了一個自我強化的效應，這也是一種反身性。
聽完這些概念你還會覺得這種玩法適合一般人嗎？
你又不是market maker，你手上沒有一大堆option部位需要去動態對沖，你也沒辦法在市場上即時執行調整。
你能做的，反而是利用這些動態對沖留下的痕跡來觀察市場，比如哪些點位可能是做市商的Gamma壓力區，哪些地方有可能出現反身性，然後再去推導市場可能的走勢。
你不用跳下去做動態對沖，但要去看懂背後的邏輯
陸續打聽到一些坊間課程有在教散戶操作動態對沖，我就看不懂了，散戶做動態對沖是要對給誰看？與其去搞這些高難度又沒優勢的東西，還不如去理解靜態對沖，學會怎麼配置你的資本，讓你的資產在不同的市場環境下都能有辦法生存
市場上的遊戲規則擺在那裡了，不是你能不能玩，而是你適不適合玩。先了解規則，選擇你適合的戰場，才不會又被割得不明不白
/"
貼文251_第1串,"Alpha 不是找來的，是逼出來的!!!
2016年，那個快壓垮我的冬天，我到底怎麼撐下來的？（應IG粉絲發問，所以我把心路歷程稍微交代）
那時剛回台灣，在內湖租了間小破辦公室，連暖氣都他媽的壞了。冬天冷得要死，量化系統連一毛錢穩定獲利都沒跑出來，租約又快到期，錢燒得比想像中還快。每天像條死魚一樣坐在螢幕前工作16小時，腦袋裡想的是：幹，這次真的撐不下去，是不是該滾回去找份飯碗？
但心底有個聲音一直吵：「都走到這步了，你還能往哪裡跑？」（對，因為有這個聲音，才有接下來的發展）
每天早上睜開眼的第一件事，就是沖冰水澡。媽的，台北冬天的水冰得跟剉冰一樣，像刀子刮過皮膚，但不管啦，硬著頭皮沖，腎上腺素直接拉好拉滿。
想當年在馬祖當兵的時候，冬天熱水器壞掉，不管三七二十一，沖下去，整天進入備戰狀態。心想「幹，連冷水澡都會怕，那你還想搞量化？給我沖」
這不是什麼成功人士起床儀式，我是看《The Way of the SEAL》那本書學來的，美軍海豹部隊就是這樣在極端環境下訓練心智，當你真的沒得選，你的身體就會自己適應。
因為，市場才不管你適不適應，它該怎麼凹你就怎麼凹你（1/3）
/"
貼文252_第1串,"我不是做量化出身，再加上當時人力資源不足以應付當時的市況，導致量化模型爛得跟屎一樣，回測漂漂亮亮，實盤直接炸裂。
美股開年就創下史上最爛表現，VIX狂飆，我的策略完全跟不上。早上沖完冷水澡，馬上夾著懶蛋拚命找問題，結果發現根本不是策略的錯，是市場進入了一個我從沒見過的詭異狀態。
那時候市場很失控，該動的不動，不該動的亂七八糟。
就這樣每天16小時對著電腦，眼睛乾到猛點眼藥水，只好強迫自己出門走走，每天跑到松山機場跑道發呆。有人以為交易就是數據跟程式的遊戲，但從頭到尾都還是要考驗你個人抗壓力。
某天晚上，盯著VIX期貨，突然發現季度輪動模式有點怪怪的，遠月合約跟短期合約的價差出現異常。我拉出歷史數據對照，發現這不是單一事件，而是某種錯誤定價，於是我趕快通知量化研究員協助處理
（市場對風險的預期出現漏洞，這就是他媽的機會，但光發現還有理解是不夠的，要想辦法跟時間賽跑）
我助理把這個異常寫進模型，小倉位測試，結果如我所料，套利空間確實存在，但市場變數多到靠北，還不能重倉。一直到2017年法國大選，市場波動性異常放大，部位開始穩定獲利的那一刻，我知道自己總算熬過來了。（2/3）
/
View 1 more"
貼文253_第1串,"今天早上被粉絲私訊問到，我怎麼看 Millennium 這次 9 億美金的翻車，我只能說，市場上這種事天天在上演，沒什麼好大驚小怪的。
其實，我自己以前也常常幹過類似的事，當年覺得自己找到套利公式，結果一個市場波動就被修理到不成人形，人總要犯過錯吃過羹才知道怎麼應對。
Millennium 這次的交易邏輯其實很簡單，就是提前卡位，押注哪些股票會被納入或剔除指數，等 ETF 被動買進來接盤。但問題是，這種策略市場上早就一堆人在玩，現在至少 50 家機構在擠這條水管，結果就是交易擁擠，誰都跑不掉。
當所有人都往同一邊擠的時候，一個風吹草動，流動性直接蒸發，槓桿翻倍放大損失，9 億美金就這樣蒸發了。（留言續
/"
貼文253_第2串,"這種故事歷史上看過太多了，2018 年做空波動率的基金爆倉、2021 年 Archegos 槓桿玩過頭，最後血流成河，現在 Millennium 只是又一個案例而已。
你可能會覺得這種東西離散戶還太遠，或許不會發生在你身上？但其實有時候機構犯錯的底層邏輯跟散戶是相近的：第一，市場上哪有穩賺不賠的策略？當大家都知道的時候，它就不再是機會，它就成了風險。第二，別濫用槓桿，市場一變臉，瞬間讓你體驗人生跑馬燈。第三，市場不會可憐任何人，你的風險管理有沒有做好，決定你能不能活到下一場遊戲。
下次再聽到什麼穩賺套利，先想想 Millennium 這次的 9 億美金，你確定你不是在排下一個爆倉的隊？
/"
貼文254_第1串,"（文長慎人…）
環境才是關鍵，待錯環境，你學了再多金融知識都沒用
我以前也以為，投資就是靠知識累積起來的，尤其在學校唸書更是這樣認為。反正學好財報分析、看懂經濟數據、嗑完hull 的金工衍生品，這樣就能在市場裡立於不敗之地。
幹，錯得離譜。
我當初在新加坡投行的慘痛經歷，除了每天寫報告、開會、就是被PM罵（我的工作CP值算高，就是負責被罵）。那個澳洲PM最常對我們說的一句話是：「市場根本不在乎你覺得什麼，重要的是機構現在在做什麼」
我一開始還不信邪，覺得這種說法太機械化，市場不就是對未來的預期嗎？結果每天在市場裡摸爬滾打之後，我才發現投行根本不只比你更快預測未來，還比你更快適應市場，「調適」這兩個字，基本上可以涵蓋這一證個過程
自從這件事之後，徹底顛覆了我的一些想法
後來我因為身心健康因素離開投行，回到台灣，休息了半年後準備重起爐灶，在台北內湖租了一間小辦公室，準備靠自己的交易技術闖出一片天
結果，現實是，前幾個月錢賺不到，固定成本一直燒，還萌生回去賣命工作的念頭（留言續
/"
貼文254_第2串,"這段時間的撞牆期，我回母校找指導教授聊聊，覺得自己是不是學的不夠，但老實說，學校教的金融知識，跟實際工作是兩回事，甚至有時候還會「不知道怎麼拿來用」…你看現在哪個做期權期貨的散戶會去看Hull的書？很少吧….大部分的交易決策根本不是教科書裡的內容，而是市場當下的結構、資本流動的方向。
不過有一本書，我一定要提！Joel hasbrouck的Empirical Market Microstructure，這對當時2015年的環境來說，已經是老書一本，我回去重新理解市場裡的套利機制，也讓我意識到，市場不是靠預測來賺錢，而是靠適應來生存，你調適得不夠快，你就被淘汰！
熬了將近一年，有幸經歷市場動盪，美國、歐洲市場到處是錯誤定價的機會，我的第一套量化系統終於開始穩定賺錢，短短幾個月，資本又翻了幾倍。接下來幾年，系統持續進化，我開始處理更大規模的資金，交易規模也提升一個量級，直到2020年結束自己的團隊，現在只負責管理自己的錢（但一部分上繳太太…）
這段期間的成敗因素，除了書本的影響外，你身邊的人絕對也是影響你交易思維的重要因素，而交易思維決定了你最後能不能活下來（留言續
/
View 2 more"
貼文254_第3串,"越南是我徒步旅行的第一個國家，但這趟越南行真的刷新三觀…
群組裡有一個越南大學生，父母是華僑，操盤邏輯打趴台灣一狗票人，於是決定在西貢約他出來喝咖啡。我不好意思直接問他賺多少，但光是聽他的操作邏輯，就知道這數字肯定不是一般人想像的那種零頭。
去年12月特斯拉從高點暴跌四成，人家早早在崩盤前全數出清，重點是那時本益比還衝到175倍，市場分析師都在喊摩根士丹利的800美元目標價。我就問他怎麼判斷的
「看財報不如看大戶動向啦⋯⋯」特斯拉在中國今年2月銷量暴跌49%，德國市場更慘，銷量大幅下降，高層卻在這時候狂倒貨。光最近三個月，財務長和技術長就賣掉超過500萬股，散戶還在等反彈，根本是賭場裡的最後一桌客人。最關鍵的訊號其實在政治面。（留言續
/"
貼文254_第4串,"馬斯克高調加入川普團隊當科技顧問，品牌形象直接從科技先驅變成政黨打手。當執行長都在玩政治，你怎麼期待他專心搞自動駕駛？現在回頭看真的恐怖，特斯拉本益比175.88倍是什麼概念？輝達現在也才65倍，蘋果更是只有28倍。營收成長根本追不上股價，偏偏馬斯克還把個人政治立場綁死公司路線。
幹，世界真不公平，越南不是都在做代工和觀光嗎？怎麼大學生這麼鬼？市場就是這樣，真正看懂訊號的人早就領先一步了。等新聞報出來說特斯拉又跌了，人家早在2025年3月退休看戲了🚬🚬
/"
貼文255_第1串,"最近沒事就會去看一些奇奇怪怪的Y T影片，那些每當市場恐慌就喊「美元要崩潰」的財經網紅，嗯，你們不累嗎？
如果美元不會是世界霸權，難道會是什麼？人民幣嗎？一個資本管制嚴格、無法自由兌換的貨幣？歐元嗎？一個內部分裂、決策緩慢的多國聯盟貨幣？還是金磚國的「共同貨幣」？連基本利益都無法協調的國家能發行統一貨幣？
我就問你一句：如果美元真要崩潰，為何2025年美元指數仍然強勢站在103.67？就算比去年同期略低，但一樣穩定，這叫崩潰？
如果中國不信任美元，為何截至2024年底仍持有7590億美元的美國國債？雖然有所減少，但仍是全球第二大美債持有國！他們是蠢，還是你比對岸央媽更懂金融？
再來再來，如果人民幣要取代美元，為何2025年初SWIFT系統中人民幣支付佔比仍不到5%，美元仍穩居第一位超過40%？你敢把全部存款換成人民幣嗎？
還沒完，如果黃金代表美元末日，為何2025年3月14日黃金價格突破3,000美元/盎司的歷史新高，還是用美元標價？為何不用你吹捧的「新世界貨幣」？（留言處我繼續鞭
/"
貼文255_第2串,"如果美國經濟真的一蹶不振，為何全球資金、人才仍持續湧入美國？是的，亞特蘭大聯儲預測2025年第一季GDP可能收縮2.8%，但這是暫時現象還是長期趨勢？是全球精英眼瞎，只有你獨具慧眼？
如果歐元能取代美元，為何歐元區內部分歧依然嚴重？歐洲央行2025年3月的經濟預測顯示歐元區增長乏力，一個連自家經濟都難以提振的貨幣聯盟，憑什麼領導全球金融？
如果加密貨幣威脅美元，為何川普政府不是在對抗它，而是在2025年3月簽署行政令建立國家加密貨幣儲備？
美元霸權本質建立在美國強大經濟實力、深度流動金融市場、健全法律制度和龐大軍事實力之上。難道這些優勢短期內會消失嗎？你消失給我看
我不給答案，你們自己有腦筋。當然你也可以放棄思考隨恐慌￼逐流，你有自己的選擇^_^
/"
貼文256_第1串,"今早滑 YouTube，看到一個香港的影片在講期現基差contango 結構跟 backwardation，想說看看葫蘆裡有沒有藥，結果講不到三分鐘，直接開始畫技術圖，嘴上還念念有詞：「這裡是主力吸籌，這邊是震盪換手…」靠北，我直接關掉，完全看不下去，順便送他一根中指，認識我的都知道我對技術分析很感冒
到底哪來這麼多時間的主力，天天在那邊畫型態吸籌？所以 basis trading、套利基金、market makers 每天操著幾十億美金的部位，都是來幫主力洗籌碼的？如果今天基差大幅波動，CTA 砍單，流動性崩盤，那是不是主力又在「洗散戶」？你們技術分析派的腦補能力，是不是可以去當小說家？
還有啦，供需變化、基差變動、持倉結構 這些東西你們完全不看，卻硬要在 K 線圖上找什麼「吸籌型態」，你們是覺得商品市場沒有庫存週期，沒有 hedging flow，一切都是主力控盤？那如果今天小麥期貨跌到爆，是因為豐收還是因為「主力洗盤」？原油期貨大跌，是因為供給過剩還是主力「騙你出場」？市場上這麼多套利交易在調整部位，難道也是來演戲的？（留言續
/"
貼文256_第2串,"再來，你們這些人最愛講「主力洗盤」，那請問，主力吸收籌碼的時候，是要跟誰買？市場流動性是靠天掉下來的嗎？你今天買期貨，那個賣你單的是主力嗎？還是對沖基金、造市商、套利資金？這麼多不同交易者在市場裡互相砍來砍去，結果你告訴我，這些都是主力的陰謀？媽的
還有最好笑的，「主力不會讓你這麼好進場」，那請問，全球這些 high-frequency trading公司，像 Citadel、Jump Trading、Virtu Financial，每天交易的速度快到你單子都還沒丟出去，他們是主力的小弟，專門來幫你洗單的是不是？
技術分析派的人能不能先搞懂什麼是 basis risk、什麼是 open interest rotation，再來跟我講吸籌換手這套鬼故事？市場根本沒在演戲，會輸錢只是因為你不懂市場在玩什麼遊戲。上次我砲轟技術派被信徒出征，但請你這些信徒來跟我解釋什麼叫做吸籌換手🥴
/"
貼文257_第1串,"今天早上發生的趣事，我剛在樓下的星巴克點完美式，準備坐下來跟以前的一位客戶聊市場走勢，結果手機螢幕突然亮起來，在墨爾本唸小學的女兒視訊電話跳了出來。
我有點疑惑，平常這時間她應該還在學校吧？但還是趕緊按下接聽。結果畫面一接上，竟然是一整間教室的小朋友，還有站在前面的老師，一群小孩眼巴巴地盯著我，場面尷尬到爆炸。
老師笑著說：「我們今天在做一個活動，請大家分享爸爸媽媽的工作，讓孩子們對不同職業有更多了解。你的女兒剛剛說她的爸爸是做金融的，還說她長大也想跟你一樣。」（老師跟小朋友都是講英文，我就直接把對話翻譯成中文。）
聽到這句話，我本來還有點沒反應過來，但下一秒，畫面轉到女兒，她超自豪地抬起頭，跟全班說：「我爹地以前是賣方分析師！」
結果所有小朋友面面相覷，一臉問號，看得出來這群小孩完全不知道「賣方分析師」到底是幹嘛的，是在賣東西的嗎？老實說我有點不太想去提這一段慘烈故事，結果今天居然是女兒跟同學主動提起。
老師趕緊打圓場：「這聽起來很厲害哦！你可以跟大家解釋一下嗎？」
女兒點點頭，超認真地說：「賣方分析師就是每天看很多數字，然後決定什麼時候該買，什麼時候該賣。」（留言續
/"
貼文257_第2串,"全班小孩的表情更呆滯了，然後有個男生舉手問：「所以……你爸爸是在賣玩具嗎？」
女兒皺著眉頭，一副「你到底在說什麼」的表情，糾正對方：「才不是！我爸爸是很厲害的投資人」
這下連老師都愣住了，其他小孩更是一頭霧水，只有女兒還在那邊努力解釋，但感覺講越多，他們越聽不懂。
最後老師乾脆笑著幫忙補充：「簡單來說，就是幫助大家決定怎麼投資、怎麼賺錢，對吧？」
女兒點頭：「對！所以我長大也要做這個！」
我聽到這裡，真的有點哭笑不得，一方面覺得尷尬，另一方面又有點驕傲。畢竟，其他小朋友的回答，不外乎是「我要當醫生！」「我要當律師！」「我要當科學家！」結果我女兒是全班唯一一個想搞金融的，還這麼篤定，這到底是該高興還是該擔心？
老師最後問我要不要跟大家說幾句話，我只好對著螢幕笑笑說：「嗯……金融這一行真的不簡單啊，希望大家以後都能找到自己喜歡的工作。」（留言續
/
View 1 more"
貼文257_第3串,"美股崩了，今天才在問怎麼避險？是在哈囉？如果你這時候才開始思考風控，那你真的是在避險？還是你佛心來著在市場上貢獻流動性？幫別人當對手盤？
S&P500單日跌幅超過X%，VIX暴衝，市場瞬間流動性枯竭。一堆人這時候才在那邊 panic buying hedges，問要不要進 put，要不要做 long vol，以為自己很機靈，結果不是被抬轎就是被市場多殺多。
Hedge這件事從來就不是等市場崩了才來做，而是平常就應該建構好的 risk management framework。懂資本市場的人都知道，你的 hedge 是為了應付 tail event，而不是等 tail event 來了才去買單，因為到那時候所有 hedging instruments 早就 repriced 了，risk premium 已經爆炸，這時候進場只會讓你買在高點，然後市場稍微反彈你就直接爆倉。
最經典的例子就是 VIX long exposure，平時不願意花錢持有，市場跌了才來 panic buy，這不是 hedge，這是花錢參加市場的 fear trade，然後行情一反彈就被殺光。（留言繼續
/"
貼文257_第4串,"同樣的，tail hedging strategy 不是市場跌了才去思考，而是早就該有 systematic hedge allocation，不管是 long vol structure 還是 delta neutral strategies，這些都是平常就要配置的，不是崩盤當天才來思考要不要 hedge
市場上有兩種人，一種是 panic 時候才發現自己需要風險管理，另一種是早就建構好 risk framework，靜靜地看著市場崩潰。你是前者還是後者，自己心裡應該有數。
市場跌了才來避險，跟開車撞了才想繫安全帶是一樣的邏輯。如果你還在問「現在該怎麼 hedge？」，那答案很簡單，你已經晚了，現在你該學的不是怎麼避險，而是怎麼撐過這一輪的市場屠殺😌
/"
貼文258_第1串,"台積電破1000，上禮拜跟幾個朋友討論如何部署避險策略。有人買近月PUT，有人用Spread控制成本，但不管怎麼樣，資金成功保住了，先累積了一些彈藥，可以在適當時機用來抄底。
至於沒去hedge的朋友現在可能就比較尷尬了 - 賣在低點？還是繼續扛？還是現在就危機入市？這就很吃你 的產業判斷。
先不去討論台積電會跌到哪裡，不過現在市場對台積電的論調主要來自美國擴廠計畫背後的隱憂，雖然我個人是樂觀的，但不代表其他人的看法。有人解讀成為地緣政治壓力使然，而不是出於真正客戶需求，像有些投行認為，這會大幅提高資本支出，侵蝕獲利能力，且美國廠的效率難以匹敵台灣，但我覺得這些單從利潤的角度去評估，反而很可能會漏掉國際政治政策的不確定性（比分關稅是不是能如願減免？減免是否￼反而又利多台積電？這個也是有很大的未知）
還有一點，台積電試圖在台灣保持技術領先優勢，郭智輝跟卓榮泰跳出來背書，不知道美方看到坐何感想？這也解釋了為何之前看好的外資分析師紛紛閉嘴，～所以Anyway，不管看多看空，自己hedge一定要做好。畢竟誰都很難確保這一個恐慌的反身性會不會形成自我實現🚬🚬"
貼文259_第1串,"很多人抱怨市場沒邏輯，你有沒有想過「或許不是市場沒邏輯，而是你的邏輯不對」？
很多人會問：「GDP 成長，美股怎麼還跌？通膨炸裂，不是該崩嗎？」這類問題乍看之下像是在思考市場，但其實問題本身就已經置入錯誤的假設，因為市場不是照這種線性邏輯運作的。
如果你還是覺得看數據投資很聰明，那你來看看這個例子，2020 年美股 V 轉。當時 GDP 崩盤、失業率飆升，所有數據看起來都是末日級別，很多人等數據轉好才敢進場，結果市場直接一飛沖天。為什麼？因為市場早就 price in 了最壞的狀況，當現實沒有想像中那麼慘，資金就開始回補。
再看 2022 年通膨數據爆表，美股卻暴拉。當時 CPI 破新高，一堆人以為市場要崩，結果發現核心通膨開始放緩，FED的緊縮幅度可能沒想像中誇張，資金就回流進股市。
同樣一份數據，為什麼有些人拿來賺錢，有些人卻拿來被市場教做人？機構把數據當作是證偽，散戶把數據拿來決定進場，然後賠錢才來靠北訊息差，按照這種判斷邏輯，不管你訊息差有沒有被彌補，你只會一直拿著正確數據做錯誤的事，然後注定一直賠錢下去🥱"
貼文260_第1串,"靠北，我有點搞不懂，整天問人家策略細節的人，頭腦到底是在想什麼….啊不是啊，能穩定賺錢的交易策略，通常沒辦法三言兩語講清楚，能用三言兩語講完的，通常也沒什麼價值。看看Renaissance Technologies有出來分享他們的核心策略嗎？Medallion Fund據報導年化報酬率高達60-70%！人家光data pipeline每天燒的錢比你年薪還多，用複雜的數學模型挖掘市場微結構漏洞，內部連員工交易都嚴格限制，這麼強的策略為什麼沒人能複製？因為真正有效的策略核心往往是動態適應市場環境的能力，而不只是固定的交易規則。啊如果這種策略真的能輕易分享，Citadel早就派裝甲車來搶了好嗎！所以我就不懂那些整天高談闊論自己策略「細節」的人在想什麼。
啊你可能會說：「沒有啊，人家Jesse Livermore還有海龜就有公布策略啊！人家策略一樣簡單又有用啊！」那我只能說，你就是那個會被騙的人，不收割你收割誰啊？畢竟如果市場上的alpha這麼好找，機構還需要研究團隊幹嘛？（留言續
/"
貼文260_第2串,"現在都2025年了，市場結構已經與海龜交易法則或Jesse Livermore時代完全不同。當年的市場流動性、交易速度、資訊落差，與現在的HFT、CTA、機構量化完全不是一個層級。現代CTA基金已經進化到使用Risk Parity、動態槓桿調整和Volatility Targeting來優化資本配置，你還以為單純依賴技術指標進出場然後控好心態就能賺錢？幹，去甲賽啦！
如果你對市場的認知不夠，你就會覺得那些突破買進是一個好策略，然後你就會傻傻的買一些奇怪的書，買一些奇奇怪怪的APP。然後你的床頭櫃上面擺的書，不是「三天教會你當沖交易」就是「什麼突破買進讓我賺千萬」這種垃圾書，反正突破買進加上心態控制就能收割一大票散戶，反正這些書主打投資很簡單，心態才是重點，你賠錢一定是心態不好，不是技術不到位🚬，然後你一直賠錢就會走上出家修行之路，把自己搞得像神經病。一切都是套路啦！
市場是動態的，真正能長期存活的策略，必須隨環境變化不斷優化，結果一堆人還在分享「固定交易邏輯」，甚至沾沾自喜？連基金經理人都知道策略會衰退，必須不斷迭代才能找到alpha，你卻覺得自己找到聖杯？甲賽啦（留言續
/
View 1 more"
貼文260_第3串,"今天早上腦子差點炸開，一個香港人來私訊我，問我投資的問題。說是朋友介紹來的，想請教一些投資建議。我本來想簡單回覆就好，但發現三言兩語真的解釋不清楚，就答應跟他通個電話。
不通電話還好，通了電話差點當場吐血。我印象中他講了：「我看到川普最近對中國加徵關稅，這是不是代表我應該馬上賣掉所有中概股？但他又說跟烏克蘭談判進展順利，所以我又不確定了。」我解釋政治人物的言論不該直接當成投資依據，他卻繼續追問：「那我該怎麼判斷川普哪句話是真的？你是量化投資人，那有沒有什麼指標可以量化他的可信度？」
我嘗試跟他解釋地緣政治的複雜性，他卻鑽進另一個奇怪問題：「台積電在美國設廠，我算了一下，每股EPS可能會減少1.5元，所以股價應該會跌25元對吧？這樣我是不是該賣掉？」我嘗試解釋台積電的決策背後有更深層的地緣政治考量，不是單純用EPS計算就能評估的。
我印象中他還問了：「如果川普反悔了，會不會放棄台灣？我看到一個分析師說機率是37.5%，這個數字準確嗎？」我差點笑出來，問他這個精確到小數點的機率是怎麼算出來的，他居然說是某個YouTube頻道的分析師說的。（留言續
/"
貼文260_第4串,"最讓我頭痛的是，我花了二十分鐘解釋為什麼不能只看政治人物的表面言論，而要理解背後的戰略意圖，他聽完後的提問是：「所以你的意思是我該追蹤川普的哪個社群媒體帳號才能獲得最準確的投資訊息？」
我還記得他問：「澤倫斯基跟川普吵架然後道歉，這是不是意味著烏克蘭股市會先跌後漲？有沒有什麼ETF可以做這個波段？」我很想反問他「你是有投資烏克蘭股市是不是」？….然後我試著解釋這些政治表演的本質，他卻糾結於：「那麼這個消息對黃金價格的影響是漲還是跌？有辦法量化的出來嗎？」
通話結束時，我已經精疲力盡。我想告訴他的是，投資不是跟著政治人物的推特起舞，而是理解深層的地緣政治邏輯。但看來這種思維方式對某些人來說，就像是在教魚爬樹一樣困難。
下次有人問我投資建議，我一定要先問清楚他的思考模式再決定要不要回答。不然我的腦細胞真的會不夠用...
/"
貼文261_第1串,"過度避險反而會害你賠更多，這是常識，但很多人就是看不開。前陣子跟一個科技業朋友聊到他的ETF投資法，聽完覺得有一些問題，他每個月定期定額買0050（市場大跌會加碼），￼還硬要拿5%本金去買價外put，美其名是學塔勒布對沖黑天鵝，結果根本在做白工。
塔勒布說極端事件一定會發生，只要持續買保險（價外put），總有一天會中大獎。但問題是，塔勒布玩的是用超低成本押注市場崩盤，不是每個月乖乖繳高額權利金，根本是把錢往水裡丟。做避險不考慮宏觀環境，無腦對沖很可能把自己績效弄得比買債券還差
這位仁兄光過去五年就燒掉30萬權利金，績效算下來還輸給躺著買債券ETF的阿伯。就以2023年市場反彈20%那次，他的避險部位吃掉1/4獲利。這種操作只能說「上漲吃不到，下跌保護又不夠」，還不如單純定期定額擺著不管。
算給他聽更傷人：從2018年抱0050到現在，不瞎搞避險直接多賺15%，還省下30萬保險費。我們算過機率：2018到2025總共86個月，真正需要避險的暴跌只有2020和2024兩次（機率2.3%）。為了這2%機率，他硬在其他84個月持續付保護費，這種生意你敢做？（留言續
/"
貼文261_第2串,"後來看不下去，幫他搞了套動態波動閾值系統，效果直接海放原策略。簡單來說，看波動率飆高就自動減股加債，市場冷靜再慢慢買回來，搭配宏觀基本面再配置一些大宗商品期貨，不全然是單純的再平衡，但跟單純買SPY然後狂對沖相比，這套系統七年多賺10%報酬，2022大崩盤時最大回撤壓在15%以內（SPY那次摔23%）。夏普率從1.1跳到1.4，等於每承擔1單位風險多賺0.3單位報酬。光是今年Q1就閃掉1月修正，2月反彈時還加碼賺到8%超額報酬，七年累積報酬整整比原本的狂對沖還多35%。但就算你不用這麼複雜，單純定期定額+調配股債比例，績效也比原本瞎對沖要好很多～
所以各位回去可以算一下，你的避險策略如果每年吃掉2%成本，七年下來複利效果差多少？這還不算你少賺的上漲波段。與其每月傻傻繳保險費，檢視自己的避險成本是否壓在0.5%以內？自己的策略是否可以彈性根據VIX指數或選擇權隱波設定觸發點並做到動態再平衡？
下次看到有人吹捧全天候避險，先別急，檢視一下夏普率、索提諾比率有多少，再來評估一下這種全天侯避險划不划算
/"
貼文262_第1串,"（文長，再次勸退想靠交易養活自己的人…）
十五年前在外資投行當分析師時被主管罵到臉紅，如今能在咖啡廳用筆電完成交易，中間經歷了無數個失眠的夜晚和反覆修改的程式碼。那些宣傳翹著二郎腿在沙灘旁喝椰子汁敲敲鍵盤就能致富的人，大概沒體會過凌晨四點被市場波動驚醒、緊急處理爆倉風險的感覺。這種只展示光鮮一面與交易的殘酷現實相去甚遠。
2015年從投行辭職時，正值中國股災蔓延全球，我選在這時候拿出積蓄租下內湖一間小辦公室。第一年幾乎是場災難，光是四台高效能工作站、Bloomberg終端機月租12萬、Reuters數據源每月8萬，加上每年更新的Matlab授權費15萬，每月固定成本就超過25萬，而策略收益卻遠遠跟不上。
最初專注的股指期貨統計套利在2015年底的高波動環境中頻頻失效，六個月虧掉了初始資金的30%。那時候冬天，我把辦公室暖氣關掉省錢，只穿著厚外套，連續三週每天工作16小時重構算法。2016年初，美股經歷了史上最糟糕的開年表現，我的系統卻在這片混亂中發現了美債期貨與亞洲股指期貨之間的領先-落後關係出現異常延遲，這個小小的時間差異成了轉折點。（留言續
/"
貼文262_第2串,"2016年中，英國脫歐公投震驚市場，我的系統在投票結果公布前就捕捉到了英鎊期貨的異常波動模式。那晚我在辦公室通宵，看著屏幕上的交易自動執行，第一次感受到算法真正活了起來。然而好景不長，2017年初系統過度擬合歷史數據，在一次法國大選民調發布後的急劇波動中，三個月的獲利在兩天內蒸發
那是最黑暗的時刻，幹，辦公室租約即將到期，然後房東準備漲房租，設備維護費用快付不出來，甚至考慮回去投行繼續賣命。但是人在極端環境就偏偏能逼出潛能，我偶然發現了VIX期貨曲線結構中的季節性模式，重新設計了一套基於波動率期限結構的交易邏輯。2017年8月北韓導彈危機引發的市場恐慌中，這套系統首次展現出驚人的穩定性
2018年初加密貨幣泡沫破滅，我沒有參與其中（那時候我對web3認知也還不夠），我專注於發展跨市場策略，同時監控亞洲四個主要交易所的價格差異。每天處理約8TB的tick-level數據，尋找各市場間的相關性偏離。那年美股二月閃崩，VIX暴漲，我的系統在混亂中捕捉到了ETF與期貨之間的錯誤定價，但執行時遇到嚴重滑點，三分之一的潛在收益被市場流動性枯竭吞噬。這次教訓讓我重新設計了整個流動性評估框架（續
/
View 2 more"
貼文262_第3串,"當年大家用 Python爬 Yahoo Finance 股價，現在這套路換成 n8n，加上 TradingView webhook + exchange API，就變成全自動化量化交易？其實換湯不換藥，看到YT有人在介紹這個，然後把它做成量化交易課程，其實本質上就很像強化版的爬蟲🤔
平心而論，n8n 是一個不錯的流程工具，本質上只是 workflow automation，它可以提升交易效率，減少人為錯誤，用途很廣，但它不等於 alpha generation！
市場的非效率來自資訊不對稱和投資人的認知偏差，至於你爬了多少資料反而只有解決前半部分的問題。就以EMH半強式觀點來說明，公開資訊已經被價格反映，即使你透過 n8n 獲取更多公開數據，也只是縮小資訊處理速度上的劣勢，也不能彌補策略和認知上的盲點，市場不是誰拿到訊號快就能贏，而是誰能正確解讀訊號並制定合適策略，否則只是加速系統化的燒錢。（留言續
/"
貼文262_第4串,"n8n 的限制也很明顯，它不是 HFT 工具，因為它基於 Node.js，執行效能比不上 C++ / Rust 這類編譯語言，適合中低頻交易（分鐘到小時級別），但不適合毫秒或微秒級執行。也要靠第三方 API，大多數交易所 API 有速率限制和請求配額，一旦你交易量變大，延遲和穩定性問題會顯著影響你交易結果。
然後我要強調，n8n 不是 machine learning platform，它無法幫你訓練和優化 predictive models，更別說做複雜的 feature engineering 和模型評估，你用它生成研究報告，或許你產出速度比人工還快，但做出來的報告質量跟決策品質絕對跟專業分析師人工做出來的差很多～
真正有價值的應用是 data collection, monitoring, order execution for predefined strategies，n8n 能幫助你執行已有的交易邏輯，但決策分析還是要靠自己，用錯工具或過度依賴自動化而忽略策略本質的話，它只會讓你更有效率地成為市場中的 exit liquidity
/"
貼文263_第1串,"更現實的是，現在專業機構早就不用裸看VIX了啦！我們會搭配VIX3M(三個月波動率預期)來看期限結構，再對比realized vol有沒有背離。例如聯準會會議前，VIX還在18左右，但VIX3M已經悄悄爬到25，這種時候就要警惕市場可能低估短期風險了。
還有一點很多人忽略的是，VIX指數本身只反映標普500指數的預期波動，但現在全球市場聯動性更強，美股波動不一定代表亞股或新興市場會跟著走。像2022年台股大跌時，VIX其實沒有特別高，因為那時候是台積電等科技股獨立修正，與美股整體氛圍並不完全同步。
還有要小心的是波動率風險溢價的存在。長期統計來看，VIX指數普遍會高估實際發生的波動率約2-4個百分點，這也是為什麼賣出波動率策略長期來看能獲利的原因。但這種風險溢價在市場極端時刻會迅速消失甚至反轉，導致很多波動率賣方突然爆倉。
所以，VIX還是要看，絕對不要傻傻單押這個指標。就像你看台股不會只看加權指數，還要看櫃買、期貨逆價差、甚至外資留倉部位。要判斷市場情緒，現在至少要抓五個指標交叉驗證比較妥！在這個AI交易當道的時代，單一指標的參考價值已經大不如前了🚬🚬
/"
貼文264_第1串,"姪子說，有人教他「新手不適合做選擇權賣方，因為風險無限」…
我整個問號？我怎麼覺得…這些「新手不適合賣方」的言論，就是要讓新手乖乖去當韭菜買期權，好讓市場輕鬆收割 Theta？
先講重點，做買方真的比較適合新手？你有沒有想過買方問題更大？期權買方的勝率本來就低，因為隱含波動率通常被高估，加上 Theta 衰減，市場不動就等於每天在繳學費。更慘的是，市場大部分時間都不會出現劇烈波動，結果就是買方一邊幻想暴利，一邊資金慢慢蒸發，最後不是行情來不了，就是來了也沒賺到，這叫適合新手？這叫穩定被市場割韭菜。
/"
貼文265_第1串,"再來，賣方風險真的無限？這種說法聽起來就知道沒在交易。市場上那麼多做市商、機構、專業交易員，怎麼可能傻傻去承擔無限風險？人家用信用價差、鐵鳥、適當避險來控管風險，結果一堆外行人只會拿「無限風險」這句話來嚇唬新手。講白了，做期權賣方要懂風控，但問題是做買方就不用學習嗎？買方一樣需要策略管理，否則就是不斷交學費的提款機。
事實是，新手無論做買方還是賣方都要學風控，差別在於買方的錯誤更難被修正，因為時間價值一直在對你不利，等你發現問題，錢早就不見了。真正的問題不是做買方還是賣方，而是你到底懂不懂市場規則，不然不管你做哪邊，市場都會把你當韭菜收割！
/"
貼文266_第1串,"每次看到老巴手上握著一堆現金，市場就開始亂猜，是不是他又嗅到什麼系統性風險了？更有趣的是，平常大家都在喊現金是垃圾，看到老巴囤現金，卻又開始擔心自己是不是錯過什麼訊號，￼然後就開始用陰謀論來看投資～這種市場心理真的很微妙。
其實，現金不是什麼垃圾，也不是萬能的答案，而是一種很講究時機的戰略性資產。老巴持有現金，不是因為他要預測市場崩盤，而是因為他覺得現在的市場風險溢價太低，找不到好的投資標的（講白話一點，就是市場整體估值偏高，投資的潛在回報不足以補償風險，￼你也可以這樣理解，當市場過於樂觀、資產價格被炒到過高時，老巴會選擇持有現金，等待更好的機會）。現金給了他擇時能力，讓他能等到真正的機會出現。就像2008年金融海嘯時，他用現金進場抄底高盛，這波操作的報酬率後來超過200%，完美詮釋了現金的期權價值。
很多人怕通膨會讓現金貶值，這想法沒錯，但要看市場環境。當資產價格因為升息而大跌時，現金的相對購買力反而會上升。想想看，如果市場跌了30%，就算通膨吃掉你10%的購買力，你還是能用現金買到更便宜的資產。這就是為什麼老巴說：市場貪婪時要保持謹慎，市場恐慌時要大膽進場。
/"
貼文267_第1串,"老巴還有另一層考量，就是資本配置。伯克希爾這麼大的企業，需要保持充足的流動性來應對各種機會，特別是併購機會。如果遇到短期美債利率5%，這種無風險利率的收益，對他來說也是不錯的現金管理策略。
就我對老巴的觀察，你不能把現金解釋成萬能，但它也不是垃圾，而是一種戰略性工具。在不同的市場週期裡，它扮演不同角色：有時是避險，有時是進攻，靈活應對～
/"
貼文268_第1串,"有朋友私訊我IG說選擇權很難懂？😑我說「會嗎？有很難懂嗎？」…「你就去想像一下你在熱炒店遇到喝到茫還想裝懂經的阿伯」（本篇有大量不雅用詞，請小心服用）
《買權篇：熱炒賭局就是Call 》
你今晚在熱炒店點了蒜蓉鮮蝦、三杯中卷、鳳梨蝦球，啤酒灌了三手，突然發現冰箱只剩兩隻蝦！這時候你揪隔壁桌叼著檳榔的阿明：「兄弟，這桌算你的，要是吃不完我幫你付一半，但要是吃到不夠...」
「你賠我一瓶58金門高粱！」
這就是買權(Call)啦幹！
權利金 = 那桌菜的押金（你請阿明喝酒的錢）
執行價 = 一瓶高粱（約定賠償的標準）
到期日 = 老闆喊「最後點餐」的時間
結果阿明真的帶8個兄弟來嗑光整桌，你就要去7-11賒帳買高粱了！這就是買方風險啊！（然後被老闆娘拿掃把追著打）
/"
貼文269_第1串,"《賣權篇：檳榔攤的Put心機 》
隔壁檳榔攤老闆聽到賭局，叼著菸衝出來罵：「我才要避險咧！你們這群肖欸喝到三點，突然帶50個親戚來吃免錢的，我要去哪裡生三杯雞啦？」
他馬上跑去跟豬肉攤阿珠姨簽密約：
「阿珠我每天跟你訂10斤肉！」
「要是沒用到，你賠我5斤！」（這叫賣出賣權）
「但要是用到20斤，我補你雙倍錢！」（這就是保證金追繳啊！）
結果熱炒店真的爆滿，老闆哭著求阿珠：「我要20斤五花肉！」阿珠冷笑：「可以啊，一斤算你300！」（市場價原本150）這就是波動率飆高的後果啦！檳榔攤老闆當晚直接哭到去收驚。
/
View 3 more"
貼文270_第1串,"昨天跟文科畢業的姪子分享期權策略，讓我回想到以前大學修金工第一學期，不知天高地厚亂摸期權的時候，我真的以為自己很懂——結果根本在瞎搞！
像第一次做跨式組合Straddle，還傻傻覺得只要猜對漲跌就穩贏，完全沒抓到重點其實是波動率曲面會動態變化啦。那時候連VIX指數都看不懂，還以為那個數字就是全部，後來有次看到前東家交易室的螢幕才嚇到，人家是用SABR模型在調整三維曲面參數（標的價、履約價、到期日全都要算），Vega和Gamma的曝險部位根本是毫秒級在跳動。
更扯的是，股票期權其實很少用Black-Scholes，實務上局部波動率模型Local Vol才能處理微笑曲線歪掉的狀況，真的要玩深的話還要上隨機波動率模型像Heston這種的。那時候金工差點被當掉，但為了搞懂這些，我硬啃John Hull那本衍生性金融商品（聽說後來改版蠻多？），真的是差點沒崩潰！光Black-Scholes公式的推導就卡了半天，風險中性定價那邊根本像在看外星文。
/"
貼文271_第1串,"不過撐到後來上課上到波動率衍生品章節才有開竅，才知道方差互換的定價邏輯是在算市場對未來波動率的共識預期（用數學講就是取波動率平方的平均期望值啦），而且書裡提到用真實機率測度做壓力測試，這才發現學術模型和實戰根本兩個世界。
實際下單的教訓更血淋淋。以前很天真用Excel手算Delta，收盤前固定調整部位，自以為這樣就能吃到波動率。直到去參加密技研討會，聽到造市商在講他們用毫秒級演算法自動平衡部位，我才驚覺自己連幼幼班都算不上！不過後來想通，散戶真的不用跟機構拼速度，改抓事件驅動對沖（像台積電法說會前後狂調部位）反而比較實際。
另一個超慘的誤區是Gamma Scalping——那時候傻傻以為有正Gamma就穩賺，結果根本沒注意條件要「Gamma賺的價差 > 時間價值耗損」（白話文：價格波動夠大才能Cover時間價值流失），遇到盤整期根本被Theta咬到失血。風控的部分也是繳夠學費才學會。最早只會設固定停損點，結果2020年3月看到原油期貨跌到負的，整個嚇爛！現在才知道要用CVaR搭配流動性壓力測試，遇到極端行情才不會直接畢業。
/
View 1 more"
貼文272_第1串,"最近在一場分享會上，聽到一個有趣的觀點，拿出來跟大家分享。雖然我對原油與 Web3 的關聯有些基礎認知，但這次的論點完全顛覆我的直覺——原油價格的波動，正在加速瓦解原油自身的定價體系，而 Web3 技術正是關鍵催化劑。主講人提出一個邏輯：高油價會刺激石油公司大量採用區塊鏈技術來規避美元結算體系，反而導致油價定價權分散化。
具體來說，當油價突破 100 美元時，俄羅斯、伊朗等受制裁國家會加速部署石油+區塊鏈的結算方案（EX:石油背書的穩定幣）（我雖然不認同短期內石油穩定幣能取代美元結算，畢竟流動性與法規障礙巨大，但必須承認這種趨勢正在削弱 OPEC 的傳統話語權。）
更反直覺的是，低油價反而鞏固 Web3 與原油的共生關係。 主講人指出，當油價低於 50 美元時，頁岩油商為降低成本，會將閒置鑽井設備轉型為比特幣礦場（德州已出現實例）。（對此我持部分保留——這種轉換的經濟效益取決於電力價格與加密市場週期，實際操作中恐怕多為短期套利。但不可否認，這種「能源-算力」的動態轉換確實是商業模式上的突破。）
/"
貼文273_第1串,"最諷刺的是，他說全球 23% 的天然氣燃除正在被 Web3 技術貨幣化。 石油公司透過區塊鏈將廢棄天然氣轉化為比特幣算力（如 Crusoe Energy 的案例）。（我質疑這類案例的規模效益，畢竟燃除氣體收集成本高昂，但必須承認這種「廢棄物資本化」的邏輯，正在改寫原油產業的邊際成本曲線。）
這場分享徹底打破我對原油影響 Web3的單向認知。儘管部分論點有待商榷，不確定web3生態鏈朋友怎麼看？但主講人揭示的「互相寄生又互相吞噬」的反身性，確實顛覆我對傳統能源與數位經濟的理解
/"
貼文274_第1串,"早上在社區一樓星巴克喝咖啡看早報，聽到隔壁兩位六旬阿北在討論台海危機，我在旁邊聽了覺得很有趣，忍不住蹭上去討論，順便發揮我的杠精本色。
👴🏼A：「唉，台灣啊，不過就是美國的一顆棋子，隨時要丟就丟。」
👴🏼B：「對啊，川普那種人，搞不好就像對烏克蘭一樣，直接放生我們。」
我一邊喝咖啡一邊笑了一下，忍不住插話：「兩位大哥，不好意思，我剛剛聽到你們在討論台灣的事，這個觀點我覺得有點意思，但可能不太對喔。」 我感覺這兩老頭可能被洗腦洗太深，想幫他們把腦洗回來
👴🏼A：「怎麼不對？國際政治就是這樣啊，台灣有什麼資格讓美國真心支持？還不是看我們有利用價值，川普上任我們就是一個棋子，哪裡不對？」
👴🏼B：「對啊，美國的利益至上，台灣就是個棋子而已。」
我：「大哥，這話說得也太簡單了吧。就算台灣是棋子，但台灣可是全世界最厲害的高科技棋子。光說台積電全球九成的先進半導體產能都在台灣，美國如果放棄台灣，那不就等於把自己的科技命脈交到中國手上？你覺得美國會笨到做這種事嗎？」
👴🏼A（臉上不屑）：「半導體再怎麼重要，還不是棋子。美國要是真的想放棄，誰攔得住？」
/"
貼文275_第1串,"我：「大哥，台灣的半導體產業不是什麼小棋子，而是全球供應鏈的核心。你想想看，台積電一倒，美國的科技產業就得跪，國防科技也會被拖垮。這種後果，美國怎麼可能承受得起？川普再怎麼瘋，他也不會不懂這個道理。」
👴🏼B（皺眉）： 「可是川普跟拜登不一樣啊，川普那種人，搞不好真的會放生我們。」
我笑了一下，想開酸但我克制住：「川普？大哥，你覺得川普是笨蛋嗎？烏克蘭跟台灣能一樣嗎？丟掉烏克蘭，美國頂多在歐洲少一個棋子，但丟掉台灣呢？丟掉台灣等於美國直接放棄整個東亞，讓中國主導這裡。這種事情，無論誰當總統，都不可能做。」
👴🏼A（有點不耐煩）： 「那你是說中國一點機會都沒有囉？解放軍那麼多艘軍艦，台灣撐得住嗎？」
我：「大哥，嘴巴上可能，事實上不可能。中國現在經濟有多慘你們知道嗎？房地產爆了，地方債危機，錢都快不夠用了，還想打跨海戰爭？光是經濟成本就壓得他們喘不過氣來了。再說解放軍，貪污問題嚴重，一堆將軍倒台，軍隊戰鬥力早就被削弱了。這樣的軍隊，就算人多又怎樣？現代化戰爭靠的是科技和實力，不是人頭堆出來的。」
/
View 2 more"
貼文276_第1串,"最近有很多人問我：欸，你覺得我應該辭職出來專職做投資嗎？
其實這個老掉牙的問題，我聽了十年都還是覺得很難回答，因為每個人的情況都太不一樣。但如果你只是因為單純討厭工作環境，討厭老闆，討厭同事，就想要離職自己出來做投資，可能就要面對殘酷的事實：連同事老闆都沒有辦法handle，要handle充滿未知變量的市場可能難度更高。
但如果你真的認真在考慮這件事，我建議你一定要先把幾個重點想清楚。這些問題是你必須面對的，畢竟市場是很殘酷的，沒有做好準備，光靠熱情或衝動真的撐不住。
首先，如果你是靠技術分析起家的，請務必要認清一件事：市場是會變的，甚至變得比你想像中還快。你現在用的策略，可能是因為市場目前的結構剛好適合，但未來呢？市場效率越來越高，機構的量化程式越來越強，市場的波動性也可能越來越低，你的策略一旦失效，你有Plan B嗎？技術分析的核心在於找到規律，但這些規律有時候是短暫的，甚至是隨著市場參與者的行為改變而消失。當你的策略不再有效時，你有能力快速調整，或者重新建立新的策略嗎？如果沒有，那你可能只是賭自己運氣好，而這樣的心態，真的不適合專職投資。（串文繼續
/"
貼文276_第2串,"再來，如果你有家庭、有小孩，這件事情更要慎重考慮。投資不是每天都在賺錢，甚至有時候會連續幾個月都在虧損。你能保證你的另一半，甚至你的孩子，能夠忍受這種壓力嗎？當你的帳戶在逆風期不斷縮水時，你的家人會不會開始質疑你的選擇？這種壓力不是只有你一個人扛，是整個家庭都會一起面對的。如果你沒有辦法跟家人溝通好這些事情，那麼專職投資可能會給你的生活帶來更多的問題，而不是解決問題。
還有一個很現實的問題：突發狀況怎麼辦？市場有時候就是會出現黑天鵝事件，像2020年的疫情誰能預料到？如果你突然需要一筆錢應急，你的資金配置能夠支撐嗎？你要知道，投資的資金是不能隨便動的，因為一旦你動了，就可能打亂你的策略，甚至讓你陷入更大的風險。你有沒有準備好一筆緊急備用金，能夠讓你在任何情況下都不會影響到你的投資計畫？如果沒有，這可能是你還沒準備好辭職的信號。
/
View 2 more"
貼文277_第1串,"如果你不想花錢買主動基金，也不想承擔個股風險，那麼成為自己的基金經理是可行的，有一些策略可以幫你來實現目標(不容易做到，但絕對可行)。買美股大盤ETF或是台股0050不用擔心回調風險的操盤方式，核心在於如何平滑績效，同時在限定的風險範圍內打敗無風險利率與黃金的報酬率。
首先，可以採用動態波動率權重系統，根據市場波動率的變化來調整ETF的持倉比例。例如，可以使用VIX指數與20日實際波動率的比值來計算風險權重，當VIX低於20時啟動防禦機制，將股債配置從80/20調整至60/40，並加入美國長期國債(TLT)作為對沖工具。這樣的動態再平衡能夠在市場波動時降低回撤風險，同時保留一定的上漲空間。
其次，透過期權策略進一步保護資產組合，可以考慮每月賣出2%價外看漲期權Covered Call來收取權利金，並用這些權利金購買3%價外看跌期權Protective Put。我習慣稱呼它叫龜殼組合，能在市場回調時提供保護，而在市場上漲時也能保持一定的收益。此外，當周波動率快速飆升（超過10%）時，可以額外買入VIX看漲期權進行Gamma Scalping，進一步降低波動對投資組合的影響。
/"
貼文278_第1串,"另一個方法是利用跨市場波動率套利，通過黃金與原油的波動率差異來進行調整。例如，當商品波動率指數OVX高於股市波動率VIX15%時，可以將5%的ETF部位轉入做多波動率ETF(UVXY)，並同時建立反向跨式組合Reverse Straddle來鎖定價差。這種策略可以在市場波動性加劇時提供額外的收益來源。
需要注意的是，這些方法雖然能有效降低回撤風險，但也存在一些限制與缺點，可以自行評估效用。首先，頻繁的調整會產生流動性摩擦成本，可能導致每年0.3%至0.5%的效能損失。其次，在單邊牛市中，這些策略的收益通常會落後於純多頭策略，沒辦法兩全其美，因為你要的是穩定成長，得放棄一部分資本利得，少賺8%至12%也不要太過心疼。此外，極端市場事件中，對沖策略可能需要3至5小時的執行時間，這段對沖真空期會帶來短暫的風險敞口。
從風險調整後的報酬來看，這些策略的目標是提升夏普比率，通過非對稱波動捕獲的方式實現更高的風險回報比率。理想狀態下，上漲波段的參與率應維持在85%以上，而下跌波段的曝險則控制在45%以下，這樣能形成凸性的報酬曲線，使夏普比率達到1.8甚至更高。
/
View 1 more"
貼文279_第1串,"看到thread上有人把交易類比成德州撲克，這觀點有趣但不完全正確。雖然兩者都涉及期望值，但本質差異巨大，為什麼我這麼說呢？
德州撲克是封閉系統，規則固定、變量有限，期望值可透過概率計算得出。而金融市場是開放系統，規則動態且變量無窮，價格隨時受政策、流動性等外部因素影響，機率分布非線性且不可預測。
撲克的信息不對稱可用貝葉斯更新縮小範圍，而市場的不對稱則來自無法壓縮的複雜性，如政策轉向或流動性衝擊。更重要的是，撲克的風險局限於單局，而市場存在系統性風險，例如相關性破裂或尾部事件。
大多數人搞錯一件事，不管投資也好，交易也罷，皆非單純的期望值遊戲，而是對非遍歷性與動態風險的掌控。真正的Alpha來自對市場結構與資訊優勢的深刻理解，而非簡化為概率計算～所以別再把交易當成打牌遊戲，兩者差異甚大"
貼文280_第1串,"跨品種套利其實有一些些小技巧，但核心在於理解相關品種之間的邏輯關係，並利用市場錯配來獲利。我就以2022年俄烏戰爭期間的一次裂解價差套利交易，來分享整個操作的過程和心得(已發生既定事實，不構成未來投資建議)。
當時，俄羅斯的能源出口受到制裁，歐洲的原油供應減少，而煉油廠的開工率因庫存不足而受到壓力。同時，汽油庫存降至十年來的低位，市場對汽油的需求卻因夏季駕車高峰期而持續增長。在這種情況下，原油和汽油的價差（裂解價差）出現了異常的縮窄，當時裂解價差降到了每桶8美元，比五年均值低了30%以上。這是一個明顯的市場錯配信號，因為在供應緊張和需求旺盛的情況下，汽油價格理應相對更強。
我的交易邏輯是：裂解價差過低，意味著市場低估了汽油的供需緊張程度，未來價差可能會擴大。因此，我決定做空原油期貨（WTI）並做多汽油期貨（RBOB），進行跨品種套利。(串文留言續)
/"
貼文280_第2串,"進場之前，可以先計算了合理的對沖比例。根據煉油產出比例，大約每1桶原油可以產出0.43桶汽油，因此我估算後以1:2.3的比例來建倉。同時，考慮到RBOB汽油期貨合約是以42,000加侖為單位，而原油期貨合約是1,000桶，這裡還需要進一步調整倉位，確保對沖比例精確。
最終，我決定建倉10手WTI原油空單，對應23手RBOB汽油多單。這樣的倉位設置可以在裂解價差擴大的情況下獲利，同時控制風險。
/"
貼文281_第1串,"《新加坡投行尋找Alpha的甘苦談》
當時在2010年，我還是個剛進新加坡投行的菜鳥，對一切都充滿憧憬，但也很快被現實狠狠地上了一課。那時候，我們團隊的基金經理是一個非常粗魯的澳洲人，說話帶著超重的昆士蘭口音，對新人也是沒在客氣，有一次開會時他直接丟了一份報告給我，冷冷地說：「Mate, if you can’t give me a proper valuation by tomorrow, don’t bother showing up.」當時大概只聽得懂6成，只能硬著頭皮點頭。結果隔天交上去的報告被他當場撕掉，還扔下一句：「What a bloody joke!」那種羞辱感，至今都記得，不成長就只能被淘汰。後來我們正在進行一個針對東南亞消費品市場的併購案，標的是一家印尼的食品公司。澳洲佬對這家公司表面上的高 EBITDA margin 和穩定的 revenue growth 非常感興趣，甚至已經在內部會議上大肆宣傳這是一個no-brainer deal。（留言處繼續）
/"
貼文281_第2串,"但我在翻財報的時候，發現了一些奇怪的地方，比如應收帳款的增速遠高於營收增速，現金流量表裡的 operating cash flow 雖然看起來健康，但實際上是靠延長供應商付款週期撐出來的。
為了搞清楚真相，我被派去雅加達進行實地調研。那次調研真的讓我見識到什麼叫做投行的真功夫。不僅要和公司管理層面談，還要偷偷拜訪當地的經銷商，甚至假裝是市場調研人員去和零售商聊天。我記得有一個經銷商老闆告訴我，他們的倉庫已經堆滿了這家公司的產品，但銷量卻根本跟不上壓貨的速度，甚至有些產品已經過期了。這些壓貨行為，完全沒有在財報裡體現出來，但卻是這家公司短期內維持高增長數字的關鍵。這些發現讓我在內部報告裡大膽提出了質疑，還用了 scenario analysis 模擬了幾種可能的風險情境，包括經銷商因庫存過剩而停止進貨，導致未來兩個季度營收斷崖式下滑。澳洲經理 看了我的報告後，雖然臉色很臭，但還是決定延後 deal closing，並要求目標公司提供更詳細的庫存管理計劃。那次，我第一次感受到，數據分析的價值不僅在於找到答案，更在於提出讓人無法忽視的問題
/"
貼文282_第1串,"說他人是倖存者偏差之前
先看看他人付出了多少
然後再低頭看看自己做了多少努力🤷🏻‍♂️🤷🏻‍♂️🤷🏻‍♂️
再來說倖存者偏差🚬🚬🚬"
貼文283_第1串,"AI量化交易是否會全面取代主觀交易經理人?回答這個問題之前呢，先知道A I的優勢在哪裡。AI的確擅長pattern recognition和NLP，能快速分析數據甚至有些人做到量化情緒，至於理解人類的非理性行為、辨識黑天鵝事件以及解讀非結構化數據，對A I來說還是有困難。有時市場中驅動價格的往往是羊群效應+黑天鵝事件，這些是AI很難在模型中模擬預測的。更別提，garbage in, garbage out，AI的決策完全依賴於數據質量，而市場未來的未知性更是它的致命弱點。相比之下，主觀經理人的優勢在於intuition and adaptability，善用人類的捷思法迅速辨識交易機會，直觀的優勢就是從模糊訊號中提煉出價值，快速應對未知的市場風暴，這得要仰賴平常的認知累積，A I沒有辦法取代你的基本功。至於那些高喊「AI取代人類」的人，或許該認清一點：市場不是只有數據，有不少非理性的行為是AI無法觸及的領域～所以分析師的飯碗還能保一陣子～主觀經理人的優勢並不會那麼容易被取代。但會被取代的恰恰是那些過度仰賴結構化數據的量化團隊，alpha越捲越少大概就是盛宴該結束的時候了"
貼文284_第1串,"前陣子一堆人看到紅海衝突就在喊原油要漲到 100 美元，能不能先搞懂什麼是 Supply Chain Resilience？胡塞武裝襲擊商船的影響早被市場 price in 了，大玩家早就有 Alternative Route機制，繞好望角多點成本而已，小學數學都能算出來。還有那些喊地緣政治風險溢價的分析師，難道沒看到美國 Strategic Petroleum Reserve創 40 年新低嗎？前總統拜登政府補不補庫才是真正的問題，別只盯著航運保險費率漲多少，搞不清沙特和俄羅斯減產背後的 Game Theory，分析就別硬湊了。
更扯的是說委內瑞拉制裁解除能改變全球供應格局的，以為產能萎縮多年、基礎設施快爛光的國家能一夜恢復產量？如果真想了解原油市場，建議翻翻 IEA Monthly Oil Report，別整天跟著財媒炒冷飯。現在該關注的是美國頁岩油商的 Capital Discipline，而不是這些假新聞。
對了，特斯拉在中國市占率下滑，一堆人開始唱衰電動車對原油需求的影響，這種短視的 Demand-side Analysis真的無言。全球能源轉型是漸進的過程，別再鬧新的笑話了"
貼文285_第1串,"最近美國的 Reverse Repo Facility幾乎快被抽乾，市場上的 excess liquidity正在快速消失。這個工具原本是Fed用來暫時吸收金融體系中過多現金的，但現在餘額大幅下降，代表市場錢真的不夠用了。當流動性不足，borrowing costs會上升，金融條件變得更緊縮，甚至可能引發 systemic stress。這讓人開始討論川普之前喊的「要求聯準會降息」是否真的可能實現？
從邏輯來看，降息的確能短期內緩解流動性危機，讓資金更便宜，刺激經濟活動，但問題是現在的通膨壓力還沒完全解決，聯準會不太可能放鬆貨幣政策，因為這會讓 inflation expectations失控。換句話說，降息的政治誘惑雖然很大，但從目前的 macro environment來看，Fed 寧願讓市場感覺痛苦，也不會輕易妥協。
所以，川普的降息夢想短期內幾乎不可能實現，反而市場可能會面臨更大的 liquidity crunch，這才是真正需要關注的問題。
dc_economics"
貼文286_第1串,最近流行很多美債牛市結束的陰謀論，我嚴重懷疑一堆人把《Monetary Policy for Dummies》當成了聖經，才有辦法腦補出這麼多科幻情節🤣首先，聲稱「其他國家不買美國國債所以美聯儲接盤」基本就無視了Global Dollarization和美債市場的深度，Auction Mechanism了解一下？再來，說「美聯儲購短期債放棄收購長期國債，就會推高企業融資成本」更怪，企業融資管道那麼多，ex股權債權還有自由資金，為什麼會推升融資成本？對岸小粉紅想趁機看空美帝，也不檢視檢視邏輯謬誤～連美元貶值這種話都能噴，不了解Exchange Rate Mechanism的邏輯就會被牽著鼻子走，高利率環境下美元可是Safe Haven，這不是常識？要拿雷根大循環類比也要知道時代背景差在哪裡。至於把FED當成財政部的打工仔這種言論也是蠻多的，聽聽就好，不用太較真。最後，說什麼美債牛市結束的論點邏輯也有些簡化了，就算結束冷戰以來的全球一體時代，但美債的吸引力來自於美元的Reserve Currency Status和避險功能，這不是單純靠全球化決定的。除非美元霸權崩解，否則牛市難言結束。
